log_file,run_id,task_name,run_index,phase,scenario_name,scenario_type,delay_ms,requested_delay_ms,jitter_ms,loss_pct,bandwidth_kbit,main_effect_axis,match_id,side,success,rounds,reviewer_rejections,elapsed_seconds,total_tokens,quality_score,ground_truth_score,ground_truth_passed,retry_count,timeout_count,total_error_count,eval_mode,final_answer_length,n_messages
coding_task__r01_m01__sideA__three_day_tournament__factorial_baseline__run1__b408d9cc.json,b408d9cc,coding_task,1,three_day_tournament,factorial_baseline,factorial,0,0,0,0,,,r01_m01,A,True,3,0,93.01,267,5,5,True,0,0,0,heuristic,866,3
coding_task__r01_m01__sideB__three_day_tournament__factorial_delay_loss_jitter__run1__a42c38fd.json,a42c38fd,coding_task,1,three_day_tournament,factorial_delay_loss_jitter,factorial,300,300,30,5,,,r01_m01,B,True,3,0,162.61,290,5,5,True,0,0,0,heuristic,935,3
coding_task__r01_m02__sideA__three_day_tournament__factorial_jitter__run1__cd886217.json,cd886217,coding_task,1,three_day_tournament,factorial_jitter,factorial,50,0,30,0,,,r01_m02,A,True,3,0,147.03,330,5,5,True,0,0,0,heuristic,1094,3
coding_task__r01_m02__sideB__three_day_tournament__factorial_delay_loss__run1__2836b5a1.json,2836b5a1,coding_task,1,three_day_tournament,factorial_delay_loss,factorial,300,300,0,5,,,r01_m02,B,True,3,0,222.07,261,5,5,True,0,0,0,heuristic,824,3
coding_task__r01_m03__sideA__three_day_tournament__factorial_loss__run1__67b2074c.json,67b2074c,coding_task,1,three_day_tournament,factorial_loss,factorial,0,0,0,5,,,r01_m03,A,True,3,0,138.67,273,5,5,True,0,0,0,heuristic,895,3
coding_task__r01_m03__sideB__three_day_tournament__factorial_delay_jitter__run1__7992d282.json,7992d282,coding_task,1,three_day_tournament,factorial_delay_jitter,factorial,300,300,30,0,,,r01_m03,B,True,3,0,120.2,319,5,5,True,0,0,0,heuristic,1069,3
coding_task__r01_m04__sideA__three_day_tournament__factorial_loss_jitter__run1__0a94c5ea.json,0a94c5ea,coding_task,1,three_day_tournament,factorial_loss_jitter,factorial,50,0,30,5,,,r01_m04,A,True,3,0,232.49,263,5,5,True,0,0,0,heuristic,854,3
coding_task__r01_m04__sideB__three_day_tournament__factorial_delay__run1__75625ac0.json,75625ac0,coding_task,1,three_day_tournament,factorial_delay,factorial,300,300,0,0,,,r01_m04,B,True,3,0,121.85,241,5,5,True,0,0,0,heuristic,761,3
coding_task__r02_m01__sideA__three_day_tournament__factorial_baseline__run1__049a2f9b.json,049a2f9b,coding_task,1,three_day_tournament,factorial_baseline,factorial,0,0,0,0,,,r02_m01,A,True,3,0,94.04,291,5,5,True,0,0,0,heuristic,943,3
coding_task__r02_m01__sideB__three_day_tournament__factorial_delay_loss__run1__0cc7bcb7.json,0cc7bcb7,coding_task,1,three_day_tournament,factorial_delay_loss,factorial,300,300,0,5,,,r02_m01,B,True,3,0,103.27,288,5,5,True,0,0,0,heuristic,949,3
coding_task__r02_m02__sideA__three_day_tournament__factorial_delay_loss_jitter__run1__481f21f3.json,481f21f3,coding_task,1,three_day_tournament,factorial_delay_loss_jitter,factorial,300,300,30,5,,,r02_m02,A,True,3,0,283.54,286,5,5,True,0,0,0,heuristic,897,3
coding_task__r02_m02__sideB__three_day_tournament__factorial_delay_jitter__run1__06ddb2e9.json,06ddb2e9,coding_task,1,three_day_tournament,factorial_delay_jitter,factorial,300,300,30,0,,,r02_m02,B,True,3,0,296.16,204,5,5,True,0,0,0,heuristic,625,3
coding_task__r02_m03__sideA__three_day_tournament__factorial_jitter__run1__2c7f52f3.json,2c7f52f3,coding_task,1,three_day_tournament,factorial_jitter,factorial,50,0,30,0,,,r02_m03,A,True,3,0,143.82,293,5,5,True,0,0,0,heuristic,969,3
coding_task__r02_m03__sideB__three_day_tournament__factorial_delay__run1__99730ca3.json,99730ca3,coding_task,1,three_day_tournament,factorial_delay,factorial,300,300,0,0,,,r02_m03,B,True,3,0,168.84,348,5,5,True,0,0,0,heuristic,1191,3
coding_task__r02_m04__sideA__three_day_tournament__factorial_loss__run1__1e729491.json,1e729491,coding_task,1,three_day_tournament,factorial_loss,factorial,0,0,0,5,,,r02_m04,A,True,3,0,117.93,309,5,5,True,0,0,0,heuristic,1008,3
coding_task__r02_m04__sideB__three_day_tournament__factorial_loss_jitter__run1__49b4732f.json,49b4732f,coding_task,1,three_day_tournament,factorial_loss_jitter,factorial,50,0,30,5,,,r02_m04,B,True,3,0,111.74,252,5,5,True,0,0,0,heuristic,778,3
coding_task__r03_m01__sideA__three_day_tournament__factorial_baseline__run1__fc4363c4.json,fc4363c4,coding_task,1,three_day_tournament,factorial_baseline,factorial,0,0,0,0,,,r03_m01,A,True,3,0,369.0,267,5,4,True,0,0,0,heuristic,867,3
coding_task__r03_m01__sideB__three_day_tournament__factorial_delay_jitter__run1__96bae75d.json,96bae75d,coding_task,1,three_day_tournament,factorial_delay_jitter,factorial,300,300,30,0,,,r03_m01,B,True,3,0,140.17,301,5,5,True,0,0,0,heuristic,968,3
coding_task__r03_m02__sideA__three_day_tournament__factorial_delay_loss__run1__5decaa18.json,5decaa18,coding_task,1,three_day_tournament,factorial_delay_loss,factorial,300,300,0,5,,,r03_m02,A,True,3,0,153.47,278,5,5,True,0,0,0,heuristic,911,3
coding_task__r03_m02__sideB__three_day_tournament__factorial_delay__run1__a6c47d87.json,a6c47d87,coding_task,1,three_day_tournament,factorial_delay,factorial,300,300,0,0,,,r03_m02,B,True,3,0,308.45,269,5,5,True,0,0,0,heuristic,861,3
coding_task__r03_m03__sideA__three_day_tournament__factorial_delay_loss_jitter__run1__cf1790d1.json,cf1790d1,coding_task,1,three_day_tournament,factorial_delay_loss_jitter,factorial,300,300,30,5,,,r03_m03,A,True,3,0,122.37,307,5,5,True,0,0,0,heuristic,1016,3
coding_task__r03_m03__sideB__three_day_tournament__factorial_loss_jitter__run1__095eb07f.json,095eb07f,coding_task,1,three_day_tournament,factorial_loss_jitter,factorial,50,0,30,5,,,r03_m03,B,True,3,0,108.42,280,5,5,True,0,0,0,heuristic,901,3
coding_task__r03_m04__sideA__three_day_tournament__factorial_jitter__run1__6cf4690e.json,6cf4690e,coding_task,1,three_day_tournament,factorial_jitter,factorial,50,0,30,0,,,r03_m04,A,True,3,0,123.66,242,5,5,True,0,0,0,heuristic,765,3
coding_task__r03_m04__sideB__three_day_tournament__factorial_loss__run1__e675ccec.json,e675ccec,coding_task,1,three_day_tournament,factorial_loss,factorial,0,0,0,5,,,r03_m04,B,True,3,0,138.11,266,5,5,True,0,0,0,heuristic,861,3
coding_task__r04_m01__sideA__three_day_tournament__factorial_baseline__run1__b854a6a6.json,b854a6a6,coding_task,1,three_day_tournament,factorial_baseline,factorial,0,0,0,0,,,r04_m01,A,True,3,0,159.97,282,5,5,True,0,0,0,heuristic,912,3
coding_task__r04_m01__sideB__three_day_tournament__factorial_delay__run1__a17e8685.json,a17e8685,coding_task,1,three_day_tournament,factorial_delay,factorial,300,300,0,0,,,r04_m01,B,True,3,0,148.6,251,5,5,True,0,0,0,heuristic,790,3
coding_task__r04_m02__sideA__three_day_tournament__factorial_delay_jitter__run1__14f70bda.json,14f70bda,coding_task,1,three_day_tournament,factorial_delay_jitter,factorial,300,300,30,0,,,r04_m02,A,True,3,0,164.21,322,5,5,True,0,0,0,heuristic,1089,3
coding_task__r04_m02__sideB__three_day_tournament__factorial_loss_jitter__run1__19a3485d.json,19a3485d,coding_task,1,three_day_tournament,factorial_loss_jitter,factorial,50,0,30,5,,,r04_m02,B,True,3,0,138.97,238,5,5,True,0,0,0,heuristic,736,3
coding_task__r04_m03__sideA__three_day_tournament__factorial_delay_loss__run1__9e9ba039.json,9e9ba039,coding_task,1,three_day_tournament,factorial_delay_loss,factorial,300,300,0,5,,,r04_m03,A,True,3,0,526.13,273,5,5,True,0,0,0,heuristic,888,3
coding_task__r04_m03__sideB__three_day_tournament__factorial_loss__run1__ddcfe9b5.json,ddcfe9b5,coding_task,1,three_day_tournament,factorial_loss,factorial,0,0,0,5,,,r04_m03,B,True,3,0,157.81,247,5,5,True,0,0,0,heuristic,793,3
coding_task__r04_m04__sideA__three_day_tournament__factorial_delay_loss_jitter__run1__434639c2.json,434639c2,coding_task,1,three_day_tournament,factorial_delay_loss_jitter,factorial,300,300,30,5,,,r04_m04,A,True,3,0,150.23,209,5,5,True,0,0,0,heuristic,622,3
coding_task__r04_m04__sideB__three_day_tournament__factorial_jitter__run1__0356a937.json,0356a937,coding_task,1,three_day_tournament,factorial_jitter,factorial,50,0,30,0,,,r04_m04,B,True,3,0,389.23,265,5,5,True,0,0,0,heuristic,800,3
coding_task__r05_m01__sideA__three_day_tournament__factorial_baseline__run1__7d647b69.json,7d647b69,coding_task,1,three_day_tournament,factorial_baseline,factorial,0,0,0,0,,,r05_m01,A,True,3,0,236.86,219,5,5,True,0,0,0,heuristic,674,3
coding_task__r05_m01__sideB__three_day_tournament__factorial_loss_jitter__run1__21d74d0d.json,21d74d0d,coding_task,1,three_day_tournament,factorial_loss_jitter,factorial,50,0,30,5,,,r05_m01,B,True,3,0,383.99,299,5,5,True,0,0,0,heuristic,992,3
coding_task__r05_m02__sideA__three_day_tournament__factorial_delay__run1__f4e83f7c.json,f4e83f7c,coding_task,1,three_day_tournament,factorial_delay,factorial,300,300,0,0,,,r05_m02,A,True,3,0,783.41,295,5,5,True,0,1,2,heuristic,778,4
coding_task__r05_m02__sideB__three_day_tournament__factorial_loss__run1__483d5113.json,483d5113,coding_task,1,three_day_tournament,factorial_loss,factorial,0,0,0,5,,,r05_m02,B,True,3,0,104.68,288,5,5,True,0,0,0,heuristic,949,3
coding_task__r05_m03__sideA__three_day_tournament__factorial_delay_jitter__run1__878b0c35.json,878b0c35,coding_task,1,three_day_tournament,factorial_delay_jitter,factorial,300,300,30,0,,,r05_m03,A,True,3,0,141.65,333,5,5,True,0,0,0,heuristic,1104,3
coding_task__r05_m03__sideB__three_day_tournament__factorial_jitter__run1__1f4a738a.json,1f4a738a,coding_task,1,three_day_tournament,factorial_jitter,factorial,50,0,30,0,,,r05_m03,B,True,3,0,144.48,312,5,5,True,0,0,0,heuristic,1020,3
coding_task__r05_m04__sideA__three_day_tournament__factorial_delay_loss__run1__02a25b79.json,02a25b79,coding_task,1,three_day_tournament,factorial_delay_loss,factorial,300,300,0,5,,,r05_m04,A,True,3,0,129.61,323,5,5,True,0,0,0,heuristic,1069,3
coding_task__r05_m04__sideB__three_day_tournament__factorial_delay_loss_jitter__run1__c90a6ccd.json,c90a6ccd,coding_task,1,three_day_tournament,factorial_delay_loss_jitter,factorial,300,300,30,5,,,r05_m04,B,True,3,0,127.06,299,5,5,True,0,0,0,heuristic,1001,3
coding_task__r06_m01__sideA__three_day_tournament__factorial_baseline__run1__7e952bc4.json,7e952bc4,coding_task,1,three_day_tournament,factorial_baseline,factorial,0,0,0,0,,,r06_m01,A,True,3,0,156.33,275,5,5,True,0,0,0,heuristic,885,3
coding_task__r06_m01__sideB__three_day_tournament__factorial_loss__run1__3ae1f7da.json,3ae1f7da,coding_task,1,three_day_tournament,factorial_loss,factorial,0,0,0,5,,,r06_m01,B,True,3,0,172.6,349,5,5,True,0,0,0,heuristic,1198,3
coding_task__r06_m02__sideA__three_day_tournament__factorial_loss_jitter__run1__20522297.json,20522297,coding_task,1,three_day_tournament,factorial_loss_jitter,factorial,50,0,30,5,,,r06_m02,A,True,3,0,294.93,302,5,5,True,0,0,0,heuristic,1008,3
coding_task__r06_m02__sideB__three_day_tournament__factorial_jitter__run1__9fcc3dfb.json,9fcc3dfb,coding_task,1,three_day_tournament,factorial_jitter,factorial,50,0,30,0,,,r06_m02,B,True,3,0,148.24,329,5,5,True,0,0,0,heuristic,1120,3
coding_task__r06_m03__sideA__three_day_tournament__factorial_delay__run1__4cc810be.json,4cc810be,coding_task,1,three_day_tournament,factorial_delay,factorial,300,300,0,0,,,r06_m03,A,True,3,0,252.61,249,5,5,True,0,0,0,heuristic,784,3
coding_task__r06_m03__sideB__three_day_tournament__factorial_delay_loss_jitter__run1__925d9cf0.json,925d9cf0,coding_task,1,three_day_tournament,factorial_delay_loss_jitter,factorial,300,300,30,5,,,r06_m03,B,True,3,0,496.1,380,5,5,True,0,1,2,heuristic,1178,4
coding_task__r06_m04__sideA__three_day_tournament__factorial_delay_jitter__run1__6433e388.json,6433e388,coding_task,1,three_day_tournament,factorial_delay_jitter,factorial,300,300,30,0,,,r06_m04,A,True,3,0,124.81,272,5,5,True,0,0,0,heuristic,884,3
coding_task__r06_m04__sideB__three_day_tournament__factorial_delay_loss__run1__4348e455.json,4348e455,coding_task,1,three_day_tournament,factorial_delay_loss,factorial,300,300,0,5,,,r06_m04,B,True,3,0,168.09,336,5,5,True,0,0,0,heuristic,1143,3
coding_task__r07_m01__sideA__three_day_tournament__factorial_baseline__run1__dc3a7638.json,dc3a7638,coding_task,1,three_day_tournament,factorial_baseline,factorial,0,0,0,0,,,r07_m01,A,True,3,0,268.05,310,5,5,True,0,0,0,heuristic,1039,3
coding_task__r07_m01__sideB__three_day_tournament__factorial_jitter__run1__18bd882b.json,18bd882b,coding_task,1,three_day_tournament,factorial_jitter,factorial,50,0,30,0,,,r07_m01,B,True,3,0,129.79,233,5,5,True,0,0,0,heuristic,734,3
coding_task__r07_m02__sideA__three_day_tournament__factorial_loss__run1__f9ef9125.json,f9ef9125,coding_task,1,three_day_tournament,factorial_loss,factorial,0,0,0,5,,,r07_m02,A,True,3,0,171.08,267,5,5,True,0,0,0,heuristic,867,3
coding_task__r07_m02__sideB__three_day_tournament__factorial_delay_loss_jitter__run1__b597f7b9.json,b597f7b9,coding_task,1,three_day_tournament,factorial_delay_loss_jitter,factorial,300,300,30,5,,,r07_m02,B,True,3,0,119.95,241,5,5,True,0,0,0,heuristic,750,3
coding_task__r07_m03__sideA__three_day_tournament__factorial_loss_jitter__run1__306140bd.json,306140bd,coding_task,1,three_day_tournament,factorial_loss_jitter,factorial,50,0,30,5,,,r07_m03,A,True,3,0,306.28,277,5,5,True,0,0,0,heuristic,915,3
coding_task__r07_m03__sideB__three_day_tournament__factorial_delay_loss__run1__59a56c98.json,59a56c98,coding_task,1,three_day_tournament,factorial_delay_loss,factorial,300,300,0,5,,,r07_m03,B,True,3,0,141.8,367,5,5,True,0,0,0,heuristic,1210,3
coding_task__r07_m04__sideA__three_day_tournament__factorial_delay__run1__bd111595.json,bd111595,coding_task,1,three_day_tournament,factorial_delay,factorial,300,300,0,0,,,r07_m04,A,True,3,0,103.73,255,5,5,True,0,0,0,heuristic,788,3
coding_task__r07_m04__sideB__three_day_tournament__factorial_delay_jitter__run1__402df8c6.json,402df8c6,coding_task,1,three_day_tournament,factorial_delay_jitter,factorial,300,300,30,0,,,r07_m04,B,True,3,0,158.7,268,5,5,True,0,0,0,heuristic,882,3
coding_task__three_day_baseline_extra__combined_d0000_loss0_j000__run10__ecbcb496.json,ecbcb496,coding_task,10,three_day_baseline_extra,combined_d0000_loss0_j000,combined,0,0,0,0,,,,,True,3,0,148.52,364,5,5,True,0,0,0,heuristic,1258,3
coding_task__three_day_baseline_extra__combined_d0000_loss0_j000__run11__cf6cf640.json,cf6cf640,coding_task,11,three_day_baseline_extra,combined_d0000_loss0_j000,combined,0,0,0,0,,,,,True,3,0,171.28,376,5,5,True,0,0,0,heuristic,1312,3
coding_task__three_day_baseline_extra__combined_d0000_loss0_j000__run12__44b3e9a1.json,44b3e9a1,coding_task,12,three_day_baseline_extra,combined_d0000_loss0_j000,combined,0,0,0,0,,,,,True,3,0,270.21,300,5,5,True,0,0,0,heuristic,1002,3
coding_task__three_day_baseline_extra__combined_d0000_loss0_j000__run13__0d75453d.json,0d75453d,coding_task,13,three_day_baseline_extra,combined_d0000_loss0_j000,combined,0,0,0,0,,,,,True,3,0,264.28,249,5,5,True,0,0,0,heuristic,776,3
coding_task__three_day_baseline_extra__combined_d0000_loss0_j000__run14__2d471958.json,2d471958,coding_task,14,three_day_baseline_extra,combined_d0000_loss0_j000,combined,0,0,0,0,,,,,True,3,0,121.72,292,5,4,True,0,0,0,heuristic,934,3
coding_task__three_day_baseline_extra__combined_d0000_loss0_j000__run15__99d786fe.json,99d786fe,coding_task,15,three_day_baseline_extra,combined_d0000_loss0_j000,combined,0,0,0,0,,,,,True,3,0,123.59,289,5,5,True,0,0,0,heuristic,954,3
coding_task__three_day_baseline_extra__combined_d0000_loss0_j000__run16__1fa57248.json,1fa57248,coding_task,16,three_day_baseline_extra,combined_d0000_loss0_j000,combined,0,0,0,0,,,,,True,3,0,185.18,262,5,5,True,0,0,0,heuristic,832,3
coding_task__three_day_baseline_extra__combined_d0000_loss0_j000__run17__b7febd2f.json,b7febd2f,coding_task,17,three_day_baseline_extra,combined_d0000_loss0_j000,combined,0,0,0,0,,,,,True,3,0,591.19,326,5,5,True,0,1,2,heuristic,968,4
coding_task__three_day_baseline_extra__combined_d0000_loss0_j000__run18__88067752.json,88067752,coding_task,18,three_day_baseline_extra,combined_d0000_loss0_j000,combined,0,0,0,0,,,,,True,3,0,157.8,299,5,4,True,0,0,0,heuristic,963,3
coding_task__three_day_baseline_extra__combined_d0000_loss0_j000__run19__33cf48bf.json,33cf48bf,coding_task,19,three_day_baseline_extra,combined_d0000_loss0_j000,combined,0,0,0,0,,,,,True,3,0,143.9,316,5,5,True,0,0,0,heuristic,1033,3
coding_task__three_day_baseline_extra__combined_d0000_loss0_j000__run1__196ba9ba.json,196ba9ba,coding_task,1,three_day_baseline_extra,combined_d0000_loss0_j000,combined,0,0,0,0,,,,,True,3,0,133.45,258,5,5,True,0,0,0,heuristic,816,3
coding_task__three_day_baseline_extra__combined_d0000_loss0_j000__run20__8aec3967.json,8aec3967,coding_task,20,three_day_baseline_extra,combined_d0000_loss0_j000,combined,0,0,0,0,,,,,True,3,0,134.31,333,5,5,True,0,0,0,heuristic,1103,3
coding_task__three_day_baseline_extra__combined_d0000_loss0_j000__run2__ac1901b4.json,ac1901b4,coding_task,2,three_day_baseline_extra,combined_d0000_loss0_j000,combined,0,0,0,0,,,,,True,3,0,99.95,287,5,5,True,0,0,0,heuristic,912,3
coding_task__three_day_baseline_extra__combined_d0000_loss0_j000__run3__0fe6061a.json,0fe6061a,coding_task,3,three_day_baseline_extra,combined_d0000_loss0_j000,combined,0,0,0,0,,,,,True,3,0,112.83,356,5,5,True,0,0,0,heuristic,1192,3
coding_task__three_day_baseline_extra__combined_d0000_loss0_j000__run4__e0fcab15.json,e0fcab15,coding_task,4,three_day_baseline_extra,combined_d0000_loss0_j000,combined,0,0,0,0,,,,,True,3,0,116.46,206,5,5,True,0,0,0,heuristic,609,3
coding_task__three_day_baseline_extra__combined_d0000_loss0_j000__run5__991b5d57.json,991b5d57,coding_task,5,three_day_baseline_extra,combined_d0000_loss0_j000,combined,0,0,0,0,,,,,True,3,0,384.02,331,5,5,True,0,0,0,heuristic,1098,3
coding_task__three_day_baseline_extra__combined_d0000_loss0_j000__run6__bce6c84e.json,bce6c84e,coding_task,6,three_day_baseline_extra,combined_d0000_loss0_j000,combined,0,0,0,0,,,,,True,3,0,257.04,282,5,5,True,0,0,0,heuristic,929,3
coding_task__three_day_baseline_extra__combined_d0000_loss0_j000__run7__5eb2ee61.json,5eb2ee61,coding_task,7,three_day_baseline_extra,combined_d0000_loss0_j000,combined,0,0,0,0,,,,,True,3,0,135.05,333,5,5,True,0,0,0,heuristic,1104,3
coding_task__three_day_baseline_extra__combined_d0000_loss0_j000__run8__4a80b6ed.json,4a80b6ed,coding_task,8,three_day_baseline_extra,combined_d0000_loss0_j000,combined,0,0,0,0,,,,,True,3,0,143.54,261,5,5,True,0,0,0,heuristic,808,3
coding_task__three_day_baseline_extra__combined_d0000_loss0_j000__run9__edba88de.json,edba88de,coding_task,9,three_day_baseline_extra,combined_d0000_loss0_j000,combined,0,0,0,0,,,,,True,3,0,120.06,300,5,5,True,0,0,0,heuristic,998,3
coding_task__three_day_combined_sample__combined_d0000_loss0_j000__run1__0c5bf8f9.json,0c5bf8f9,coding_task,1,three_day_combined_sample,combined_d0000_loss0_j000,combined,0,0,0,0,,,,,True,3,0,485.56,340,5,5,True,0,1,2,heuristic,1020,4
coding_task__three_day_combined_sample__combined_d0000_loss0_j001__run1__9a3bf39f.json,9a3bf39f,coding_task,1,three_day_combined_sample,combined_d0000_loss0_j001,combined,50,0,1,0,,,,,True,3,0,103.14,297,5,5,True,0,0,0,heuristic,961,3
coding_task__three_day_combined_sample__combined_d0000_loss0_j020__run1__0532b715.json,0532b715,coding_task,1,three_day_combined_sample,combined_d0000_loss0_j020,combined,50,0,20,0,,,,,True,3,0,225.22,319,5,5,True,0,0,0,heuristic,1075,3
coding_task__three_day_combined_sample__combined_d0000_loss0_j075__run1__1159fc87.json,1159fc87,coding_task,1,three_day_combined_sample,combined_d0000_loss0_j075,combined,50,0,75,0,,,,,True,3,0,364.1,305,5,5,True,0,0,0,heuristic,1019,3
coding_task__three_day_combined_sample__combined_d0000_loss10_j020__run1__dcfb1ac3.json,dcfb1ac3,coding_task,1,three_day_combined_sample,combined_d0000_loss10_j020,combined,50,0,20,10,,,,,True,3,0,117.88,326,5,5,True,0,0,0,heuristic,1082,3
coding_task__three_day_combined_sample__combined_d0000_loss20_j000__run1__d1f499a6.json,d1f499a6,coding_task,1,three_day_combined_sample,combined_d0000_loss20_j000,combined,0,0,0,20,,,,,True,3,0,225.21,256,5,5,True,0,0,0,heuristic,816,3
coding_task__three_day_combined_sample__combined_d0000_loss20_j020__run1__06ad8585.json,06ad8585,coding_task,1,three_day_combined_sample,combined_d0000_loss20_j020,combined,50,0,20,20,,,,,True,3,0,122.19,247,5,5,True,0,0,0,heuristic,794,3
coding_task__three_day_combined_sample__combined_d0000_loss20_j075__run1__2109313a.json,2109313a,coding_task,1,three_day_combined_sample,combined_d0000_loss20_j075,combined,50,0,75,20,,,,,True,3,0,138.56,228,5,5,True,0,0,0,heuristic,689,3
coding_task__three_day_combined_sample__combined_d0000_loss25_j075__run1__22052432.json,22052432,coding_task,1,three_day_combined_sample,combined_d0000_loss25_j075,combined,50,0,75,25,,,,,True,3,0,157.13,319,5,5,True,0,0,0,heuristic,1049,3
coding_task__three_day_combined_sample__combined_d0000_loss75_j000__run1__0239187d.json,0239187d,coding_task,1,three_day_combined_sample,combined_d0000_loss75_j000,combined,0,0,0,75,,,,,False,1,0,662.35,105,,1,False,2,1,5,heuristic,0,3
coding_task__three_day_combined_sample__combined_d0000_loss75_j005__run1__7053044f.json,7053044f,coding_task,1,three_day_combined_sample,combined_d0000_loss75_j005,combined,50,0,5,75,,,,,True,3,0,1435.38,584,5,5,True,1,2,4,heuristic,1085,6
coding_task__three_day_combined_sample__combined_d0000_loss75_j020__run1__ee0f21e6.json,ee0f21e6,coding_task,1,three_day_combined_sample,combined_d0000_loss75_j020,combined,50,0,20,75,,,,,True,3,0,659.2,324,5,5,True,0,0,2,heuristic,942,4
coding_task__three_day_combined_sample__combined_d0000_loss75_j075__run1__fbcee26e.json,fbcee26e,coding_task,1,three_day_combined_sample,combined_d0000_loss75_j075,combined,50,0,75,75,,,,,False,1,0,882.98,105,,1,False,2,2,5,heuristic,0,3
coding_task__three_day_combined_sample__combined_d0050_loss20_j030__run1__828c8761.json,828c8761,coding_task,1,three_day_combined_sample,combined_d0050_loss20_j030,combined,50,50,30,20,,,,,True,3,0,242.77,307,5,5,True,0,0,0,heuristic,1026,3
coding_task__three_day_combined_sample__combined_d0050_loss40_j075__run1__a78de8a9.json,a78de8a9,coding_task,1,three_day_combined_sample,combined_d0050_loss40_j075,combined,50,50,75,40,,,,,True,3,0,270.1,258,5,5,True,0,0,0,heuristic,835,3
coding_task__three_day_combined_sample__combined_d0050_loss5_j025__run1__5c579f44.json,5c579f44,coding_task,1,three_day_combined_sample,combined_d0050_loss5_j025,combined,50,50,25,5,,,,,True,3,0,257.18,306,5,5,True,0,0,0,heuristic,1023,3
coding_task__three_day_combined_sample__combined_d0100_loss15_j010__run1__1866469c.json,1866469c,coding_task,1,three_day_combined_sample,combined_d0100_loss15_j010,combined,100,100,10,15,,,,,True,3,0,170.08,286,5,5,True,0,0,0,heuristic,928,3
coding_task__three_day_combined_sample__combined_d0100_loss1_j001__run1__8417920b.json,8417920b,coding_task,1,three_day_combined_sample,combined_d0100_loss1_j001,combined,100,100,1,1,,,,,True,3,0,162.23,330,5,5,True,0,0,0,heuristic,1123,3
coding_task__three_day_combined_sample__combined_d0100_loss30_j015__run1__6037937a.json,6037937a,coding_task,1,three_day_combined_sample,combined_d0100_loss30_j015,combined,100,100,15,30,,,,,True,3,0,126.23,345,5,5,True,0,0,0,heuristic,1153,3
coding_task__three_day_combined_sample__combined_d0100_loss75_j025__run1__7c2655af.json,7c2655af,coding_task,1,three_day_combined_sample,combined_d0100_loss75_j025,combined,100,100,25,75,,,,,True,3,0,792.11,386,5,5,True,1,2,4,heuristic,1066,5
coding_task__three_day_combined_sample__combined_d0150_loss20_j075__run1__d9837083.json,d9837083,coding_task,1,three_day_combined_sample,combined_d0150_loss20_j075,combined,150,150,75,20,,,,,True,3,0,108.77,257,5,5,True,0,0,0,heuristic,824,3
coding_task__three_day_combined_sample__combined_d0150_loss50_j001__run1__6a352a21.json,6a352a21,coding_task,1,three_day_combined_sample,combined_d0150_loss50_j001,combined,150,150,1,50,,,,,True,3,0,234.92,280,5,5,True,0,0,0,heuristic,925,3
coding_task__three_day_combined_sample__combined_d0150_loss5_j050__run1__efd21be4.json,efd21be4,coding_task,1,three_day_combined_sample,combined_d0150_loss5_j050,combined,150,150,50,5,,,,,True,3,0,115.35,310,5,5,True,0,0,0,heuristic,1041,3
coding_task__three_day_combined_sample__combined_d0200_loss15_j015__run1__2aec76f0.json,2aec76f0,coding_task,1,three_day_combined_sample,combined_d0200_loss15_j015,combined,200,200,15,15,,,,,True,3,0,301.32,295,5,5,True,0,0,0,heuristic,991,3
coding_task__three_day_combined_sample__combined_d0200_loss1_j010__run1__850f6225.json,850f6225,coding_task,1,three_day_combined_sample,combined_d0200_loss1_j010,combined,200,200,10,1,,,,,True,3,0,154.86,392,5,5,True,0,0,0,heuristic,1343,3
coding_task__three_day_combined_sample__combined_d0200_loss30_j025__run1__6e0a3aca.json,6e0a3aca,coding_task,1,three_day_combined_sample,combined_d0200_loss30_j025,combined,200,200,25,30,,,,,True,3,0,124.26,290,5,5,True,0,0,0,heuristic,939,3
coding_task__three_day_combined_sample__combined_d0200_loss75_j050__run1__14864a63.json,14864a63,coding_task,1,three_day_combined_sample,combined_d0200_loss75_j050,combined,200,200,50,75,,,,,False,1,0,1259.58,321,,1,False,2,1,5,heuristic,866,4
coding_task__three_day_combined_sample__combined_d0250_loss25_j001__run1__a697e579.json,a697e579,coding_task,1,three_day_combined_sample,combined_d0250_loss25_j001,combined,250,250,1,25,,,,,True,3,0,128.63,320,5,5,True,0,0,0,heuristic,1081,3
coding_task__three_day_combined_sample__combined_d0250_loss50_j010__run1__7abc4611.json,7abc4611,coding_task,1,three_day_combined_sample,combined_d0250_loss50_j010,combined,250,250,10,50,,,,,True,3,0,110.86,262,5,4,True,0,0,0,heuristic,825,3
coding_task__three_day_combined_sample__combined_d0250_loss5_j075__run1__efce96d1.json,efce96d1,coding_task,1,three_day_combined_sample,combined_d0250_loss5_j075,combined,250,250,75,5,,,,,True,3,0,118.82,295,5,5,True,0,0,0,heuristic,980,3
coding_task__three_day_combined_sample__combined_d0300_loss15_j025__run1__b19a9c37.json,b19a9c37,coding_task,1,three_day_combined_sample,combined_d0300_loss15_j025,combined,300,300,25,15,,,,,True,3,0,112.96,334,5,5,True,0,0,0,heuristic,1133,3
coding_task__three_day_combined_sample__combined_d0300_loss1_j020__run1__ed1dcf62.json,ed1dcf62,coding_task,1,three_day_combined_sample,combined_d0300_loss1_j020,combined,300,300,20,1,,,,,True,3,0,366.06,255,5,5,True,0,0,0,heuristic,822,3
coding_task__three_day_combined_sample__combined_d0300_loss30_j050__run1__e3598fa0.json,e3598fa0,coding_task,1,three_day_combined_sample,combined_d0300_loss30_j050,combined,300,300,50,30,,,,,True,3,0,120.4,284,5,5,True,0,0,0,heuristic,934,3
coding_task__three_day_combined_sample__combined_d0350_loss0_j000__run1__a47e025e.json,a47e025e,coding_task,1,three_day_combined_sample,combined_d0350_loss0_j000,combined,350,350,0,0,,,,,True,3,0,148.7,329,5,5,True,0,0,0,heuristic,1112,3
coding_task__three_day_combined_sample__combined_d0350_loss10_j001__run1__958f02ea.json,958f02ea,coding_task,1,three_day_combined_sample,combined_d0350_loss10_j001,combined,350,350,1,10,,,,,True,3,0,95.82,242,5,5,True,0,0,0,heuristic,764,3
coding_task__three_day_combined_sample__combined_d0350_loss25_j010__run1__d7fc1350.json,d7fc1350,coding_task,1,three_day_combined_sample,combined_d0350_loss25_j010,combined,350,350,10,25,,,,,True,3,0,142.08,293,5,5,True,0,0,0,heuristic,937,3
coding_task__three_day_combined_sample__combined_d0350_loss50_j020__run1__c0baee08.json,c0baee08,coding_task,1,three_day_combined_sample,combined_d0350_loss50_j020,combined,350,350,20,50,,,,,True,3,0,147.76,322,5,5,True,0,0,0,heuristic,1084,3
coding_task__three_day_combined_sample__combined_d0400_loss15_j050__run1__904d3074.json,904d3074,coding_task,1,three_day_combined_sample,combined_d0400_loss15_j050,combined,400,400,50,15,,,,,True,3,0,101.03,253,5,5,True,0,0,0,heuristic,797,3
coding_task__three_day_combined_sample__combined_d0400_loss1_j025__run1__2576f6d8.json,2576f6d8,coding_task,1,three_day_combined_sample,combined_d0400_loss1_j025,combined,400,400,25,1,,,,,True,3,0,91.74,313,5,5,True,0,0,0,heuristic,1051,3
coding_task__three_day_combined_sample__combined_d0400_loss40_j000__run1__4e916f94.json,4e916f94,coding_task,1,three_day_combined_sample,combined_d0400_loss40_j000,combined,400,400,0,40,,,,,True,3,0,161.14,243,5,5,True,0,0,0,heuristic,774,3
coding_task__three_day_combined_sample__combined_d0450_loss0_j005__run1__1bd5e750.json,1bd5e750,coding_task,1,three_day_combined_sample,combined_d0450_loss0_j005,combined,450,450,5,0,,,,,True,3,0,136.21,314,5,5,True,0,0,0,heuristic,1054,3
coding_task__three_day_combined_sample__combined_d0450_loss10_j010__run1__5a0831ae.json,5a0831ae,coding_task,1,three_day_combined_sample,combined_d0450_loss10_j010,combined,450,450,10,10,,,,,True,3,0,157.38,215,5,5,True,0,0,0,heuristic,659,3
coding_task__three_day_combined_sample__combined_d0450_loss25_j020__run1__685b4f39.json,685b4f39,coding_task,1,three_day_combined_sample,combined_d0450_loss25_j020,combined,450,450,20,25,,,,,True,3,0,99.01,284,5,5,True,0,0,0,heuristic,932,3
coding_task__three_day_combined_sample__combined_d0450_loss50_j030__run1__6522e3fd.json,6522e3fd,coding_task,1,three_day_combined_sample,combined_d0450_loss50_j030,combined,450,450,30,50,,,,,True,3,0,125.7,295,5,5,True,0,0,0,heuristic,953,3
coding_task__three_day_combined_sample__combined_d0500_loss0_j000__run1__7b05f10a.json,7b05f10a,coding_task,1,three_day_combined_sample,combined_d0500_loss0_j000,combined,500,500,0,0,,,,,True,3,0,291.47,314,5,5,True,0,0,0,heuristic,1053,3
coding_task__three_day_combined_sample__combined_d0500_loss0_j020__run1__b8728251.json,b8728251,coding_task,1,three_day_combined_sample,combined_d0500_loss0_j020,combined,500,500,20,0,,,,,True,3,0,278.43,305,5,5,True,0,0,0,heuristic,993,3
coding_task__three_day_combined_sample__combined_d0500_loss0_j075__run1__d6d4b731.json,d6d4b731,coding_task,1,three_day_combined_sample,combined_d0500_loss0_j075,combined,500,500,75,0,,,,,True,3,0,132.88,254,5,5,True,0,0,0,heuristic,828,3
coding_task__three_day_combined_sample__combined_d0500_loss20_j000__run1__be5dbc2e.json,be5dbc2e,coding_task,1,three_day_combined_sample,combined_d0500_loss20_j000,combined,500,500,0,20,,,,,True,3,0,165.89,282,5,5,True,0,0,0,heuristic,926,3
coding_task__three_day_combined_sample__combined_d0500_loss20_j015__run1__09c78e68.json,09c78e68,coding_task,1,three_day_combined_sample,combined_d0500_loss20_j015,combined,500,500,15,20,,,,,True,3,0,252.13,225,5,5,True,0,0,0,heuristic,684,3
coding_task__three_day_combined_sample__combined_d0500_loss20_j020__run1__bd8d9471.json,bd8d9471,coding_task,1,three_day_combined_sample,combined_d0500_loss20_j020,combined,500,500,20,20,,,,,True,3,0,131.04,306,5,5,True,0,0,0,heuristic,1024,3
coding_task__three_day_combined_sample__combined_d0500_loss20_j075__run1__d62d7335.json,d62d7335,coding_task,1,three_day_combined_sample,combined_d0500_loss20_j075,combined,500,500,75,20,,,,,True,3,0,115.98,241,5,4,True,0,0,0,heuristic,757,3
coding_task__three_day_combined_sample__combined_d0500_loss40_j050__run1__ebb635c4.json,ebb635c4,coding_task,1,three_day_combined_sample,combined_d0500_loss40_j050,combined,500,500,50,40,,,,,True,3,0,114.12,266,5,5,True,0,0,0,heuristic,845,3
coding_task__three_day_combined_sample__combined_d0500_loss5_j001__run1__2fc21b5d.json,2fc21b5d,coding_task,1,three_day_combined_sample,combined_d0500_loss5_j001,combined,500,500,1,5,,,,,True,3,0,163.36,346,5,5,True,0,0,0,heuristic,1182,3
coding_task__three_day_combined_sample__combined_d0500_loss75_j000__run1__71d5c84e.json,71d5c84e,coding_task,1,three_day_combined_sample,combined_d0500_loss75_j000,combined,500,500,0,75,,,,,True,3,0,855.0,486,5,5,True,0,1,2,heuristic,790,5
coding_task__three_day_combined_sample__combined_d0500_loss75_j020__run1__d2414279.json,d2414279,coding_task,1,three_day_combined_sample,combined_d0500_loss75_j020,combined,500,500,20,75,,,,,False,1,0,1201.0,315,,1,False,2,3,5,heuristic,840,4
coding_task__three_day_combined_sample__combined_d0500_loss75_j075__run1__d2ca7c0c.json,d2ca7c0c,coding_task,1,three_day_combined_sample,combined_d0500_loss75_j075,combined,500,500,75,75,,,,,True,3,0,642.6,320,5,5,True,0,1,2,heuristic,927,4
coding_task__three_day_combined_sample__combined_d0550_loss15_j015__run1__a9ac73c3.json,a9ac73c3,coding_task,1,three_day_combined_sample,combined_d0550_loss15_j015,combined,550,550,15,15,,,,,True,3,0,153.67,328,5,5,True,0,0,0,heuristic,1116,3
coding_task__three_day_combined_sample__combined_d0550_loss1_j005__run1__cc0c39d6.json,cc0c39d6,coding_task,1,three_day_combined_sample,combined_d0550_loss1_j005,combined,550,550,5,1,,,,,True,3,0,140.68,384,5,5,True,0,0,0,heuristic,1338,3
coding_task__three_day_combined_sample__combined_d0550_loss30_j025__run1__5872e0ce.json,5872e0ce,coding_task,1,three_day_combined_sample,combined_d0550_loss30_j025,combined,550,550,25,30,,,,,True,3,0,137.71,317,5,5,True,0,0,0,heuristic,1071,3
coding_task__three_day_combined_sample__combined_d0550_loss75_j030__run1__7821be4f.json,7821be4f,coding_task,1,three_day_combined_sample,combined_d0550_loss75_j030,combined,550,550,30,75,,,,,True,3,0,763.7,311,5,5,True,0,1,2,heuristic,903,4
coding_task__three_day_combined_sample__combined_d0600_loss25_j001__run1__98ae3135.json,98ae3135,coding_task,1,three_day_combined_sample,combined_d0600_loss25_j001,combined,600,600,1,25,,,,,True,3,0,116.92,310,5,5,True,0,0,0,heuristic,987,3
coding_task__three_day_combined_sample__combined_d0600_loss50_j010__run1__3cc35cf8.json,3cc35cf8,coding_task,1,three_day_combined_sample,combined_d0600_loss50_j010,combined,600,600,10,50,,,,,True,3,0,267.42,305,5,5,True,0,0,0,heuristic,1021,3
coding_task__three_day_combined_sample__combined_d0600_loss5_j075__run1__f1969c0b.json,f1969c0b,coding_task,1,three_day_combined_sample,combined_d0600_loss5_j075,combined,600,600,75,5,,,,,True,3,0,108.81,316,5,5,True,0,0,0,heuristic,1065,3
coding_task__three_day_combined_sample__combined_d0650_loss15_j025__run1__fec4c9fc.json,fec4c9fc,coding_task,1,three_day_combined_sample,combined_d0650_loss15_j025,combined,650,650,25,15,,,,,True,3,0,100.6,363,5,5,True,0,0,0,heuristic,1255,3
coding_task__three_day_combined_sample__combined_d0650_loss1_j015__run1__3c76e183.json,3c76e183,coding_task,1,three_day_combined_sample,combined_d0650_loss1_j015,combined,650,650,15,1,,,,,True,3,0,134.24,296,5,5,True,0,0,0,heuristic,987,3
coding_task__three_day_combined_sample__combined_d0650_loss30_j050__run1__02614262.json,02614262,coding_task,1,three_day_combined_sample,combined_d0650_loss30_j050,combined,650,650,50,30,,,,,True,3,0,226.96,244,5,5,True,0,0,0,heuristic,772,3
coding_task__three_day_combined_sample__combined_d0650_loss75_j075__run1__3c941c41.json,3c941c41,coding_task,1,three_day_combined_sample,combined_d0650_loss75_j075,combined,650,650,75,75,,,,,True,3,0,541.78,274,5,5,True,0,0,0,heuristic,898,3
coding_task__three_day_combined_sample__combined_d0700_loss10_j001__run1__6dee7dc9.json,6dee7dc9,coding_task,1,three_day_combined_sample,combined_d0700_loss10_j001,combined,700,700,1,10,,,,,True,3,0,160.39,285,5,4,True,0,0,0,heuristic,938,3
coding_task__three_day_combined_sample__combined_d0700_loss25_j010__run1__947f815c.json,947f815c,coding_task,1,three_day_combined_sample,combined_d0700_loss25_j010,combined,700,700,10,25,,,,,True,3,0,275.32,318,5,5,True,0,0,0,heuristic,1068,3
coding_task__three_day_combined_sample__combined_d0700_loss50_j015__run1__cdbf78da.json,cdbf78da,coding_task,1,three_day_combined_sample,combined_d0700_loss50_j015,combined,700,700,15,50,,,,,True,3,0,359.33,338,5,5,True,0,0,0,heuristic,1119,3
coding_task__three_day_combined_sample__combined_d0750_loss15_j050__run1__c40970fa.json,c40970fa,coding_task,1,three_day_combined_sample,combined_d0750_loss15_j050,combined,750,750,50,15,,,,,True,3,0,123.74,329,5,5,True,0,0,0,heuristic,1118,3
coding_task__three_day_combined_sample__combined_d0750_loss1_j025__run1__f331207e.json,f331207e,coding_task,1,three_day_combined_sample,combined_d0750_loss1_j025,combined,750,750,25,1,,,,,True,3,0,105.31,335,5,5,True,0,0,0,heuristic,1137,3
coding_task__three_day_combined_sample__combined_d0750_loss40_j000__run1__c41d0887.json,c41d0887,coding_task,1,three_day_combined_sample,combined_d0750_loss40_j000,combined,750,750,0,40,,,,,True,3,0,102.21,242,5,5,True,0,0,0,heuristic,765,3
coding_task__three_day_combined_sample__combined_d0800_loss0_j001__run1__c089ea97.json,c089ea97,coding_task,1,three_day_combined_sample,combined_d0800_loss0_j001,combined,800,800,1,0,,,,,True,3,0,110.71,363,5,5,True,0,0,0,heuristic,1247,3
coding_task__three_day_combined_sample__combined_d0800_loss10_j010__run1__45d48f2f.json,45d48f2f,coding_task,1,three_day_combined_sample,combined_d0800_loss10_j010,combined,800,800,10,10,,,,,True,3,0,162.65,344,5,5,True,0,0,0,heuristic,1146,3
coding_task__three_day_combined_sample__combined_d0800_loss25_j020__run1__eb3642b1.json,eb3642b1,coding_task,1,three_day_combined_sample,combined_d0800_loss25_j020,combined,800,800,20,25,,,,,True,3,0,161.33,242,5,4,True,0,0,0,heuristic,766,3
coding_task__three_day_combined_sample__combined_d0800_loss50_j025__run1__cd13984f.json,cd13984f,coding_task,1,three_day_combined_sample,combined_d0800_loss50_j025,combined,800,800,25,50,,,,,True,3,0,234.02,312,5,5,True,0,0,0,heuristic,1047,3
coding_task__three_day_combined_sample__combined_d0850_loss1_j050__run1__e9f5427b.json,e9f5427b,coding_task,1,three_day_combined_sample,combined_d0850_loss1_j050,combined,850,850,50,1,,,,,True,3,0,162.0,268,5,5,True,0,0,0,heuristic,853,3
coding_task__three_day_combined_sample__combined_d0850_loss20_j000__run1__d695573f.json,d695573f,coding_task,1,three_day_combined_sample,combined_d0850_loss20_j000,combined,850,850,0,20,,,,,True,3,0,278.26,359,5,5,True,0,0,0,heuristic,1238,3
coding_task__three_day_combined_sample__combined_d0850_loss40_j001__run1__6a0ca80b.json,6a0ca80b,coding_task,1,three_day_combined_sample,combined_d0850_loss40_j001,combined,850,850,1,40,,,,,True,3,0,164.15,372,5,5,True,0,0,0,heuristic,1293,3
coding_task__three_day_combined_sample__combined_d0900_loss0_j010__run1__2b86948b.json,2b86948b,coding_task,1,three_day_combined_sample,combined_d0900_loss0_j010,combined,900,900,10,0,,,,,True,3,0,126.52,318,5,5,True,0,0,0,heuristic,1079,3
coding_task__three_day_combined_sample__combined_d0900_loss10_j020__run1__64e153df.json,64e153df,coding_task,1,three_day_combined_sample,combined_d0900_loss10_j020,combined,900,900,20,10,,,,,True,3,0,481.0,399,5,5,True,0,1,2,heuristic,1202,4
coding_task__three_day_combined_sample__combined_d0900_loss25_j025__run1__71d7dcd0.json,71d7dcd0,coding_task,1,three_day_combined_sample,combined_d0900_loss25_j025,combined,900,900,25,25,,,,,True,3,0,245.14,275,5,5,True,0,0,0,heuristic,884,3
coding_task__three_day_combined_sample__combined_d0900_loss50_j050__run1__60f78e51.json,60f78e51,coding_task,1,three_day_combined_sample,combined_d0900_loss50_j050,combined,900,900,50,50,,,,,True,3,0,155.97,285,5,5,True,0,0,0,heuristic,943,3
coding_task__three_day_combined_sample__combined_d0950_loss20_j005__run1__9f602235.json,9f602235,coding_task,1,three_day_combined_sample,combined_d0950_loss20_j005,combined,950,950,5,20,,,,,True,3,0,310.17,279,5,5,True,0,0,0,heuristic,914,3
coding_task__three_day_combined_sample__combined_d0950_loss40_j010__run1__edc26063.json,edc26063,coding_task,1,three_day_combined_sample,combined_d0950_loss40_j010,combined,950,950,10,40,,,,,True,3,0,166.69,342,5,5,True,0,0,0,heuristic,1147,3
coding_task__three_day_combined_sample__combined_d0950_loss5_j000__run1__43c683fb.json,43c683fb,coding_task,1,three_day_combined_sample,combined_d0950_loss5_j000,combined,950,950,0,5,,,,,True,3,0,151.69,255,5,5,True,0,0,0,heuristic,817,3
coding_task__three_day_combined_sample__combined_d1000_loss0_j000__run1__007e75c7.json,007e75c7,coding_task,1,three_day_combined_sample,combined_d1000_loss0_j000,combined,1000,1000,0,0,,,,,True,3,0,422.07,240,5,5,True,0,0,0,heuristic,758,3
coding_task__three_day_combined_sample__combined_d1000_loss0_j020__run1__e202ac5c.json,e202ac5c,coding_task,1,three_day_combined_sample,combined_d1000_loss0_j020,combined,1000,1000,20,0,,,,,True,3,0,121.88,305,5,5,True,0,0,0,heuristic,992,3
coding_task__three_day_combined_sample__combined_d1000_loss0_j030__run1__c4978d33.json,c4978d33,coding_task,1,three_day_combined_sample,combined_d1000_loss0_j030,combined,1000,1000,30,0,,,,,True,3,0,154.49,282,5,5,True,0,0,0,heuristic,912,3
coding_task__three_day_combined_sample__combined_d1000_loss0_j075__run1__2fd92625.json,2fd92625,coding_task,1,three_day_combined_sample,combined_d1000_loss0_j075,combined,1000,1000,75,0,,,,,True,3,0,144.23,355,5,5,True,0,0,0,heuristic,1220,3
coding_task__three_day_combined_sample__combined_d1000_loss15_j000__run1__5c5425ec.json,5c5425ec,coding_task,1,three_day_combined_sample,combined_d1000_loss15_j000,combined,1000,1000,0,15,,,,,True,3,0,167.05,274,5,5,True,0,0,0,heuristic,882,3
coding_task__three_day_combined_sample__combined_d1000_loss20_j000__run1__40dbd656.json,40dbd656,coding_task,1,three_day_combined_sample,combined_d1000_loss20_j000,combined,1000,1000,0,20,,,,,True,3,0,131.8,263,5,5,True,0,0,0,heuristic,845,3
coding_task__three_day_combined_sample__combined_d1000_loss20_j020__run1__dcbe4c08.json,dcbe4c08,coding_task,1,three_day_combined_sample,combined_d1000_loss20_j020,combined,1000,1000,20,20,,,,,True,3,0,160.85,348,5,5,True,0,0,0,heuristic,1166,3
coding_task__three_day_combined_sample__combined_d1000_loss20_j075__run1__965d58c7.json,965d58c7,coding_task,1,three_day_combined_sample,combined_d1000_loss20_j075,combined,1000,1000,75,20,,,,,True,3,0,263.23,284,5,5,True,0,0,0,heuristic,915,3
coding_task__three_day_combined_sample__combined_d1000_loss30_j015__run1__fcb9caae.json,fcb9caae,coding_task,1,three_day_combined_sample,combined_d1000_loss30_j015,combined,1000,1000,15,30,,,,,True,3,0,269.08,367,5,5,True,0,0,0,heuristic,1268,3
coding_task__three_day_combined_sample__combined_d1000_loss75_j000__run1__4d8cb857.json,4d8cb857,coding_task,1,three_day_combined_sample,combined_d1000_loss75_j000,combined,1000,1000,0,75,,,,,True,3,0,373.6,292,5,5,True,0,0,0,heuristic,933,3
coding_task__three_day_combined_sample__combined_d1000_loss75_j020__run1__eed332ec.json,eed332ec,coding_task,1,three_day_combined_sample,combined_d1000_loss75_j020,combined,1000,1000,20,75,,,,,False,1,0,656.88,105,,1,False,2,1,5,heuristic,0,3
coding_task__three_day_combined_sample__combined_d1000_loss75_j050__run1__5faf5efc.json,5faf5efc,coding_task,1,three_day_combined_sample,combined_d1000_loss75_j050,combined,1000,1000,50,75,,,,,True,3,0,785.56,635,5,5,True,1,0,4,heuristic,1097,6
coding_task__three_day_combined_sample__combined_d1000_loss75_j075__run1__7b1ff517.json,7b1ff517,coding_task,1,three_day_combined_sample,combined_d1000_loss75_j075,combined,1000,1000,75,75,,,,,True,3,0,787.81,288,5,5,True,0,1,2,heuristic,808,4
coding_task__three_day_main_effect__main_delay_d0000__run1__d32de41c.json,d32de41c,coding_task,1,three_day_main_effect,main_delay_d0000,main_effect,0,0,0,0,,delay,,,True,3,0,140.79,354,5,5,True,0,0,0,heuristic,1218,3
coding_task__three_day_main_effect__main_delay_d0000__run2__96d8a2b2.json,96d8a2b2,coding_task,2,three_day_main_effect,main_delay_d0000,main_effect,0,0,0,0,,delay,,,True,3,0,107.61,296,5,5,True,0,0,0,heuristic,990,3
coding_task__three_day_main_effect__main_delay_d0000__run3__0511d308.json,0511d308,coding_task,3,three_day_main_effect,main_delay_d0000,main_effect,0,0,0,0,,delay,,,True,3,0,88.44,283,5,5,True,0,0,0,heuristic,903,3
coding_task__three_day_main_effect__main_delay_d0000__run4__c24206f5.json,c24206f5,coding_task,4,three_day_main_effect,main_delay_d0000,main_effect,0,0,0,0,,delay,,,True,3,0,312.97,305,5,5,True,0,0,0,heuristic,987,3
coding_task__three_day_main_effect__main_delay_d0000__run5__b01a6da1.json,b01a6da1,coding_task,5,three_day_main_effect,main_delay_d0000,main_effect,0,0,0,0,,delay,,,True,3,0,100.55,237,5,5,True,0,0,0,heuristic,747,3
coding_task__three_day_main_effect__main_delay_d0050__run1__205b0fb0.json,205b0fb0,coding_task,1,three_day_main_effect,main_delay_d0050,main_effect,50,50,0,0,,delay,,,True,3,0,156.42,271,5,5,True,0,0,0,heuristic,892,3
coding_task__three_day_main_effect__main_delay_d0050__run2__f8480eb3.json,f8480eb3,coding_task,2,three_day_main_effect,main_delay_d0050,main_effect,50,50,0,0,,delay,,,True,3,0,158.09,361,5,5,True,0,0,0,heuristic,1213,3
coding_task__three_day_main_effect__main_delay_d0050__run3__1f6efbf0.json,1f6efbf0,coding_task,3,three_day_main_effect,main_delay_d0050,main_effect,50,50,0,0,,delay,,,True,3,0,235.25,343,5,5,True,0,0,0,heuristic,1145,3
coding_task__three_day_main_effect__main_delay_d0050__run4__55e98ec7.json,55e98ec7,coding_task,4,three_day_main_effect,main_delay_d0050,main_effect,50,50,0,0,,delay,,,True,3,0,158.47,316,5,5,True,0,0,0,heuristic,1065,3
coding_task__three_day_main_effect__main_delay_d0050__run5__ad0a9440.json,ad0a9440,coding_task,5,three_day_main_effect,main_delay_d0050,main_effect,50,50,0,0,,delay,,,True,3,0,174.8,289,5,5,True,0,0,0,heuristic,959,3
coding_task__three_day_main_effect__main_delay_d0100__run1__d81973bc.json,d81973bc,coding_task,1,three_day_main_effect,main_delay_d0100,main_effect,100,100,0,0,,delay,,,True,3,0,294.68,328,5,5,True,0,0,0,heuristic,1110,3
coding_task__three_day_main_effect__main_delay_d0100__run2__d9027725.json,d9027725,coding_task,2,three_day_main_effect,main_delay_d0100,main_effect,100,100,0,0,,delay,,,True,3,0,100.48,319,5,5,True,0,0,0,heuristic,1033,3
coding_task__three_day_main_effect__main_delay_d0100__run3__9ca76b30.json,9ca76b30,coding_task,3,three_day_main_effect,main_delay_d0100,main_effect,100,100,0,0,,delay,,,True,3,0,167.1,313,5,5,True,0,0,0,heuristic,1040,3
coding_task__three_day_main_effect__main_delay_d0100__run4__234b2cd8.json,234b2cd8,coding_task,4,three_day_main_effect,main_delay_d0100,main_effect,100,100,0,0,,delay,,,True,3,0,245.63,275,5,5,True,0,0,0,heuristic,886,3
coding_task__three_day_main_effect__main_delay_d0100__run5__6dca2fc5.json,6dca2fc5,coding_task,5,three_day_main_effect,main_delay_d0100,main_effect,100,100,0,0,,delay,,,True,3,0,167.19,328,5,5,True,0,0,0,heuristic,1114,3
coding_task__three_day_main_effect__main_delay_d0150__run1__db927653.json,db927653,coding_task,1,three_day_main_effect,main_delay_d0150,main_effect,150,150,0,0,,delay,,,True,3,0,153.37,260,5,5,True,0,0,0,heuristic,839,3
coding_task__three_day_main_effect__main_delay_d0150__run2__87c5e1d6.json,87c5e1d6,coding_task,2,three_day_main_effect,main_delay_d0150,main_effect,150,150,0,0,,delay,,,True,3,0,286.02,337,5,5,True,0,0,0,heuristic,1150,3
coding_task__three_day_main_effect__main_delay_d0150__run3__86670139.json,86670139,coding_task,3,three_day_main_effect,main_delay_d0150,main_effect,150,150,0,0,,delay,,,True,3,0,147.45,379,5,5,True,0,0,0,heuristic,1282,3
coding_task__three_day_main_effect__main_delay_d0150__run4__8004fe04.json,8004fe04,coding_task,4,three_day_main_effect,main_delay_d0150,main_effect,150,150,0,0,,delay,,,True,3,0,224.03,255,5,5,True,0,0,0,heuristic,821,3
coding_task__three_day_main_effect__main_delay_d0150__run5__13abc35b.json,13abc35b,coding_task,5,three_day_main_effect,main_delay_d0150,main_effect,150,150,0,0,,delay,,,True,3,0,144.49,327,5,5,True,0,0,0,heuristic,1106,3
coding_task__three_day_main_effect__main_delay_d0200__run1__37d7eee1.json,37d7eee1,coding_task,1,three_day_main_effect,main_delay_d0200,main_effect,200,200,0,0,,delay,,,True,3,0,153.22,338,5,5,True,0,0,0,heuristic,1151,3
coding_task__three_day_main_effect__main_delay_d0200__run2__6fad3bcb.json,6fad3bcb,coding_task,2,three_day_main_effect,main_delay_d0200,main_effect,200,200,0,0,,delay,,,True,3,0,127.71,339,5,5,True,0,0,0,heuristic,1130,3
coding_task__three_day_main_effect__main_delay_d0200__run3__c2e4b25f.json,c2e4b25f,coding_task,3,three_day_main_effect,main_delay_d0200,main_effect,200,200,0,0,,delay,,,True,3,0,279.89,264,5,5,True,0,0,0,heuristic,843,3
coding_task__three_day_main_effect__main_delay_d0200__run4__5d5ae81c.json,5d5ae81c,coding_task,4,three_day_main_effect,main_delay_d0200,main_effect,200,200,0,0,,delay,,,True,3,0,366.57,294,5,5,True,0,0,0,heuristic,928,3
coding_task__three_day_main_effect__main_delay_d0200__run5__578263fe.json,578263fe,coding_task,5,three_day_main_effect,main_delay_d0200,main_effect,200,200,0,0,,delay,,,True,3,0,116.45,319,5,5,True,0,0,0,heuristic,1072,3
coding_task__three_day_main_effect__main_delay_d0250__run1__a59a44ef.json,a59a44ef,coding_task,1,three_day_main_effect,main_delay_d0250,main_effect,250,250,0,0,,delay,,,False,1,0,1092.8,105,,1,False,2,3,5,heuristic,0,3
coding_task__three_day_main_effect__main_delay_d0250__run2__d9218d6c.json,d9218d6c,coding_task,2,three_day_main_effect,main_delay_d0250,main_effect,250,250,0,0,,delay,,,True,3,0,139.47,255,5,5,True,0,0,0,heuristic,816,3
coding_task__three_day_main_effect__main_delay_d0250__run3__09079474.json,09079474,coding_task,3,three_day_main_effect,main_delay_d0250,main_effect,250,250,0,0,,delay,,,True,3,0,280.37,302,5,5,True,0,0,0,heuristic,1011,3
coding_task__three_day_main_effect__main_delay_d0250__run4__0bb9a15b.json,0bb9a15b,coding_task,4,three_day_main_effect,main_delay_d0250,main_effect,250,250,0,0,,delay,,,True,3,0,99.84,255,5,5,True,0,0,0,heuristic,805,3
coding_task__three_day_main_effect__main_delay_d0250__run5__c0e48276.json,c0e48276,coding_task,5,three_day_main_effect,main_delay_d0250,main_effect,250,250,0,0,,delay,,,True,3,0,138.5,334,5,5,True,0,0,0,heuristic,1137,3
coding_task__three_day_main_effect__main_delay_d0300__run1__8d59c18c.json,8d59c18c,coding_task,1,three_day_main_effect,main_delay_d0300,main_effect,300,300,0,0,,delay,,,True,3,0,155.53,268,5,5,True,0,0,0,heuristic,863,3
coding_task__three_day_main_effect__main_delay_d0300__run2__0e51ad6a.json,0e51ad6a,coding_task,2,three_day_main_effect,main_delay_d0300,main_effect,300,300,0,0,,delay,,,True,3,0,149.75,330,5,5,True,0,0,0,heuristic,1096,3
coding_task__three_day_main_effect__main_delay_d0300__run3__5a082207.json,5a082207,coding_task,3,three_day_main_effect,main_delay_d0300,main_effect,300,300,0,0,,delay,,,True,3,0,263.54,241,5,5,True,0,0,0,heuristic,762,3
coding_task__three_day_main_effect__main_delay_d0300__run4__0d7a7711.json,0d7a7711,coding_task,4,three_day_main_effect,main_delay_d0300,main_effect,300,300,0,0,,delay,,,True,3,0,128.71,357,5,5,True,0,0,0,heuristic,1193,3
coding_task__three_day_main_effect__main_delay_d0300__run5__c12c892c.json,c12c892c,coding_task,5,three_day_main_effect,main_delay_d0300,main_effect,300,300,0,0,,delay,,,True,3,0,102.67,258,5,5,True,0,0,0,heuristic,804,3
coding_task__three_day_main_effect__main_delay_d0350__run1__d556d691.json,d556d691,coding_task,1,three_day_main_effect,main_delay_d0350,main_effect,350,350,0,0,,delay,,,True,3,0,103.24,313,5,5,True,0,0,0,heuristic,1049,3
coding_task__three_day_main_effect__main_delay_d0350__run2__cfa2eccb.json,cfa2eccb,coding_task,2,three_day_main_effect,main_delay_d0350,main_effect,350,350,0,0,,delay,,,True,3,0,172.67,341,5,5,True,0,0,0,heuristic,1162,3
coding_task__three_day_main_effect__main_delay_d0350__run3__21553011.json,21553011,coding_task,3,three_day_main_effect,main_delay_d0350,main_effect,350,350,0,0,,delay,,,True,3,0,251.58,266,5,5,True,0,0,0,heuristic,850,3
coding_task__three_day_main_effect__main_delay_d0350__run4__d9655630.json,d9655630,coding_task,4,three_day_main_effect,main_delay_d0350,main_effect,350,350,0,0,,delay,,,True,3,0,112.59,274,5,5,True,0,0,0,heuristic,893,3
coding_task__three_day_main_effect__main_delay_d0350__run5__df760026.json,df760026,coding_task,5,three_day_main_effect,main_delay_d0350,main_effect,350,350,0,0,,delay,,,True,3,0,109.2,316,5,5,True,0,0,0,heuristic,1070,3
coding_task__three_day_main_effect__main_delay_d0400__run1__2b4a46dd.json,2b4a46dd,coding_task,1,three_day_main_effect,main_delay_d0400,main_effect,400,400,0,0,,delay,,,True,3,0,106.77,306,5,5,True,0,0,0,heuristic,1004,3
coding_task__three_day_main_effect__main_delay_d0400__run2__69be6296.json,69be6296,coding_task,2,three_day_main_effect,main_delay_d0400,main_effect,400,400,0,0,,delay,,,True,3,0,175.56,280,5,5,True,0,0,0,heuristic,886,3
coding_task__three_day_main_effect__main_delay_d0400__run3__954c983f.json,954c983f,coding_task,3,three_day_main_effect,main_delay_d0400,main_effect,400,400,0,0,,delay,,,True,3,0,121.04,236,5,5,True,0,0,0,heuristic,743,3
coding_task__three_day_main_effect__main_delay_d0400__run4__66cfa730.json,66cfa730,coding_task,4,three_day_main_effect,main_delay_d0400,main_effect,400,400,0,0,,delay,,,True,3,0,97.44,256,5,5,True,0,0,0,heuristic,798,3
coding_task__three_day_main_effect__main_delay_d0400__run5__75764dca.json,75764dca,coding_task,5,three_day_main_effect,main_delay_d0400,main_effect,400,400,0,0,,delay,,,True,3,0,234.48,300,5,5,True,0,0,0,heuristic,972,3
coding_task__three_day_main_effect__main_delay_d0450__run1__b67f2396.json,b67f2396,coding_task,1,three_day_main_effect,main_delay_d0450,main_effect,450,450,0,0,,delay,,,True,3,0,110.93,322,5,5,True,0,0,0,heuristic,1088,3
coding_task__three_day_main_effect__main_delay_d0450__run2__81df0cea.json,81df0cea,coding_task,2,three_day_main_effect,main_delay_d0450,main_effect,450,450,0,0,,delay,,,True,3,0,118.34,246,5,5,True,0,0,0,heuristic,794,3
coding_task__three_day_main_effect__main_delay_d0450__run3__96ea920e.json,96ea920e,coding_task,3,three_day_main_effect,main_delay_d0450,main_effect,450,450,0,0,,delay,,,True,3,0,263.35,252,5,5,True,0,0,0,heuristic,797,3
coding_task__three_day_main_effect__main_delay_d0450__run4__de6c570c.json,de6c570c,coding_task,4,three_day_main_effect,main_delay_d0450,main_effect,450,450,0,0,,delay,,,True,3,0,159.21,290,5,5,True,0,0,0,heuristic,967,3
coding_task__three_day_main_effect__main_delay_d0450__run5__8515bbb3.json,8515bbb3,coding_task,5,three_day_main_effect,main_delay_d0450,main_effect,450,450,0,0,,delay,,,True,3,0,166.98,259,5,5,True,0,0,0,heuristic,811,3
coding_task__three_day_main_effect__main_delay_d0500__run1__48884bd5.json,48884bd5,coding_task,1,three_day_main_effect,main_delay_d0500,main_effect,500,500,0,0,,delay,,,True,3,0,139.47,333,5,5,True,0,0,0,heuristic,1109,3
coding_task__three_day_main_effect__main_delay_d0500__run2__5b55095b.json,5b55095b,coding_task,2,three_day_main_effect,main_delay_d0500,main_effect,500,500,0,0,,delay,,,True,3,0,128.63,237,5,5,True,0,0,0,heuristic,745,3
coding_task__three_day_main_effect__main_delay_d0500__run3__be02971e.json,be02971e,coding_task,3,three_day_main_effect,main_delay_d0500,main_effect,500,500,0,0,,delay,,,True,3,0,154.92,331,5,5,True,0,0,0,heuristic,1099,3
coding_task__three_day_main_effect__main_delay_d0500__run4__2e2eceac.json,2e2eceac,coding_task,4,three_day_main_effect,main_delay_d0500,main_effect,500,500,0,0,,delay,,,True,3,0,93.88,253,5,5,True,0,0,0,heuristic,811,3
coding_task__three_day_main_effect__main_delay_d0500__run5__b2b1585b.json,b2b1585b,coding_task,5,three_day_main_effect,main_delay_d0500,main_effect,500,500,0,0,,delay,,,True,3,0,117.76,324,5,5,True,0,0,0,heuristic,1053,3
coding_task__three_day_main_effect__main_delay_d0550__run1__50d80f3f.json,50d80f3f,coding_task,1,three_day_main_effect,main_delay_d0550,main_effect,550,550,0,0,,delay,,,True,3,0,115.66,311,5,5,True,0,0,0,heuristic,1014,3
coding_task__three_day_main_effect__main_delay_d0550__run2__88efe901.json,88efe901,coding_task,2,three_day_main_effect,main_delay_d0550,main_effect,550,550,0,0,,delay,,,True,3,0,192.12,285,5,5,True,0,0,0,heuristic,936,3
coding_task__three_day_main_effect__main_delay_d0550__run3__aefb75d3.json,aefb75d3,coding_task,3,three_day_main_effect,main_delay_d0550,main_effect,550,550,0,0,,delay,,,True,3,0,128.17,358,5,5,True,0,0,0,heuristic,1204,3
coding_task__three_day_main_effect__main_delay_d0550__run4__9f20e6b0.json,9f20e6b0,coding_task,4,three_day_main_effect,main_delay_d0550,main_effect,550,550,0,0,,delay,,,True,3,0,181.54,299,5,5,True,0,0,0,heuristic,949,3
coding_task__three_day_main_effect__main_delay_d0550__run5__bc060b45.json,bc060b45,coding_task,5,three_day_main_effect,main_delay_d0550,main_effect,550,550,0,0,,delay,,,True,3,0,115.09,240,5,4,True,0,0,0,heuristic,749,3
coding_task__three_day_main_effect__main_delay_d0600__run1__8396d452.json,8396d452,coding_task,1,three_day_main_effect,main_delay_d0600,main_effect,600,600,0,0,,delay,,,True,3,0,105.71,319,5,5,True,0,0,0,heuristic,1081,3
coding_task__three_day_main_effect__main_delay_d0600__run2__573234b3.json,573234b3,coding_task,2,three_day_main_effect,main_delay_d0600,main_effect,600,600,0,0,,delay,,,True,3,0,165.42,362,5,5,True,0,0,0,heuristic,1223,3
coding_task__three_day_main_effect__main_delay_d0600__run3__eb7874a6.json,eb7874a6,coding_task,3,three_day_main_effect,main_delay_d0600,main_effect,600,600,0,0,,delay,,,True,3,0,125.47,306,5,5,True,0,0,0,heuristic,1026,3
coding_task__three_day_main_effect__main_delay_d0600__run4__15d3fa56.json,15d3fa56,coding_task,4,three_day_main_effect,main_delay_d0600,main_effect,600,600,0,0,,delay,,,True,3,0,131.46,312,5,5,True,0,0,0,heuristic,1048,3
coding_task__three_day_main_effect__main_delay_d0600__run5__e3c6dbfb.json,e3c6dbfb,coding_task,5,three_day_main_effect,main_delay_d0600,main_effect,600,600,0,0,,delay,,,True,3,0,161.93,284,5,5,True,0,0,0,heuristic,936,3
coding_task__three_day_main_effect__main_delay_d0650__run1__8addce9b.json,8addce9b,coding_task,1,three_day_main_effect,main_delay_d0650,main_effect,650,650,0,0,,delay,,,True,3,0,262.32,322,5,5,True,0,0,0,heuristic,1074,3
coding_task__three_day_main_effect__main_delay_d0650__run2__89146d7d.json,89146d7d,coding_task,2,three_day_main_effect,main_delay_d0650,main_effect,650,650,0,0,,delay,,,True,3,0,252.47,252,5,5,True,0,0,0,heuristic,790,3
coding_task__three_day_main_effect__main_delay_d0650__run3__6dbae0e5.json,6dbae0e5,coding_task,3,three_day_main_effect,main_delay_d0650,main_effect,650,650,0,0,,delay,,,True,3,0,148.2,300,5,5,True,0,0,0,heuristic,972,3
coding_task__three_day_main_effect__main_delay_d0650__run4__23b95ed6.json,23b95ed6,coding_task,4,three_day_main_effect,main_delay_d0650,main_effect,650,650,0,0,,delay,,,True,3,0,95.54,256,5,5,True,0,0,0,heuristic,821,3
coding_task__three_day_main_effect__main_delay_d0650__run5__01c3f2ac.json,01c3f2ac,coding_task,5,three_day_main_effect,main_delay_d0650,main_effect,650,650,0,0,,delay,,,True,3,0,132.4,288,5,4,True,0,0,0,heuristic,937,3
coding_task__three_day_main_effect__main_delay_d0700__run1__ca5fd5d9.json,ca5fd5d9,coding_task,1,three_day_main_effect,main_delay_d0700,main_effect,700,700,0,0,,delay,,,True,3,0,151.73,272,5,5,True,0,0,0,heuristic,887,3
coding_task__three_day_main_effect__main_delay_d0700__run2__f7538f0a.json,f7538f0a,coding_task,2,three_day_main_effect,main_delay_d0700,main_effect,700,700,0,0,,delay,,,True,3,0,398.05,327,5,5,True,0,0,0,heuristic,1107,3
coding_task__three_day_main_effect__main_delay_d0700__run3__90b9ebf1.json,90b9ebf1,coding_task,3,three_day_main_effect,main_delay_d0700,main_effect,700,700,0,0,,delay,,,True,3,0,373.86,253,5,5,True,0,0,0,heuristic,810,3
coding_task__three_day_main_effect__main_delay_d0700__run4__633fb4fa.json,633fb4fa,coding_task,4,three_day_main_effect,main_delay_d0700,main_effect,700,700,0,0,,delay,,,True,3,0,121.57,262,5,5,True,0,0,0,heuristic,851,3
coding_task__three_day_main_effect__main_delay_d0700__run5__029f7baf.json,029f7baf,coding_task,5,three_day_main_effect,main_delay_d0700,main_effect,700,700,0,0,,delay,,,True,3,0,260.87,274,5,5,True,0,0,0,heuristic,895,3
coding_task__three_day_main_effect__main_delay_d0750__run1__12cf0d20.json,12cf0d20,coding_task,1,three_day_main_effect,main_delay_d0750,main_effect,750,750,0,0,,delay,,,True,3,0,185.38,368,5,5,True,0,0,0,heuristic,1285,3
coding_task__three_day_main_effect__main_delay_d0750__run2__a234d11d.json,a234d11d,coding_task,2,three_day_main_effect,main_delay_d0750,main_effect,750,750,0,0,,delay,,,True,3,0,251.37,246,5,5,True,0,0,0,heuristic,781,3
coding_task__three_day_main_effect__main_delay_d0750__run3__3043d8db.json,3043d8db,coding_task,3,three_day_main_effect,main_delay_d0750,main_effect,750,750,0,0,,delay,,,True,3,0,126.86,316,5,5,True,0,0,0,heuristic,1024,3
coding_task__three_day_main_effect__main_delay_d0750__run4__7abc7e98.json,7abc7e98,coding_task,4,three_day_main_effect,main_delay_d0750,main_effect,750,750,0,0,,delay,,,True,3,0,161.05,297,5,5,True,0,0,0,heuristic,973,3
coding_task__three_day_main_effect__main_delay_d0750__run5__83e5a087.json,83e5a087,coding_task,5,three_day_main_effect,main_delay_d0750,main_effect,750,750,0,0,,delay,,,True,3,0,257.03,322,5,5,True,0,0,0,heuristic,1085,3
coding_task__three_day_main_effect__main_delay_d0800__run1__9a571589.json,9a571589,coding_task,1,three_day_main_effect,main_delay_d0800,main_effect,800,800,0,0,,delay,,,True,3,0,132.04,290,5,5,True,0,0,0,heuristic,945,3
coding_task__three_day_main_effect__main_delay_d0800__run2__b67fd6a8.json,b67fd6a8,coding_task,2,three_day_main_effect,main_delay_d0800,main_effect,800,800,0,0,,delay,,,True,3,0,285.88,315,5,5,True,0,0,0,heuristic,1056,3
coding_task__three_day_main_effect__main_delay_d0800__run3__e287a3f3.json,e287a3f3,coding_task,3,three_day_main_effect,main_delay_d0800,main_effect,800,800,0,0,,delay,,,True,3,0,272.53,325,5,5,True,0,0,0,heuristic,1111,3
coding_task__three_day_main_effect__main_delay_d0800__run4__03839e31.json,03839e31,coding_task,4,three_day_main_effect,main_delay_d0800,main_effect,800,800,0,0,,delay,,,True,3,0,103.61,244,5,5,True,0,0,0,heuristic,773,3
coding_task__three_day_main_effect__main_delay_d0800__run5__59a99fb4.json,59a99fb4,coding_task,5,three_day_main_effect,main_delay_d0800,main_effect,800,800,0,0,,delay,,,True,3,0,103.54,299,5,5,True,0,0,0,heuristic,969,3
coding_task__three_day_main_effect__main_delay_d0850__run1__39591835.json,39591835,coding_task,1,three_day_main_effect,main_delay_d0850,main_effect,850,850,0,0,,delay,,,True,3,0,116.6,269,5,4,True,0,0,0,heuristic,876,3
coding_task__three_day_main_effect__main_delay_d0850__run2__558ff2da.json,558ff2da,coding_task,2,three_day_main_effect,main_delay_d0850,main_effect,850,850,0,0,,delay,,,True,3,0,130.05,289,5,5,True,0,0,0,heuristic,958,3
coding_task__three_day_main_effect__main_delay_d0850__run3__0d5d98cd.json,0d5d98cd,coding_task,3,three_day_main_effect,main_delay_d0850,main_effect,850,850,0,0,,delay,,,True,3,0,547.82,370,5,5,True,0,1,2,heuristic,1138,4
coding_task__three_day_main_effect__main_delay_d0850__run4__cd75e1a4.json,cd75e1a4,coding_task,4,three_day_main_effect,main_delay_d0850,main_effect,850,850,0,0,,delay,,,True,3,0,108.42,278,5,5,True,0,0,0,heuristic,871,3
coding_task__three_day_main_effect__main_delay_d0850__run5__6bc2b23c.json,6bc2b23c,coding_task,5,three_day_main_effect,main_delay_d0850,main_effect,850,850,0,0,,delay,,,True,3,0,290.71,359,5,5,True,0,0,0,heuristic,1246,3
coding_task__three_day_main_effect__main_delay_d0900__run1__1f6f777c.json,1f6f777c,coding_task,1,three_day_main_effect,main_delay_d0900,main_effect,900,900,0,0,,delay,,,True,3,0,136.34,338,5,5,True,0,0,0,heuristic,1126,3
coding_task__three_day_main_effect__main_delay_d0900__run2__912d4823.json,912d4823,coding_task,2,three_day_main_effect,main_delay_d0900,main_effect,900,900,0,0,,delay,,,True,3,0,122.19,242,5,5,True,0,0,0,heuristic,765,3
coding_task__three_day_main_effect__main_delay_d0900__run3__cd2cf56f.json,cd2cf56f,coding_task,3,three_day_main_effect,main_delay_d0900,main_effect,900,900,0,0,,delay,,,True,3,0,123.94,337,5,5,True,0,0,0,heuristic,1118,3
coding_task__three_day_main_effect__main_delay_d0900__run4__04618baa.json,04618baa,coding_task,4,three_day_main_effect,main_delay_d0900,main_effect,900,900,0,0,,delay,,,True,3,0,139.96,253,5,5,True,0,0,0,heuristic,822,3
coding_task__three_day_main_effect__main_delay_d0900__run5__8f8e83a2.json,8f8e83a2,coding_task,5,three_day_main_effect,main_delay_d0900,main_effect,900,900,0,0,,delay,,,True,3,0,225.72,244,5,5,True,0,0,0,heuristic,768,3
coding_task__three_day_main_effect__main_delay_d0950__run1__0a1228b5.json,0a1228b5,coding_task,1,three_day_main_effect,main_delay_d0950,main_effect,950,950,0,0,,delay,,,True,3,0,139.58,231,5,5,True,0,0,0,heuristic,706,3
coding_task__three_day_main_effect__main_delay_d0950__run2__cd44e071.json,cd44e071,coding_task,2,three_day_main_effect,main_delay_d0950,main_effect,950,950,0,0,,delay,,,True,3,0,237.94,247,5,5,True,0,0,0,heuristic,765,3
coding_task__three_day_main_effect__main_delay_d0950__run3__5afdbad3.json,5afdbad3,coding_task,3,three_day_main_effect,main_delay_d0950,main_effect,950,950,0,0,,delay,,,True,3,0,91.27,276,5,5,True,0,0,0,heuristic,885,3
coding_task__three_day_main_effect__main_delay_d0950__run4__a3cd0517.json,a3cd0517,coding_task,4,three_day_main_effect,main_delay_d0950,main_effect,950,950,0,0,,delay,,,True,3,0,161.01,213,5,5,True,0,0,0,heuristic,638,3
coding_task__three_day_main_effect__main_delay_d0950__run5__d38a3d8e.json,d38a3d8e,coding_task,5,three_day_main_effect,main_delay_d0950,main_effect,950,950,0,0,,delay,,,True,3,0,173.38,368,5,5,True,0,0,0,heuristic,1249,3
coding_task__three_day_main_effect__main_delay_d1000__run1__0a76acb6.json,0a76acb6,coding_task,1,three_day_main_effect,main_delay_d1000,main_effect,1000,1000,0,0,,delay,,,True,3,0,226.62,264,5,5,True,0,0,0,heuristic,855,3
coding_task__three_day_main_effect__main_delay_d1000__run2__8310f75a.json,8310f75a,coding_task,2,three_day_main_effect,main_delay_d1000,main_effect,1000,1000,0,0,,delay,,,True,3,0,138.69,267,5,4,True,0,0,0,heuristic,838,3
coding_task__three_day_main_effect__main_delay_d1000__run3__d67b9c2b.json,d67b9c2b,coding_task,3,three_day_main_effect,main_delay_d1000,main_effect,1000,1000,0,0,,delay,,,True,3,0,117.09,311,5,5,True,0,0,0,heuristic,1023,3
coding_task__three_day_main_effect__main_delay_d1000__run4__5fc09834.json,5fc09834,coding_task,4,three_day_main_effect,main_delay_d1000,main_effect,1000,1000,0,0,,delay,,,True,3,0,162.4,290,5,5,True,0,0,0,heuristic,970,3
coding_task__three_day_main_effect__main_delay_d1000__run5__cc34cd29.json,cc34cd29,coding_task,5,three_day_main_effect,main_delay_d1000,main_effect,1000,1000,0,0,,delay,,,True,3,0,99.37,284,5,5,True,0,0,0,heuristic,934,3
coding_task__three_day_main_effect__main_jitter_j000__run1__7de7bceb.json,7de7bceb,coding_task,1,three_day_main_effect,main_jitter_j000,main_effect,0,0,0,0,,jitter,,,True,3,0,106.41,246,5,5,True,0,0,0,heuristic,780,3
coding_task__three_day_main_effect__main_jitter_j000__run2__b4c6295c.json,b4c6295c,coding_task,2,three_day_main_effect,main_jitter_j000,main_effect,0,0,0,0,,jitter,,,True,3,0,278.18,297,5,5,True,0,0,0,heuristic,998,3
coding_task__three_day_main_effect__main_jitter_j000__run3__7f3024be.json,7f3024be,coding_task,3,three_day_main_effect,main_jitter_j000,main_effect,0,0,0,0,,jitter,,,True,3,0,82.46,245,5,5,True,0,0,0,heuristic,776,3
coding_task__three_day_main_effect__main_jitter_j000__run4__c0df35c8.json,c0df35c8,coding_task,4,three_day_main_effect,main_jitter_j000,main_effect,0,0,0,0,,jitter,,,True,3,0,87.51,246,5,5,True,0,0,0,heuristic,768,3
coding_task__three_day_main_effect__main_jitter_j000__run5__36355a1c.json,36355a1c,coding_task,5,three_day_main_effect,main_jitter_j000,main_effect,0,0,0,0,,jitter,,,True,3,0,169.82,337,5,5,True,0,0,0,heuristic,1146,3
coding_task__three_day_main_effect__main_jitter_j001__run1__61254f2c.json,61254f2c,coding_task,1,three_day_main_effect,main_jitter_j001,main_effect,50,0,1,0,,jitter,,,True,3,0,132.88,337,5,5,True,0,0,0,heuristic,1145,3
coding_task__three_day_main_effect__main_jitter_j001__run2__dc49c1e3.json,dc49c1e3,coding_task,2,three_day_main_effect,main_jitter_j001,main_effect,50,0,1,0,,jitter,,,True,3,0,154.5,256,5,5,True,0,0,0,heuristic,819,3
coding_task__three_day_main_effect__main_jitter_j001__run3__1baa77cf.json,1baa77cf,coding_task,3,three_day_main_effect,main_jitter_j001,main_effect,50,0,1,0,,jitter,,,True,3,0,101.13,237,5,5,True,0,0,0,heuristic,749,3
coding_task__three_day_main_effect__main_jitter_j001__run4__d75e1ee7.json,d75e1ee7,coding_task,4,three_day_main_effect,main_jitter_j001,main_effect,50,0,1,0,,jitter,,,True,3,0,145.86,320,5,5,True,0,0,0,heuristic,1052,3
coding_task__three_day_main_effect__main_jitter_j001__run5__61c8f115.json,61c8f115,coding_task,5,three_day_main_effect,main_jitter_j001,main_effect,50,0,1,0,,jitter,,,True,3,0,271.74,318,5,5,True,0,0,0,heuristic,1087,3
coding_task__three_day_main_effect__main_jitter_j005__run1__6034ec9d.json,6034ec9d,coding_task,1,three_day_main_effect,main_jitter_j005,main_effect,50,0,5,0,,jitter,,,True,3,0,147.24,384,5,5,True,0,0,0,heuristic,1321,3
coding_task__three_day_main_effect__main_jitter_j005__run2__1c5e7a50.json,1c5e7a50,coding_task,2,three_day_main_effect,main_jitter_j005,main_effect,50,0,5,0,,jitter,,,True,3,0,115.93,270,5,5,True,0,0,0,heuristic,877,3
coding_task__three_day_main_effect__main_jitter_j005__run3__51daae11.json,51daae11,coding_task,3,three_day_main_effect,main_jitter_j005,main_effect,50,0,5,0,,jitter,,,True,3,0,243.57,262,5,5,True,0,0,0,heuristic,846,3
coding_task__three_day_main_effect__main_jitter_j005__run4__074375d7.json,074375d7,coding_task,4,three_day_main_effect,main_jitter_j005,main_effect,50,0,5,0,,jitter,,,True,3,0,114.33,254,5,5,True,0,0,0,heuristic,824,3
coding_task__three_day_main_effect__main_jitter_j005__run5__0f6ade03.json,0f6ade03,coding_task,5,three_day_main_effect,main_jitter_j005,main_effect,50,0,5,0,,jitter,,,True,3,0,100.93,250,5,5,True,0,0,0,heuristic,786,3
coding_task__three_day_main_effect__main_jitter_j010__run1__f3cdf955.json,f3cdf955,coding_task,1,three_day_main_effect,main_jitter_j010,main_effect,50,0,10,0,,jitter,,,True,3,0,125.22,289,5,5,True,0,0,0,heuristic,959,3
coding_task__three_day_main_effect__main_jitter_j010__run2__87f10bb3.json,87f10bb3,coding_task,2,three_day_main_effect,main_jitter_j010,main_effect,50,0,10,0,,jitter,,,True,3,0,114.7,309,5,5,True,0,0,0,heuristic,1031,3
coding_task__three_day_main_effect__main_jitter_j010__run3__42bc33a1.json,42bc33a1,coding_task,3,three_day_main_effect,main_jitter_j010,main_effect,50,0,10,0,,jitter,,,True,3,0,122.36,321,5,5,True,0,0,0,heuristic,1079,3
coding_task__three_day_main_effect__main_jitter_j010__run4__e02eb681.json,e02eb681,coding_task,4,three_day_main_effect,main_jitter_j010,main_effect,50,0,10,0,,jitter,,,True,3,0,125.24,297,5,5,True,0,0,0,heuristic,952,3
coding_task__three_day_main_effect__main_jitter_j010__run5__82c8957d.json,82c8957d,coding_task,5,three_day_main_effect,main_jitter_j010,main_effect,50,0,10,0,,jitter,,,True,3,0,128.3,329,5,5,True,0,0,0,heuristic,1097,3
coding_task__three_day_main_effect__main_jitter_j015__run1__2991a6e8.json,2991a6e8,coding_task,1,three_day_main_effect,main_jitter_j015,main_effect,50,0,15,0,,jitter,,,True,3,0,262.23,333,5,5,True,0,0,0,heuristic,1133,3
coding_task__three_day_main_effect__main_jitter_j015__run2__e14b5624.json,e14b5624,coding_task,2,three_day_main_effect,main_jitter_j015,main_effect,50,0,15,0,,jitter,,,True,3,0,113.12,309,5,5,True,0,0,0,heuristic,1032,3
coding_task__three_day_main_effect__main_jitter_j015__run3__aa990e86.json,aa990e86,coding_task,3,three_day_main_effect,main_jitter_j015,main_effect,50,0,15,0,,jitter,,,True,3,0,239.97,248,5,5,True,0,0,0,heuristic,769,3
coding_task__three_day_main_effect__main_jitter_j015__run4__be4a862d.json,be4a862d,coding_task,4,three_day_main_effect,main_jitter_j015,main_effect,50,0,15,0,,jitter,,,True,3,0,101.51,303,5,5,True,0,0,0,heuristic,1012,3
coding_task__three_day_main_effect__main_jitter_j015__run5__319d9b40.json,319d9b40,coding_task,5,three_day_main_effect,main_jitter_j015,main_effect,50,0,15,0,,jitter,,,True,3,0,151.66,252,5,5,True,0,0,0,heuristic,793,3
coding_task__three_day_main_effect__main_jitter_j020__run1__ea075532.json,ea075532,coding_task,1,three_day_main_effect,main_jitter_j020,main_effect,50,0,20,0,,jitter,,,True,3,0,128.13,349,5,5,True,0,0,0,heuristic,1169,3
coding_task__three_day_main_effect__main_jitter_j020__run2__a0025433.json,a0025433,coding_task,2,three_day_main_effect,main_jitter_j020,main_effect,50,0,20,0,,jitter,,,True,3,0,438.67,256,5,5,True,0,0,0,heuristic,809,3
coding_task__three_day_main_effect__main_jitter_j020__run3__23008b92.json,23008b92,coding_task,3,three_day_main_effect,main_jitter_j020,main_effect,50,0,20,0,,jitter,,,True,3,0,220.84,312,5,5,True,0,0,0,heuristic,1047,3
coding_task__three_day_main_effect__main_jitter_j020__run4__0b13cc4c.json,0b13cc4c,coding_task,4,three_day_main_effect,main_jitter_j020,main_effect,50,0,20,0,,jitter,,,True,3,0,137.8,384,5,5,True,0,0,0,heuristic,1335,3
coding_task__three_day_main_effect__main_jitter_j020__run5__89f51206.json,89f51206,coding_task,5,three_day_main_effect,main_jitter_j020,main_effect,50,0,20,0,,jitter,,,True,3,0,482.62,341,5,5,True,0,1,2,heuristic,1020,4
coding_task__three_day_main_effect__main_jitter_j025__run1__f8e284c1.json,f8e284c1,coding_task,1,three_day_main_effect,main_jitter_j025,main_effect,50,0,25,0,,jitter,,,True,3,0,142.13,266,5,5,True,0,0,0,heuristic,857,3
coding_task__three_day_main_effect__main_jitter_j025__run2__dbe45c78.json,dbe45c78,coding_task,2,three_day_main_effect,main_jitter_j025,main_effect,50,0,25,0,,jitter,,,True,3,0,103.49,241,5,5,True,0,0,0,heuristic,764,3
coding_task__three_day_main_effect__main_jitter_j025__run3__aabfdb49.json,aabfdb49,coding_task,3,three_day_main_effect,main_jitter_j025,main_effect,50,0,25,0,,jitter,,,True,3,0,378.22,303,5,5,True,0,0,0,heuristic,1013,3
coding_task__three_day_main_effect__main_jitter_j025__run4__3d37b24d.json,3d37b24d,coding_task,4,three_day_main_effect,main_jitter_j025,main_effect,50,0,25,0,,jitter,,,True,3,0,134.21,305,5,5,True,0,0,0,heuristic,1019,3
coding_task__three_day_main_effect__main_jitter_j025__run5__dd5a1d14.json,dd5a1d14,coding_task,5,three_day_main_effect,main_jitter_j025,main_effect,50,0,25,0,,jitter,,,True,3,0,104.95,335,5,5,True,0,0,0,heuristic,1082,3
coding_task__three_day_main_effect__main_jitter_j030__run1__179fb008.json,179fb008,coding_task,1,three_day_main_effect,main_jitter_j030,main_effect,50,0,30,0,,jitter,,,True,3,0,129.57,238,5,5,True,0,0,0,heuristic,751,3
coding_task__three_day_main_effect__main_jitter_j030__run2__8c259644.json,8c259644,coding_task,2,three_day_main_effect,main_jitter_j030,main_effect,50,0,30,0,,jitter,,,True,3,0,148.38,307,5,5,True,0,0,0,heuristic,1025,3
coding_task__three_day_main_effect__main_jitter_j030__run3__8cb9a6c5.json,8cb9a6c5,coding_task,3,three_day_main_effect,main_jitter_j030,main_effect,50,0,30,0,,jitter,,,True,3,0,302.1,342,5,5,True,0,0,0,heuristic,1157,3
coding_task__three_day_main_effect__main_jitter_j030__run4__35e84a58.json,35e84a58,coding_task,4,three_day_main_effect,main_jitter_j030,main_effect,50,0,30,0,,jitter,,,True,3,0,98.59,295,5,5,True,0,0,0,heuristic,942,3
coding_task__three_day_main_effect__main_jitter_j030__run5__8b76f74b.json,8b76f74b,coding_task,5,three_day_main_effect,main_jitter_j030,main_effect,50,0,30,0,,jitter,,,True,3,0,124.71,214,5,5,True,0,0,0,heuristic,652,3
coding_task__three_day_main_effect__main_jitter_j050__run1__faff04e2.json,faff04e2,coding_task,1,three_day_main_effect,main_jitter_j050,main_effect,50,0,50,0,,jitter,,,True,3,0,146.03,268,5,5,True,0,0,0,heuristic,868,3
coding_task__three_day_main_effect__main_jitter_j050__run2__75b02146.json,75b02146,coding_task,2,three_day_main_effect,main_jitter_j050,main_effect,50,0,50,0,,jitter,,,True,3,0,293.26,333,5,5,True,0,0,0,heuristic,1092,3
coding_task__three_day_main_effect__main_jitter_j050__run3__9ae9d688.json,9ae9d688,coding_task,3,three_day_main_effect,main_jitter_j050,main_effect,50,0,50,0,,jitter,,,True,3,0,179.53,242,5,5,True,0,0,0,heuristic,764,3
coding_task__three_day_main_effect__main_jitter_j050__run4__34f570d1.json,34f570d1,coding_task,4,three_day_main_effect,main_jitter_j050,main_effect,50,0,50,0,,jitter,,,True,3,0,125.94,316,5,5,True,0,0,0,heuristic,1063,3
coding_task__three_day_main_effect__main_jitter_j050__run5__a20b527e.json,a20b527e,coding_task,5,three_day_main_effect,main_jitter_j050,main_effect,50,0,50,0,,jitter,,,True,3,0,393.35,318,5,5,True,0,0,0,heuristic,1068,3
coding_task__three_day_main_effect__main_jitter_j075__run1__abbc7b57.json,abbc7b57,coding_task,1,three_day_main_effect,main_jitter_j075,main_effect,50,0,75,0,,jitter,,,True,3,0,157.98,356,5,5,True,0,0,0,heuristic,1189,3
coding_task__three_day_main_effect__main_jitter_j075__run2__6e54727f.json,6e54727f,coding_task,2,three_day_main_effect,main_jitter_j075,main_effect,50,0,75,0,,jitter,,,True,3,0,148.83,288,5,5,True,0,0,0,heuristic,924,3
coding_task__three_day_main_effect__main_jitter_j075__run3__350c0658.json,350c0658,coding_task,3,three_day_main_effect,main_jitter_j075,main_effect,50,0,75,0,,jitter,,,True,3,0,162.08,308,5,5,True,0,0,0,heuristic,1034,3
coding_task__three_day_main_effect__main_jitter_j075__run4__b09fba7b.json,b09fba7b,coding_task,4,three_day_main_effect,main_jitter_j075,main_effect,50,0,75,0,,jitter,,,True,3,0,139.28,330,5,5,True,0,0,0,heuristic,1117,3
coding_task__three_day_main_effect__main_jitter_j075__run5__cda0360c.json,cda0360c,coding_task,5,three_day_main_effect,main_jitter_j075,main_effect,50,0,75,0,,jitter,,,True,3,0,192.81,292,5,5,True,0,0,0,heuristic,940,3
coding_task__three_day_main_effect__main_loss_loss0__run1__9246d84e.json,9246d84e,coding_task,1,three_day_main_effect,main_loss_loss0,main_effect,0,0,0,0,,loss,,,True,3,0,87.18,234,5,5,True,0,0,0,heuristic,734,3
coding_task__three_day_main_effect__main_loss_loss0__run2__273ebded.json,273ebded,coding_task,2,three_day_main_effect,main_loss_loss0,main_effect,0,0,0,0,,loss,,,True,3,0,123.26,261,5,5,True,0,0,0,heuristic,844,3
coding_task__three_day_main_effect__main_loss_loss0__run3__440b259d.json,440b259d,coding_task,3,three_day_main_effect,main_loss_loss0,main_effect,0,0,0,0,,loss,,,True,3,0,136.66,277,5,5,True,0,0,0,heuristic,906,3
coding_task__three_day_main_effect__main_loss_loss0__run4__05740114.json,05740114,coding_task,4,three_day_main_effect,main_loss_loss0,main_effect,0,0,0,0,,loss,,,True,3,0,148.94,368,5,5,True,0,0,0,heuristic,1278,3
coding_task__three_day_main_effect__main_loss_loss0__run5__a92d5c40.json,a92d5c40,coding_task,5,three_day_main_effect,main_loss_loss0,main_effect,0,0,0,0,,loss,,,True,3,0,103.84,290,5,5,True,0,0,0,heuristic,957,3
coding_task__three_day_main_effect__main_loss_loss10__run1__62f482e0.json,62f482e0,coding_task,1,three_day_main_effect,main_loss_loss10,main_effect,0,0,0,10,,loss,,,True,3,0,90.58,274,5,4,True,0,0,0,heuristic,894,3
coding_task__three_day_main_effect__main_loss_loss10__run2__473db720.json,473db720,coding_task,2,three_day_main_effect,main_loss_loss10,main_effect,0,0,0,10,,loss,,,True,3,0,230.26,241,5,5,True,0,0,0,heuristic,763,3
coding_task__three_day_main_effect__main_loss_loss10__run3__2400be0c.json,2400be0c,coding_task,3,three_day_main_effect,main_loss_loss10,main_effect,0,0,0,10,,loss,,,True,3,0,146.01,256,5,5,True,0,0,0,heuristic,807,3
coding_task__three_day_main_effect__main_loss_loss10__run4__01a899b1.json,01a899b1,coding_task,4,three_day_main_effect,main_loss_loss10,main_effect,0,0,0,10,,loss,,,True,3,0,123.17,247,5,4,True,0,0,0,heuristic,796,3
coding_task__three_day_main_effect__main_loss_loss10__run5__3d55b186.json,3d55b186,coding_task,5,three_day_main_effect,main_loss_loss10,main_effect,0,0,0,10,,loss,,,True,3,0,230.97,293,5,5,True,0,0,0,heuristic,972,3
coding_task__three_day_main_effect__main_loss_loss15__run1__e451a7db.json,e451a7db,coding_task,1,three_day_main_effect,main_loss_loss15,main_effect,0,0,0,15,,loss,,,True,3,0,114.71,240,5,5,True,0,0,0,heuristic,746,3
coding_task__three_day_main_effect__main_loss_loss15__run2__ceab4b04.json,ceab4b04,coding_task,2,three_day_main_effect,main_loss_loss15,main_effect,0,0,0,15,,loss,,,True,3,0,503.95,304,5,5,True,0,1,2,heuristic,875,4
coding_task__three_day_main_effect__main_loss_loss15__run3__ce126658.json,ce126658,coding_task,3,three_day_main_effect,main_loss_loss15,main_effect,0,0,0,15,,loss,,,True,3,0,266.86,261,5,5,True,0,0,0,heuristic,831,3
coding_task__three_day_main_effect__main_loss_loss15__run4__556aed8f.json,556aed8f,coding_task,4,three_day_main_effect,main_loss_loss15,main_effect,0,0,0,15,,loss,,,True,3,0,102.27,262,5,5,True,0,0,0,heuristic,849,3
coding_task__three_day_main_effect__main_loss_loss15__run5__2af79901.json,2af79901,coding_task,5,three_day_main_effect,main_loss_loss15,main_effect,0,0,0,15,,loss,,,True,3,0,153.15,295,5,5,True,0,0,0,heuristic,953,3
coding_task__three_day_main_effect__main_loss_loss1__run1__515b3549.json,515b3549,coding_task,1,three_day_main_effect,main_loss_loss1,main_effect,0,0,0,1,,loss,,,True,3,0,161.54,365,5,5,True,0,0,0,heuristic,1234,3
coding_task__three_day_main_effect__main_loss_loss1__run2__d2632afc.json,d2632afc,coding_task,2,three_day_main_effect,main_loss_loss1,main_effect,0,0,0,1,,loss,,,True,3,0,239.09,219,5,5,True,0,0,0,heuristic,672,3
coding_task__three_day_main_effect__main_loss_loss1__run3__ba74be7c.json,ba74be7c,coding_task,3,three_day_main_effect,main_loss_loss1,main_effect,0,0,0,1,,loss,,,True,3,0,182.48,303,5,5,True,0,0,0,heuristic,1012,3
coding_task__three_day_main_effect__main_loss_loss1__run4__e4eace4b.json,e4eace4b,coding_task,4,three_day_main_effect,main_loss_loss1,main_effect,0,0,0,1,,loss,,,True,3,0,132.6,334,5,5,True,0,0,0,heuristic,1134,3
coding_task__three_day_main_effect__main_loss_loss1__run5__5949a9c0.json,5949a9c0,coding_task,5,three_day_main_effect,main_loss_loss1,main_effect,0,0,0,1,,loss,,,True,3,0,122.45,331,5,5,True,0,0,0,heuristic,1128,3
coding_task__three_day_main_effect__main_loss_loss20__run1__6b36404d.json,6b36404d,coding_task,1,three_day_main_effect,main_loss_loss20,main_effect,0,0,0,20,,loss,,,True,3,0,134.92,347,5,5,True,0,0,0,heuristic,1160,3
coding_task__three_day_main_effect__main_loss_loss20__run2__03a1e572.json,03a1e572,coding_task,2,three_day_main_effect,main_loss_loss20,main_effect,0,0,0,20,,loss,,,True,3,0,155.46,338,5,5,True,0,0,0,heuristic,1115,3
coding_task__three_day_main_effect__main_loss_loss20__run3__fa75dbad.json,fa75dbad,coding_task,3,three_day_main_effect,main_loss_loss20,main_effect,0,0,0,20,,loss,,,True,3,0,411.35,342,5,5,True,0,0,0,heuristic,1166,3
coding_task__three_day_main_effect__main_loss_loss20__run4__3b4256ef.json,3b4256ef,coding_task,4,three_day_main_effect,main_loss_loss20,main_effect,0,0,0,20,,loss,,,True,3,0,158.63,338,5,5,True,0,0,0,heuristic,1158,3
coding_task__three_day_main_effect__main_loss_loss20__run5__99e59883.json,99e59883,coding_task,5,three_day_main_effect,main_loss_loss20,main_effect,0,0,0,20,,loss,,,True,3,0,104.82,313,5,5,True,0,0,0,heuristic,1053,3
coding_task__three_day_main_effect__main_loss_loss25__run1__63db7e2e.json,63db7e2e,coding_task,1,three_day_main_effect,main_loss_loss25,main_effect,0,0,0,25,,loss,,,True,3,0,244.1,274,5,5,True,0,0,0,heuristic,895,3
coding_task__three_day_main_effect__main_loss_loss25__run2__dad66719.json,dad66719,coding_task,2,three_day_main_effect,main_loss_loss25,main_effect,0,0,0,25,,loss,,,True,3,0,268.5,317,5,5,True,0,0,0,heuristic,1040,3
coding_task__three_day_main_effect__main_loss_loss25__run3__5f665982.json,5f665982,coding_task,3,three_day_main_effect,main_loss_loss25,main_effect,0,0,0,25,,loss,,,True,3,0,311.51,259,5,5,True,0,0,0,heuristic,832,3
coding_task__three_day_main_effect__main_loss_loss25__run4__2c9ca649.json,2c9ca649,coding_task,4,three_day_main_effect,main_loss_loss25,main_effect,0,0,0,25,,loss,,,True,3,0,105.37,300,5,5,True,0,0,0,heuristic,1001,3
coding_task__three_day_main_effect__main_loss_loss25__run5__fc49dba0.json,fc49dba0,coding_task,5,three_day_main_effect,main_loss_loss25,main_effect,0,0,0,25,,loss,,,True,3,0,149.9,257,5,4,True,0,0,0,heuristic,814,3
coding_task__three_day_main_effect__main_loss_loss30__run1__1314bf61.json,1314bf61,coding_task,1,three_day_main_effect,main_loss_loss30,main_effect,0,0,0,30,,loss,,,True,3,0,13650.37,291,5,5,True,0,1,2,heuristic,829,4
coding_task__three_day_main_effect__main_loss_loss30__run2__cebfeb70.json,cebfeb70,coding_task,2,three_day_main_effect,main_loss_loss30,main_effect,0,0,0,30,,loss,,,True,3,0,167.68,322,5,5,True,0,0,0,heuristic,1088,3
coding_task__three_day_main_effect__main_loss_loss30__run3__6058f522.json,6058f522,coding_task,3,three_day_main_effect,main_loss_loss30,main_effect,0,0,0,30,,loss,,,True,3,0,541.9,350,5,5,True,0,1,2,heuristic,1061,4
coding_task__three_day_main_effect__main_loss_loss30__run4__8c363e77.json,8c363e77,coding_task,4,three_day_main_effect,main_loss_loss30,main_effect,0,0,0,30,,loss,,,True,3,0,164.34,367,5,5,True,0,0,0,heuristic,1246,3
coding_task__three_day_main_effect__main_loss_loss30__run5__3ace7b3d.json,3ace7b3d,coding_task,5,three_day_main_effect,main_loss_loss30,main_effect,0,0,0,30,,loss,,,True,3,0,542.91,336,5,5,True,0,1,2,heuristic,1001,4
coding_task__three_day_main_effect__main_loss_loss40__run1__bd18957a.json,bd18957a,coding_task,1,three_day_main_effect,main_loss_loss40,main_effect,0,0,0,40,,loss,,,True,3,0,136.29,282,5,5,True,0,0,0,heuristic,906,3
coding_task__three_day_main_effect__main_loss_loss40__run2__19866d6b.json,19866d6b,coding_task,2,three_day_main_effect,main_loss_loss40,main_effect,0,0,0,40,,loss,,,True,3,0,175.55,269,5,5,True,0,0,0,heuristic,874,3
coding_task__three_day_main_effect__main_loss_loss40__run3__8ed54ee0.json,8ed54ee0,coding_task,3,three_day_main_effect,main_loss_loss40,main_effect,0,0,0,40,,loss,,,True,3,0,292.82,334,5,5,True,0,0,0,heuristic,1108,3
coding_task__three_day_main_effect__main_loss_loss40__run4__b212529e.json,b212529e,coding_task,4,three_day_main_effect,main_loss_loss40,main_effect,0,0,0,40,,loss,,,True,3,0,123.08,352,5,5,True,0,0,0,heuristic,1181,3
coding_task__three_day_main_effect__main_loss_loss40__run5__90fe1f9d.json,90fe1f9d,coding_task,5,three_day_main_effect,main_loss_loss40,main_effect,0,0,0,40,,loss,,,True,3,0,113.6,272,5,5,True,0,0,0,heuristic,892,3
coding_task__three_day_main_effect__main_loss_loss50__run1__a44c2932.json,a44c2932,coding_task,1,three_day_main_effect,main_loss_loss50,main_effect,0,0,0,50,,loss,,,True,3,0,141.95,301,5,5,True,0,0,0,heuristic,1017,3
coding_task__three_day_main_effect__main_loss_loss50__run2__35200167.json,35200167,coding_task,2,three_day_main_effect,main_loss_loss50,main_effect,0,0,0,50,,loss,,,True,3,0,104.67,276,5,5,True,0,0,0,heuristic,906,3
coding_task__three_day_main_effect__main_loss_loss50__run3__87e657bd.json,87e657bd,coding_task,3,three_day_main_effect,main_loss_loss50,main_effect,0,0,0,50,,loss,,,True,3,0,392.85,267,5,5,True,0,0,0,heuristic,852,3
coding_task__three_day_main_effect__main_loss_loss50__run4__ab4c60a6.json,ab4c60a6,coding_task,4,three_day_main_effect,main_loss_loss50,main_effect,0,0,0,50,,loss,,,True,3,0,222.38,317,5,5,True,0,0,0,heuristic,1040,3
coding_task__three_day_main_effect__main_loss_loss50__run5__71e0f0f7.json,71e0f0f7,coding_task,5,three_day_main_effect,main_loss_loss50,main_effect,0,0,0,50,,loss,,,True,3,0,369.39,338,5,5,True,0,0,0,heuristic,1124,3
coding_task__three_day_main_effect__main_loss_loss5__run1__3745dfa4.json,3745dfa4,coding_task,1,three_day_main_effect,main_loss_loss5,main_effect,0,0,0,5,,loss,,,True,3,0,136.26,329,5,5,True,0,0,0,heuristic,1090,3
coding_task__three_day_main_effect__main_loss_loss5__run2__10429bf6.json,10429bf6,coding_task,2,three_day_main_effect,main_loss_loss5,main_effect,0,0,0,5,,loss,,,True,3,0,152.21,215,5,5,True,0,0,0,heuristic,657,3
coding_task__three_day_main_effect__main_loss_loss5__run3__e36aca33.json,e36aca33,coding_task,3,three_day_main_effect,main_loss_loss5,main_effect,0,0,0,5,,loss,,,True,3,0,173.78,324,5,5,True,0,0,0,heuristic,1069,3
coding_task__three_day_main_effect__main_loss_loss5__run4__28e4a9d1.json,28e4a9d1,coding_task,4,three_day_main_effect,main_loss_loss5,main_effect,0,0,0,5,,loss,,,True,3,0,122.51,281,5,5,True,0,0,0,heuristic,920,3
coding_task__three_day_main_effect__main_loss_loss5__run5__7aaff228.json,7aaff228,coding_task,5,three_day_main_effect,main_loss_loss5,main_effect,0,0,0,5,,loss,,,True,3,0,135.61,291,5,5,True,0,0,0,heuristic,926,3
coding_task__three_day_main_effect__main_loss_loss75__run1__0fc9532d.json,0fc9532d,coding_task,1,three_day_main_effect,main_loss_loss75,main_effect,0,0,0,75,,loss,,,True,3,0,364.67,253,5,5,True,0,0,0,heuristic,778,3
coding_task__three_day_main_effect__main_loss_loss75__run2__59f1c670.json,59f1c670,coding_task,2,three_day_main_effect,main_loss_loss75,main_effect,0,0,0,75,,loss,,,True,3,0,649.18,311,5,5,True,0,1,2,heuristic,906,4
coding_task__three_day_main_effect__main_loss_loss75__run3__7d9d91bb.json,7d9d91bb,coding_task,3,three_day_main_effect,main_loss_loss75,main_effect,0,0,0,75,,loss,,,True,3,0,345.79,304,5,5,True,0,0,0,heuristic,1015,3
coding_task__three_day_main_effect__main_loss_loss75__run4__9a57cb19.json,9a57cb19,coding_task,4,three_day_main_effect,main_loss_loss75,main_effect,0,0,0,75,,loss,,,True,3,0,530.06,350,5,5,True,0,0,0,heuristic,1200,3
coding_task__three_day_main_effect__main_loss_loss75__run5__2be45a3a.json,2be45a3a,coding_task,5,three_day_main_effect,main_loss_loss75,main_effect,0,0,0,75,,loss,,,False,2,0,1216.54,293,,5,True,2,2,5,heuristic,754,4
data_analysis__r01_m01__sideA__three_day_tournament__factorial_baseline__run1__0842bce1.json,0842bce1,data_analysis,1,three_day_tournament,factorial_baseline,factorial,0,0,0,0,,,r01_m01,A,True,3,0,93.7,564,5,5,True,0,0,0,heuristic,2033,3
data_analysis__r01_m01__sideB__three_day_tournament__factorial_delay_loss_jitter__run1__340c8079.json,340c8079,data_analysis,1,three_day_tournament,factorial_delay_loss_jitter,factorial,300,300,30,5,,,r01_m01,B,True,3,0,117.15,521,5,5,True,0,0,0,heuristic,1833,3
data_analysis__r01_m02__sideA__three_day_tournament__factorial_jitter__run1__65e8cb0f.json,65e8cb0f,data_analysis,1,three_day_tournament,factorial_jitter,factorial,50,0,30,0,,,r01_m02,A,True,3,0,120.24,608,5,5,True,0,0,0,heuristic,2214,3
data_analysis__r01_m02__sideB__three_day_tournament__factorial_delay_loss__run1__00f3ac53.json,00f3ac53,data_analysis,1,three_day_tournament,factorial_delay_loss,factorial,300,300,0,5,,,r01_m02,B,True,3,0,110.42,565,5,5,True,0,0,0,heuristic,2044,3
data_analysis__r01_m03__sideA__three_day_tournament__factorial_loss__run1__b19b9df3.json,b19b9df3,data_analysis,1,three_day_tournament,factorial_loss,factorial,0,0,0,5,,,r01_m03,A,True,3,0,119.76,533,5,5,True,0,0,0,heuristic,1920,3
data_analysis__r01_m03__sideB__three_day_tournament__factorial_delay_jitter__run1__2feefada.json,2feefada,data_analysis,1,three_day_tournament,factorial_delay_jitter,factorial,300,300,30,0,,,r01_m03,B,True,3,0,124.44,510,5,5,True,0,0,0,heuristic,1821,3
data_analysis__r01_m04__sideA__three_day_tournament__factorial_loss_jitter__run1__91f24f01.json,91f24f01,data_analysis,1,three_day_tournament,factorial_loss_jitter,factorial,50,0,30,5,,,r01_m04,A,True,3,0,100.4,549,5,5,True,0,0,0,heuristic,1969,3
data_analysis__r01_m04__sideB__three_day_tournament__factorial_delay__run1__2c5cc1a6.json,2c5cc1a6,data_analysis,1,three_day_tournament,factorial_delay,factorial,300,300,0,0,,,r01_m04,B,True,3,0,123.25,568,5,5,True,0,0,0,heuristic,2030,3
data_analysis__r02_m01__sideA__three_day_tournament__factorial_baseline__run1__42e625de.json,42e625de,data_analysis,1,three_day_tournament,factorial_baseline,factorial,0,0,0,0,,,r02_m01,A,True,3,0,94.53,476,5,5,True,0,0,0,heuristic,1685,3
data_analysis__r02_m01__sideB__three_day_tournament__factorial_delay_loss__run1__b38a9664.json,b38a9664,data_analysis,1,three_day_tournament,factorial_delay_loss,factorial,300,300,0,5,,,r02_m01,B,True,3,0,127.6,432,5,5,True,0,0,0,heuristic,1489,3
data_analysis__r02_m02__sideA__three_day_tournament__factorial_delay_loss_jitter__run1__ad9d6a56.json,ad9d6a56,data_analysis,1,three_day_tournament,factorial_delay_loss_jitter,factorial,300,300,30,5,,,r02_m02,A,True,3,0,121.48,541,5,5,True,0,0,0,heuristic,1940,3
data_analysis__r02_m02__sideB__three_day_tournament__factorial_delay_jitter__run1__ded3cf78.json,ded3cf78,data_analysis,1,three_day_tournament,factorial_delay_jitter,factorial,300,300,30,0,,,r02_m02,B,True,3,0,124.84,500,5,5,True,0,0,0,heuristic,1773,3
data_analysis__r02_m03__sideA__three_day_tournament__factorial_jitter__run1__96740bff.json,96740bff,data_analysis,1,three_day_tournament,factorial_jitter,factorial,50,0,30,0,,,r02_m03,A,True,3,0,133.95,642,4,5,True,0,0,0,heuristic,2304,3
data_analysis__r02_m03__sideB__three_day_tournament__factorial_delay__run1__3036ae00.json,3036ae00,data_analysis,1,three_day_tournament,factorial_delay,factorial,300,300,0,0,,,r02_m03,B,True,3,0,109.54,472,5,5,True,0,0,0,heuristic,1638,3
data_analysis__r02_m04__sideA__three_day_tournament__factorial_loss__run1__61657d14.json,61657d14,data_analysis,1,three_day_tournament,factorial_loss,factorial,0,0,0,5,,,r02_m04,A,True,3,0,107.13,476,5,5,True,0,0,0,heuristic,1687,3
data_analysis__r02_m04__sideB__three_day_tournament__factorial_loss_jitter__run1__05d46127.json,05d46127,data_analysis,1,three_day_tournament,factorial_loss_jitter,factorial,50,0,30,5,,,r02_m04,B,True,3,0,123.73,640,5,5,True,0,0,0,heuristic,2346,3
data_analysis__r03_m01__sideA__three_day_tournament__factorial_baseline__run1__dd39df0f.json,dd39df0f,data_analysis,1,three_day_tournament,factorial_baseline,factorial,0,0,0,0,,,r03_m01,A,True,3,0,147.7,488,5,5,True,0,0,0,heuristic,1736,3
data_analysis__r03_m01__sideB__three_day_tournament__factorial_delay_jitter__run1__d64f872e.json,d64f872e,data_analysis,1,three_day_tournament,factorial_delay_jitter,factorial,300,300,30,0,,,r03_m01,B,True,3,0,105.97,569,5,5,True,0,0,0,heuristic,2064,3
data_analysis__r03_m02__sideA__three_day_tournament__factorial_delay_loss__run1__dd1fde64.json,dd1fde64,data_analysis,1,three_day_tournament,factorial_delay_loss,factorial,300,300,0,5,,,r03_m02,A,True,3,0,120.54,554,5,5,True,0,0,0,heuristic,2007,3
data_analysis__r03_m02__sideB__three_day_tournament__factorial_delay__run1__ab7f8149.json,ab7f8149,data_analysis,1,three_day_tournament,factorial_delay,factorial,300,300,0,0,,,r03_m02,B,True,3,0,124.66,577,5,5,True,0,0,0,heuristic,2090,3
data_analysis__r03_m03__sideA__three_day_tournament__factorial_delay_loss_jitter__run1__f2b0ebf0.json,f2b0ebf0,data_analysis,1,three_day_tournament,factorial_delay_loss_jitter,factorial,300,300,30,5,,,r03_m03,A,True,3,0,123.0,499,5,5,True,0,0,0,heuristic,1785,3
data_analysis__r03_m03__sideB__three_day_tournament__factorial_loss_jitter__run1__c6efc872.json,c6efc872,data_analysis,1,three_day_tournament,factorial_loss_jitter,factorial,50,0,30,5,,,r03_m03,B,True,3,0,121.03,591,5,5,True,0,0,0,heuristic,2147,3
data_analysis__r03_m04__sideA__three_day_tournament__factorial_jitter__run1__88a754f0.json,88a754f0,data_analysis,1,three_day_tournament,factorial_jitter,factorial,50,0,30,0,,,r03_m04,A,True,3,0,115.23,578,5,5,True,0,0,0,heuristic,2100,3
data_analysis__r03_m04__sideB__three_day_tournament__factorial_loss__run1__627f2ea8.json,627f2ea8,data_analysis,1,three_day_tournament,factorial_loss,factorial,0,0,0,5,,,r03_m04,B,True,3,0,110.62,495,5,5,True,0,0,0,heuristic,1784,3
data_analysis__r04_m01__sideA__three_day_tournament__factorial_baseline__run1__e6612e5b.json,e6612e5b,data_analysis,1,three_day_tournament,factorial_baseline,factorial,0,0,0,0,,,r04_m01,A,True,3,0,109.1,563,5,5,True,0,0,0,heuristic,2026,3
data_analysis__r04_m01__sideB__three_day_tournament__factorial_delay__run1__030b0d4d.json,030b0d4d,data_analysis,1,three_day_tournament,factorial_delay,factorial,300,300,0,0,,,r04_m01,B,True,3,0,102.6,506,5,5,True,0,0,0,heuristic,1809,3
data_analysis__r04_m02__sideA__three_day_tournament__factorial_delay_jitter__run1__e4f36b8c.json,e4f36b8c,data_analysis,1,three_day_tournament,factorial_delay_jitter,factorial,300,300,30,0,,,r04_m02,A,True,3,0,134.43,568,5,5,True,0,0,0,heuristic,2058,3
data_analysis__r04_m02__sideB__three_day_tournament__factorial_loss_jitter__run1__5cc1f3de.json,5cc1f3de,data_analysis,1,three_day_tournament,factorial_loss_jitter,factorial,50,0,30,5,,,r04_m02,B,True,3,0,135.5,499,5,5,True,0,0,0,heuristic,1774,3
data_analysis__r04_m03__sideA__three_day_tournament__factorial_delay_loss__run1__621a973a.json,621a973a,data_analysis,1,three_day_tournament,factorial_delay_loss,factorial,300,300,0,5,,,r04_m03,A,True,3,0,122.85,571,5,5,True,0,0,0,heuristic,2058,3
data_analysis__r04_m03__sideB__three_day_tournament__factorial_loss__run1__2b82f62c.json,2b82f62c,data_analysis,1,three_day_tournament,factorial_loss,factorial,0,0,0,5,,,r04_m03,B,True,3,0,115.77,486,5,5,True,0,0,0,heuristic,1725,3
data_analysis__r04_m04__sideA__three_day_tournament__factorial_delay_loss_jitter__run1__01ab164d.json,01ab164d,data_analysis,1,three_day_tournament,factorial_delay_loss_jitter,factorial,300,300,30,5,,,r04_m04,A,True,3,0,118.39,457,5,5,True,0,0,0,heuristic,1609,3
data_analysis__r04_m04__sideB__three_day_tournament__factorial_jitter__run1__0392cc62.json,0392cc62,data_analysis,1,three_day_tournament,factorial_jitter,factorial,50,0,30,0,,,r04_m04,B,True,3,0,141.53,558,5,5,True,0,0,0,heuristic,2012,3
data_analysis__r05_m01__sideA__three_day_tournament__factorial_baseline__run1__7b118216.json,7b118216,data_analysis,1,three_day_tournament,factorial_baseline,factorial,0,0,0,0,,,r05_m01,A,True,3,0,130.56,487,5,5,True,0,0,0,heuristic,1736,3
data_analysis__r05_m01__sideB__three_day_tournament__factorial_loss_jitter__run1__387273c8.json,387273c8,data_analysis,1,three_day_tournament,factorial_loss_jitter,factorial,50,0,30,5,,,r05_m01,B,True,3,0,264.14,399,5,5,True,0,0,0,heuristic,1386,3
data_analysis__r05_m02__sideA__three_day_tournament__factorial_delay__run1__442734b5.json,442734b5,data_analysis,1,three_day_tournament,factorial_delay,factorial,300,300,0,0,,,r05_m02,A,True,3,0,122.48,625,5,5,True,0,0,0,heuristic,2284,3
data_analysis__r05_m02__sideB__three_day_tournament__factorial_loss__run1__f537b2c9.json,f537b2c9,data_analysis,1,three_day_tournament,factorial_loss,factorial,0,0,0,5,,,r05_m02,B,True,3,0,117.94,498,5,5,True,0,0,0,heuristic,1750,3
data_analysis__r05_m03__sideA__three_day_tournament__factorial_delay_jitter__run1__199c114b.json,199c114b,data_analysis,1,three_day_tournament,factorial_delay_jitter,factorial,300,300,30,0,,,r05_m03,A,True,3,0,86.76,463,5,5,True,0,0,0,heuristic,1643,3
data_analysis__r05_m03__sideB__three_day_tournament__factorial_jitter__run1__1d284698.json,1d284698,data_analysis,1,three_day_tournament,factorial_jitter,factorial,50,0,30,0,,,r05_m03,B,True,3,0,102.78,499,5,5,True,0,0,0,heuristic,1778,3
data_analysis__r05_m04__sideA__three_day_tournament__factorial_delay_loss__run1__c8dd7461.json,c8dd7461,data_analysis,1,three_day_tournament,factorial_delay_loss,factorial,300,300,0,5,,,r05_m04,A,True,3,0,111.4,478,5,5,True,0,0,0,heuristic,1689,3
data_analysis__r05_m04__sideB__three_day_tournament__factorial_delay_loss_jitter__run1__08ae91b6.json,08ae91b6,data_analysis,1,three_day_tournament,factorial_delay_loss_jitter,factorial,300,300,30,5,,,r05_m04,B,True,3,0,102.27,519,5,5,True,0,0,0,heuristic,1865,3
data_analysis__r06_m01__sideA__three_day_tournament__factorial_baseline__run1__ae5d949d.json,ae5d949d,data_analysis,1,three_day_tournament,factorial_baseline,factorial,0,0,0,0,,,r06_m01,A,True,3,0,143.57,669,5,5,True,0,0,0,heuristic,2479,3
data_analysis__r06_m01__sideB__three_day_tournament__factorial_loss__run1__ee989aa7.json,ee989aa7,data_analysis,1,three_day_tournament,factorial_loss,factorial,0,0,0,5,,,r06_m01,B,True,3,0,261.2,458,4,5,True,0,0,0,heuristic,1607,3
data_analysis__r06_m02__sideA__three_day_tournament__factorial_loss_jitter__run1__826c5d06.json,826c5d06,data_analysis,1,three_day_tournament,factorial_loss_jitter,factorial,50,0,30,5,,,r06_m02,A,True,3,0,107.01,544,5,5,True,0,0,0,heuristic,1925,3
data_analysis__r06_m02__sideB__three_day_tournament__factorial_jitter__run1__c9e6b532.json,c9e6b532,data_analysis,1,three_day_tournament,factorial_jitter,factorial,50,0,30,0,,,r06_m02,B,True,3,0,117.95,612,5,5,True,0,0,0,heuristic,2227,3
data_analysis__r06_m03__sideA__three_day_tournament__factorial_delay__run1__946be4f6.json,946be4f6,data_analysis,1,three_day_tournament,factorial_delay,factorial,300,300,0,0,,,r06_m03,A,True,3,0,92.18,477,5,5,True,0,0,0,heuristic,1682,3
data_analysis__r06_m03__sideB__three_day_tournament__factorial_delay_loss_jitter__run1__e99e0ff2.json,e99e0ff2,data_analysis,1,three_day_tournament,factorial_delay_loss_jitter,factorial,300,300,30,5,,,r06_m03,B,True,3,0,153.81,617,5,5,True,0,0,0,heuristic,2240,3
data_analysis__r06_m04__sideA__three_day_tournament__factorial_delay_jitter__run1__2063ad2f.json,2063ad2f,data_analysis,1,three_day_tournament,factorial_delay_jitter,factorial,300,300,30,0,,,r06_m04,A,True,3,0,259.87,524,5,5,True,0,0,0,heuristic,1887,3
data_analysis__r06_m04__sideB__three_day_tournament__factorial_delay_loss__run1__378419e4.json,378419e4,data_analysis,1,three_day_tournament,factorial_delay_loss,factorial,300,300,0,5,,,r06_m04,B,True,3,0,112.18,527,5,5,True,0,0,0,heuristic,1871,3
data_analysis__r07_m01__sideA__three_day_tournament__factorial_baseline__run1__f220dd6c.json,f220dd6c,data_analysis,1,three_day_tournament,factorial_baseline,factorial,0,0,0,0,,,r07_m01,A,True,3,0,130.14,558,5,5,True,0,0,0,heuristic,2032,3
data_analysis__r07_m01__sideB__three_day_tournament__factorial_jitter__run1__723444be.json,723444be,data_analysis,1,three_day_tournament,factorial_jitter,factorial,50,0,30,0,,,r07_m01,B,True,3,0,113.48,530,5,5,True,0,0,0,heuristic,1900,3
data_analysis__r07_m02__sideA__three_day_tournament__factorial_loss__run1__28a1c0be.json,28a1c0be,data_analysis,1,three_day_tournament,factorial_loss,factorial,0,0,0,5,,,r07_m02,A,True,3,0,131.27,578,5,5,True,0,0,0,heuristic,2096,3
data_analysis__r07_m02__sideB__three_day_tournament__factorial_delay_loss_jitter__run1__0d7d8582.json,0d7d8582,data_analysis,1,three_day_tournament,factorial_delay_loss_jitter,factorial,300,300,30,5,,,r07_m02,B,True,3,0,134.2,549,5,5,True,0,0,0,heuristic,1958,3
data_analysis__r07_m03__sideA__three_day_tournament__factorial_loss_jitter__run1__3515420a.json,3515420a,data_analysis,1,three_day_tournament,factorial_loss_jitter,factorial,50,0,30,5,,,r07_m03,A,True,3,0,128.59,612,5,5,True,0,0,0,heuristic,2236,3
data_analysis__r07_m03__sideB__three_day_tournament__factorial_delay_loss__run1__08f71adf.json,08f71adf,data_analysis,1,three_day_tournament,factorial_delay_loss,factorial,300,300,0,5,,,r07_m03,B,True,3,0,120.12,554,5,5,True,0,0,0,heuristic,1989,3
data_analysis__r07_m04__sideA__three_day_tournament__factorial_delay__run1__92242c5b.json,92242c5b,data_analysis,1,three_day_tournament,factorial_delay,factorial,300,300,0,0,,,r07_m04,A,True,3,0,96.91,473,5,5,True,0,0,0,heuristic,1687,3
data_analysis__r07_m04__sideB__three_day_tournament__factorial_delay_jitter__run1__44b7a276.json,44b7a276,data_analysis,1,three_day_tournament,factorial_delay_jitter,factorial,300,300,30,0,,,r07_m04,B,True,3,0,122.95,463,5,5,True,0,0,0,heuristic,1625,3
data_analysis__three_day_baseline_extra__combined_d0000_loss0_j000__run10__eeb0565a.json,eeb0565a,data_analysis,10,three_day_baseline_extra,combined_d0000_loss0_j000,combined,0,0,0,0,,,,,True,3,0,106.05,570,5,5,True,0,0,0,heuristic,2064,3
data_analysis__three_day_baseline_extra__combined_d0000_loss0_j000__run11__480050f5.json,480050f5,data_analysis,11,three_day_baseline_extra,combined_d0000_loss0_j000,combined,0,0,0,0,,,,,True,3,0,129.45,555,5,5,True,0,0,0,heuristic,1985,3
data_analysis__three_day_baseline_extra__combined_d0000_loss0_j000__run12__18c05149.json,18c05149,data_analysis,12,three_day_baseline_extra,combined_d0000_loss0_j000,combined,0,0,0,0,,,,,True,3,0,106.57,489,5,5,True,0,0,0,heuristic,1742,3
data_analysis__three_day_baseline_extra__combined_d0000_loss0_j000__run13__8b175585.json,8b175585,data_analysis,13,three_day_baseline_extra,combined_d0000_loss0_j000,combined,0,0,0,0,,,,,True,3,0,91.35,469,5,5,True,0,0,0,heuristic,1658,3
data_analysis__three_day_baseline_extra__combined_d0000_loss0_j000__run14__910c69b4.json,910c69b4,data_analysis,14,three_day_baseline_extra,combined_d0000_loss0_j000,combined,0,0,0,0,,,,,True,3,0,128.03,553,5,5,True,0,0,0,heuristic,2015,3
data_analysis__three_day_baseline_extra__combined_d0000_loss0_j000__run15__45c62303.json,45c62303,data_analysis,15,three_day_baseline_extra,combined_d0000_loss0_j000,combined,0,0,0,0,,,,,True,3,0,101.44,484,5,5,True,0,0,0,heuristic,1725,3
data_analysis__three_day_baseline_extra__combined_d0000_loss0_j000__run16__e51e77c0.json,e51e77c0,data_analysis,16,three_day_baseline_extra,combined_d0000_loss0_j000,combined,0,0,0,0,,,,,True,3,0,96.81,439,5,5,True,0,0,0,heuristic,1546,3
data_analysis__three_day_baseline_extra__combined_d0000_loss0_j000__run17__ba94f1f8.json,ba94f1f8,data_analysis,17,three_day_baseline_extra,combined_d0000_loss0_j000,combined,0,0,0,0,,,,,True,3,0,115.18,545,5,5,True,0,0,0,heuristic,1939,3
data_analysis__three_day_baseline_extra__combined_d0000_loss0_j000__run18__c50f43fa.json,c50f43fa,data_analysis,18,three_day_baseline_extra,combined_d0000_loss0_j000,combined,0,0,0,0,,,,,True,3,0,127.38,586,5,5,True,0,0,0,heuristic,2129,3
data_analysis__three_day_baseline_extra__combined_d0000_loss0_j000__run19__92d8a7f0.json,92d8a7f0,data_analysis,19,three_day_baseline_extra,combined_d0000_loss0_j000,combined,0,0,0,0,,,,,True,3,0,88.42,480,5,5,True,0,0,0,heuristic,1709,3
data_analysis__three_day_baseline_extra__combined_d0000_loss0_j000__run1__6d4b7ca9.json,6d4b7ca9,data_analysis,1,three_day_baseline_extra,combined_d0000_loss0_j000,combined,0,0,0,0,,,,,True,3,0,91.12,514,5,5,True,0,0,0,heuristic,1838,3
data_analysis__three_day_baseline_extra__combined_d0000_loss0_j000__run20__b769f0c2.json,b769f0c2,data_analysis,20,three_day_baseline_extra,combined_d0000_loss0_j000,combined,0,0,0,0,,,,,True,3,0,79.58,452,5,5,True,0,0,0,heuristic,1592,3
data_analysis__three_day_baseline_extra__combined_d0000_loss0_j000__run2__55caa68c.json,55caa68c,data_analysis,2,three_day_baseline_extra,combined_d0000_loss0_j000,combined,0,0,0,0,,,,,True,3,0,118.77,575,5,5,True,0,0,0,heuristic,2152,3
data_analysis__three_day_baseline_extra__combined_d0000_loss0_j000__run3__064818db.json,064818db,data_analysis,3,three_day_baseline_extra,combined_d0000_loss0_j000,combined,0,0,0,0,,,,,True,3,0,92.22,481,5,5,True,0,0,0,heuristic,1699,3
data_analysis__three_day_baseline_extra__combined_d0000_loss0_j000__run4__010c32ae.json,010c32ae,data_analysis,4,three_day_baseline_extra,combined_d0000_loss0_j000,combined,0,0,0,0,,,,,True,3,0,92.76,535,5,5,True,0,0,0,heuristic,1924,3
data_analysis__three_day_baseline_extra__combined_d0000_loss0_j000__run5__fd8b4f7f.json,fd8b4f7f,data_analysis,5,three_day_baseline_extra,combined_d0000_loss0_j000,combined,0,0,0,0,,,,,True,3,0,142.66,505,5,5,True,0,0,0,heuristic,1778,3
data_analysis__three_day_baseline_extra__combined_d0000_loss0_j000__run6__00c909a1.json,00c909a1,data_analysis,6,three_day_baseline_extra,combined_d0000_loss0_j000,combined,0,0,0,0,,,,,True,3,0,106.89,531,5,5,True,0,0,0,heuristic,1898,3
data_analysis__three_day_baseline_extra__combined_d0000_loss0_j000__run7__956930b4.json,956930b4,data_analysis,7,three_day_baseline_extra,combined_d0000_loss0_j000,combined,0,0,0,0,,,,,True,3,0,86.54,509,5,5,True,0,0,0,heuristic,1810,3
data_analysis__three_day_baseline_extra__combined_d0000_loss0_j000__run8__710d9054.json,710d9054,data_analysis,8,three_day_baseline_extra,combined_d0000_loss0_j000,combined,0,0,0,0,,,,,True,3,0,80.26,426,5,4,True,0,0,0,heuristic,1489,3
data_analysis__three_day_baseline_extra__combined_d0000_loss0_j000__run9__813d3b99.json,813d3b99,data_analysis,9,three_day_baseline_extra,combined_d0000_loss0_j000,combined,0,0,0,0,,,,,True,3,0,98.1,507,5,5,True,0,0,0,heuristic,1800,3
data_analysis__three_day_combined_sample__combined_d0000_loss0_j000__run1__a30dfcd1.json,a30dfcd1,data_analysis,1,three_day_combined_sample,combined_d0000_loss0_j000,combined,0,0,0,0,,,,,True,3,0,128.05,656,5,5,True,0,0,0,heuristic,2409,3
data_analysis__three_day_combined_sample__combined_d0000_loss0_j001__run1__039dea79.json,039dea79,data_analysis,1,three_day_combined_sample,combined_d0000_loss0_j001,combined,50,0,1,0,,,,,True,3,0,123.21,621,5,5,True,0,0,0,heuristic,2242,3
data_analysis__three_day_combined_sample__combined_d0000_loss0_j020__run1__4a96a146.json,4a96a146,data_analysis,1,three_day_combined_sample,combined_d0000_loss0_j020,combined,50,0,20,0,,,,,True,3,0,104.19,605,5,5,True,0,0,0,heuristic,2202,3
data_analysis__three_day_combined_sample__combined_d0000_loss0_j075__run1__56c39691.json,56c39691,data_analysis,1,three_day_combined_sample,combined_d0000_loss0_j075,combined,50,0,75,0,,,,,True,3,0,110.17,535,5,5,True,0,0,0,heuristic,1921,3
data_analysis__three_day_combined_sample__combined_d0000_loss10_j020__run1__a94ec566.json,a94ec566,data_analysis,1,three_day_combined_sample,combined_d0000_loss10_j020,combined,50,0,20,10,,,,,True,3,0,86.76,470,5,5,True,0,0,0,heuristic,1670,3
data_analysis__three_day_combined_sample__combined_d0000_loss20_j000__run1__45977fa0.json,45977fa0,data_analysis,1,three_day_combined_sample,combined_d0000_loss20_j000,combined,0,0,0,20,,,,,True,3,0,119.48,520,5,5,True,0,0,0,heuristic,1863,3
data_analysis__three_day_combined_sample__combined_d0000_loss20_j020__run1__2c099f85.json,2c099f85,data_analysis,1,three_day_combined_sample,combined_d0000_loss20_j020,combined,50,0,20,20,,,,,True,3,0,116.69,493,5,5,True,0,0,0,heuristic,1755,3
data_analysis__three_day_combined_sample__combined_d0000_loss20_j075__run1__d449f654.json,d449f654,data_analysis,1,three_day_combined_sample,combined_d0000_loss20_j075,combined,50,0,75,20,,,,,True,3,0,107.59,553,5,5,True,0,0,0,heuristic,2002,3
data_analysis__three_day_combined_sample__combined_d0000_loss25_j075__run1__a2ba6ae0.json,a2ba6ae0,data_analysis,1,three_day_combined_sample,combined_d0000_loss25_j075,combined,50,0,75,25,,,,,True,3,0,100.0,625,5,5,True,0,0,0,heuristic,2280,3
data_analysis__three_day_combined_sample__combined_d0000_loss75_j000__run1__4072dcd5.json,4072dcd5,data_analysis,1,three_day_combined_sample,combined_d0000_loss75_j000,combined,0,0,0,75,,,,,True,3,0,254.92,583,5,5,True,0,0,0,heuristic,2113,3
data_analysis__three_day_combined_sample__combined_d0000_loss75_j005__run1__a2ec1b71.json,a2ec1b71,data_analysis,1,three_day_combined_sample,combined_d0000_loss75_j005,combined,50,0,5,75,,,,,True,3,0,1227.51,1243,5,5,True,1,0,4,heuristic,1964,6
data_analysis__three_day_combined_sample__combined_d0000_loss75_j020__run1__ca5408d0.json,ca5408d0,data_analysis,1,three_day_combined_sample,combined_d0000_loss75_j020,combined,50,0,20,75,,,,,False,1,0,1284.21,897,,1,False,2,2,5,heuristic,1631,5
data_analysis__three_day_combined_sample__combined_d0000_loss75_j075__run1__afd9f11e.json,afd9f11e,data_analysis,1,three_day_combined_sample,combined_d0000_loss75_j075,combined,50,0,75,75,,,,,True,3,0,634.71,541,5,5,True,0,0,0,heuristic,1946,3
data_analysis__three_day_combined_sample__combined_d0050_loss20_j030__run1__79734e9a.json,79734e9a,data_analysis,1,three_day_combined_sample,combined_d0050_loss20_j030,combined,50,50,30,20,,,,,True,3,0,96.89,570,5,5,True,0,0,0,heuristic,2063,3
data_analysis__three_day_combined_sample__combined_d0050_loss40_j075__run1__f8808138.json,f8808138,data_analysis,1,three_day_combined_sample,combined_d0050_loss40_j075,combined,50,50,75,40,,,,,True,3,0,107.77,532,5,5,True,0,0,0,heuristic,1912,3
data_analysis__three_day_combined_sample__combined_d0050_loss5_j025__run1__395e2e85.json,395e2e85,data_analysis,1,three_day_combined_sample,combined_d0050_loss5_j025,combined,50,50,25,5,,,,,True,3,0,109.03,634,5,5,True,0,0,0,heuristic,2328,3
data_analysis__three_day_combined_sample__combined_d0100_loss15_j010__run1__96d3e23e.json,96d3e23e,data_analysis,1,three_day_combined_sample,combined_d0100_loss15_j010,combined,100,100,10,15,,,,,True,3,0,84.9,466,5,5,True,0,0,0,heuristic,1646,3
data_analysis__three_day_combined_sample__combined_d0100_loss1_j001__run1__ecfa4a1c.json,ecfa4a1c,data_analysis,1,three_day_combined_sample,combined_d0100_loss1_j001,combined,100,100,1,1,,,,,True,3,0,91.46,442,5,5,True,0,0,0,heuristic,1552,3
data_analysis__three_day_combined_sample__combined_d0100_loss30_j015__run1__e9bfa822.json,e9bfa822,data_analysis,1,three_day_combined_sample,combined_d0100_loss30_j015,combined,100,100,15,30,,,,,True,3,0,75.94,426,5,5,True,0,0,0,heuristic,1491,3
data_analysis__three_day_combined_sample__combined_d0100_loss75_j025__run1__8f2a00a8.json,8f2a00a8,data_analysis,1,three_day_combined_sample,combined_d0100_loss75_j025,combined,100,100,25,75,,,,,True,3,0,640.73,513,5,5,True,0,0,0,heuristic,1840,3
data_analysis__three_day_combined_sample__combined_d0150_loss20_j075__run1__689e470f.json,689e470f,data_analysis,1,three_day_combined_sample,combined_d0150_loss20_j075,combined,150,150,75,20,,,,,True,3,0,96.29,563,5,5,True,0,0,0,heuristic,2029,3
data_analysis__three_day_combined_sample__combined_d0150_loss50_j001__run1__6ffd4d6f.json,6ffd4d6f,data_analysis,1,three_day_combined_sample,combined_d0150_loss50_j001,combined,150,150,1,50,,,,,True,3,0,136.29,583,4,5,True,0,0,0,heuristic,2103,3
data_analysis__three_day_combined_sample__combined_d0150_loss5_j050__run1__82c5cf73.json,82c5cf73,data_analysis,1,three_day_combined_sample,combined_d0150_loss5_j050,combined,150,150,50,5,,,,,True,3,0,84.92,465,5,5,True,0,0,0,heuristic,1648,3
data_analysis__three_day_combined_sample__combined_d0200_loss15_j015__run1__eb805252.json,eb805252,data_analysis,1,three_day_combined_sample,combined_d0200_loss15_j015,combined,200,200,15,15,,,,,True,3,0,109.05,574,5,5,True,0,0,0,heuristic,2078,3
data_analysis__three_day_combined_sample__combined_d0200_loss1_j010__run1__2f1195cc.json,2f1195cc,data_analysis,1,three_day_combined_sample,combined_d0200_loss1_j010,combined,200,200,10,1,,,,,True,3,0,115.38,662,5,5,True,0,0,0,heuristic,2417,3
data_analysis__three_day_combined_sample__combined_d0200_loss30_j025__run1__5854f13b.json,5854f13b,data_analysis,1,three_day_combined_sample,combined_d0200_loss30_j025,combined,200,200,25,30,,,,,True,3,0,121.74,612,5,5,True,0,0,0,heuristic,2242,3
data_analysis__three_day_combined_sample__combined_d0200_loss75_j050__run1__7c560ea4.json,7c560ea4,data_analysis,1,three_day_combined_sample,combined_d0200_loss75_j050,combined,200,200,50,75,,,,,False,1,0,1393.23,543,,1,False,2,3,5,heuristic,1776,4
data_analysis__three_day_combined_sample__combined_d0250_loss25_j001__run1__6b50afb7.json,6b50afb7,data_analysis,1,three_day_combined_sample,combined_d0250_loss25_j001,combined,250,250,1,25,,,,,True,3,0,125.0,591,5,5,True,0,0,0,heuristic,2151,3
data_analysis__three_day_combined_sample__combined_d0250_loss50_j010__run1__8e04e842.json,8e04e842,data_analysis,1,three_day_combined_sample,combined_d0250_loss50_j010,combined,250,250,10,50,,,,,True,3,0,110.08,596,5,5,True,0,0,0,heuristic,2158,3
data_analysis__three_day_combined_sample__combined_d0250_loss5_j075__run1__ce3be173.json,ce3be173,data_analysis,1,three_day_combined_sample,combined_d0250_loss5_j075,combined,250,250,75,5,,,,,True,3,0,93.57,561,5,5,True,0,0,0,heuristic,2020,3
data_analysis__three_day_combined_sample__combined_d0300_loss15_j025__run1__5f39dca2.json,5f39dca2,data_analysis,1,three_day_combined_sample,combined_d0300_loss15_j025,combined,300,300,25,15,,,,,True,3,0,121.99,559,5,5,True,0,0,0,heuristic,2014,3
data_analysis__three_day_combined_sample__combined_d0300_loss1_j020__run1__83c870e3.json,83c870e3,data_analysis,1,three_day_combined_sample,combined_d0300_loss1_j020,combined,300,300,20,1,,,,,True,3,0,90.01,472,5,5,True,0,0,0,heuristic,1672,3
data_analysis__three_day_combined_sample__combined_d0300_loss30_j050__run1__789ca8a3.json,789ca8a3,data_analysis,1,three_day_combined_sample,combined_d0300_loss30_j050,combined,300,300,50,30,,,,,True,3,0,106.58,561,5,5,True,0,0,0,heuristic,2027,3
data_analysis__three_day_combined_sample__combined_d0350_loss0_j000__run1__9f09c549.json,9f09c549,data_analysis,1,three_day_combined_sample,combined_d0350_loss0_j000,combined,350,350,0,0,,,,,True,3,0,103.34,542,5,5,True,0,0,0,heuristic,1940,3
data_analysis__three_day_combined_sample__combined_d0350_loss10_j001__run1__0d749af2.json,0d749af2,data_analysis,1,three_day_combined_sample,combined_d0350_loss10_j001,combined,350,350,1,10,,,,,True,3,0,128.57,703,5,5,True,0,0,0,heuristic,2599,3
data_analysis__three_day_combined_sample__combined_d0350_loss25_j010__run1__54deca3c.json,54deca3c,data_analysis,1,three_day_combined_sample,combined_d0350_loss25_j010,combined,350,350,10,25,,,,,True,3,0,91.19,490,5,5,True,0,0,0,heuristic,1743,3
data_analysis__three_day_combined_sample__combined_d0350_loss50_j020__run1__7c4699e9.json,7c4699e9,data_analysis,1,three_day_combined_sample,combined_d0350_loss50_j020,combined,350,350,20,50,,,,,True,3,0,142.62,487,4,5,True,0,0,0,heuristic,1714,3
data_analysis__three_day_combined_sample__combined_d0400_loss15_j050__run1__51ac12c8.json,51ac12c8,data_analysis,1,three_day_combined_sample,combined_d0400_loss15_j050,combined,400,400,50,15,,,,,True,3,0,111.89,684,5,5,True,0,0,0,heuristic,2526,3
data_analysis__three_day_combined_sample__combined_d0400_loss1_j025__run1__f14f8461.json,f14f8461,data_analysis,1,three_day_combined_sample,combined_d0400_loss1_j025,combined,400,400,25,1,,,,,True,3,0,132.73,669,5,5,True,0,0,0,heuristic,2451,3
data_analysis__three_day_combined_sample__combined_d0400_loss40_j000__run1__26cc74bd.json,26cc74bd,data_analysis,1,three_day_combined_sample,combined_d0400_loss40_j000,combined,400,400,0,40,,,,,True,3,0,97.45,600,5,5,True,0,0,0,heuristic,2186,3
data_analysis__three_day_combined_sample__combined_d0450_loss0_j005__run1__a8e17efc.json,a8e17efc,data_analysis,1,three_day_combined_sample,combined_d0450_loss0_j005,combined,450,450,5,0,,,,,True,3,0,98.15,507,5,5,True,0,0,0,heuristic,1781,3
data_analysis__three_day_combined_sample__combined_d0450_loss10_j010__run1__ea9b50db.json,ea9b50db,data_analysis,1,three_day_combined_sample,combined_d0450_loss10_j010,combined,450,450,10,10,,,,,True,3,0,89.15,581,5,5,True,0,0,0,heuristic,2077,3
data_analysis__three_day_combined_sample__combined_d0450_loss25_j020__run1__5c0f71bf.json,5c0f71bf,data_analysis,1,three_day_combined_sample,combined_d0450_loss25_j020,combined,450,450,20,25,,,,,True,3,0,166.69,468,5,5,True,0,0,0,heuristic,1674,3
data_analysis__three_day_combined_sample__combined_d0450_loss50_j030__run1__e46f69db.json,e46f69db,data_analysis,1,three_day_combined_sample,combined_d0450_loss50_j030,combined,450,450,30,50,,,,,True,3,0,107.36,489,5,5,True,0,0,0,heuristic,1733,3
data_analysis__three_day_combined_sample__combined_d0500_loss0_j000__run1__6a1d7a76.json,6a1d7a76,data_analysis,1,three_day_combined_sample,combined_d0500_loss0_j000,combined,500,500,0,0,,,,,True,3,0,770.49,499,5,5,True,0,1,2,heuristic,1651,4
data_analysis__three_day_combined_sample__combined_d0500_loss0_j020__run1__c63a7191.json,c63a7191,data_analysis,1,three_day_combined_sample,combined_d0500_loss0_j020,combined,500,500,20,0,,,,,True,3,0,104.76,513,5,5,True,0,0,0,heuristic,1837,3
data_analysis__three_day_combined_sample__combined_d0500_loss0_j075__run1__faecac40.json,faecac40,data_analysis,1,three_day_combined_sample,combined_d0500_loss0_j075,combined,500,500,75,0,,,,,True,3,0,103.06,493,5,5,True,0,0,0,heuristic,1753,3
data_analysis__three_day_combined_sample__combined_d0500_loss20_j000__run1__7a5ab977.json,7a5ab977,data_analysis,1,three_day_combined_sample,combined_d0500_loss20_j000,combined,500,500,0,20,,,,,True,3,0,105.34,555,5,5,True,0,0,0,heuristic,2005,3
data_analysis__three_day_combined_sample__combined_d0500_loss20_j015__run1__433d1740.json,433d1740,data_analysis,1,three_day_combined_sample,combined_d0500_loss20_j015,combined,500,500,15,20,,,,,True,3,0,103.08,492,5,5,True,0,0,0,heuristic,1748,3
data_analysis__three_day_combined_sample__combined_d0500_loss20_j020__run1__f8a7c681.json,f8a7c681,data_analysis,1,three_day_combined_sample,combined_d0500_loss20_j020,combined,500,500,20,20,,,,,True,3,0,115.7,660,5,5,True,0,0,0,heuristic,2401,3
data_analysis__three_day_combined_sample__combined_d0500_loss20_j075__run1__ea0079a4.json,ea0079a4,data_analysis,1,three_day_combined_sample,combined_d0500_loss20_j075,combined,500,500,75,20,,,,,True,3,0,101.88,522,5,5,True,0,0,0,heuristic,1856,3
data_analysis__three_day_combined_sample__combined_d0500_loss40_j050__run1__e138abf4.json,e138abf4,data_analysis,1,three_day_combined_sample,combined_d0500_loss40_j050,combined,500,500,50,40,,,,,True,3,0,102.53,625,5,5,True,0,0,0,heuristic,2290,3
data_analysis__three_day_combined_sample__combined_d0500_loss5_j001__run1__845fcb35.json,845fcb35,data_analysis,1,three_day_combined_sample,combined_d0500_loss5_j001,combined,500,500,1,5,,,,,True,3,0,111.19,523,5,5,True,0,0,0,heuristic,1873,3
data_analysis__three_day_combined_sample__combined_d0500_loss75_j000__run1__5cf50e17.json,5cf50e17,data_analysis,1,three_day_combined_sample,combined_d0500_loss75_j000,combined,500,500,0,75,,,,,False,2,0,1146.56,556,,5,True,2,3,5,heuristic,1831,4
data_analysis__three_day_combined_sample__combined_d0500_loss75_j020__run1__509e8aa6.json,509e8aa6,data_analysis,1,three_day_combined_sample,combined_d0500_loss75_j020,combined,500,500,20,75,,,,,False,1,0,1434.95,508,,1,False,2,2,5,heuristic,1637,4
data_analysis__three_day_combined_sample__combined_d0500_loss75_j075__run1__efd10479.json,efd10479,data_analysis,1,three_day_combined_sample,combined_d0500_loss75_j075,combined,500,500,75,75,,,,,True,3,0,752.19,963,5,5,True,0,0,2,heuristic,1464,5
data_analysis__three_day_combined_sample__combined_d0550_loss15_j015__run1__72015061.json,72015061,data_analysis,1,three_day_combined_sample,combined_d0550_loss15_j015,combined,550,550,15,15,,,,,True,3,0,91.02,559,5,5,True,0,0,0,heuristic,2027,3
data_analysis__three_day_combined_sample__combined_d0550_loss1_j005__run1__183e5188.json,183e5188,data_analysis,1,three_day_combined_sample,combined_d0550_loss1_j005,combined,550,550,5,1,,,,,True,3,0,96.71,506,5,5,True,0,0,0,heuristic,1814,3
data_analysis__three_day_combined_sample__combined_d0550_loss30_j025__run1__83105888.json,83105888,data_analysis,1,three_day_combined_sample,combined_d0550_loss30_j025,combined,550,550,25,30,,,,,True,3,0,121.01,521,5,5,True,0,0,0,heuristic,1854,3
data_analysis__three_day_combined_sample__combined_d0550_loss75_j030__run1__d2cef0fe.json,d2cef0fe,data_analysis,1,three_day_combined_sample,combined_d0550_loss75_j030,combined,550,550,30,75,,,,,True,3,0,651.4,652,5,5,True,0,1,2,heuristic,2235,4
data_analysis__three_day_combined_sample__combined_d0600_loss25_j001__run1__c71452c6.json,c71452c6,data_analysis,1,three_day_combined_sample,combined_d0600_loss25_j001,combined,600,600,1,25,,,,,True,3,0,375.91,524,5,5,True,0,0,0,heuristic,1874,3
data_analysis__three_day_combined_sample__combined_d0600_loss50_j010__run1__9f39f3b1.json,9f39f3b1,data_analysis,1,three_day_combined_sample,combined_d0600_loss50_j010,combined,600,600,10,50,,,,,True,3,0,95.7,594,5,5,True,0,0,0,heuristic,2157,3
data_analysis__three_day_combined_sample__combined_d0600_loss5_j075__run1__5de7b980.json,5de7b980,data_analysis,1,three_day_combined_sample,combined_d0600_loss5_j075,combined,600,600,75,5,,,,,True,3,0,127.25,593,5,5,True,0,0,0,heuristic,2139,3
data_analysis__three_day_combined_sample__combined_d0650_loss15_j025__run1__aa4c7574.json,aa4c7574,data_analysis,1,three_day_combined_sample,combined_d0650_loss15_j025,combined,650,650,25,15,,,,,True,3,0,100.22,447,5,5,True,0,0,0,heuristic,1574,3
data_analysis__three_day_combined_sample__combined_d0650_loss1_j015__run1__3e1408c0.json,3e1408c0,data_analysis,1,three_day_combined_sample,combined_d0650_loss1_j015,combined,650,650,15,1,,,,,True,3,0,102.84,557,5,5,True,0,0,0,heuristic,2013,3
data_analysis__three_day_combined_sample__combined_d0650_loss30_j050__run1__76f1a232.json,76f1a232,data_analysis,1,three_day_combined_sample,combined_d0650_loss30_j050,combined,650,650,50,30,,,,,True,3,0,109.9,551,5,5,True,0,0,0,heuristic,1960,3
data_analysis__three_day_combined_sample__combined_d0650_loss75_j075__run1__3089e105.json,3089e105,data_analysis,1,three_day_combined_sample,combined_d0650_loss75_j075,combined,650,650,75,75,,,,,True,3,0,1253.12,1084,5,5,True,0,0,2,heuristic,1621,5
data_analysis__three_day_combined_sample__combined_d0700_loss10_j001__run1__cb6c9e29.json,cb6c9e29,data_analysis,1,three_day_combined_sample,combined_d0700_loss10_j001,combined,700,700,1,10,,,,,True,3,0,149.41,643,5,5,True,0,0,0,heuristic,2350,3
data_analysis__three_day_combined_sample__combined_d0700_loss25_j010__run1__87677ac2.json,87677ac2,data_analysis,1,three_day_combined_sample,combined_d0700_loss25_j010,combined,700,700,10,25,,,,,True,3,0,87.41,452,5,5,True,0,0,0,heuristic,1597,3
data_analysis__three_day_combined_sample__combined_d0700_loss50_j015__run1__112cee72.json,112cee72,data_analysis,1,three_day_combined_sample,combined_d0700_loss50_j015,combined,700,700,15,50,,,,,True,3,0,115.75,569,5,5,True,0,0,0,heuristic,2076,3
data_analysis__three_day_combined_sample__combined_d0750_loss15_j050__run1__acbc0622.json,acbc0622,data_analysis,1,three_day_combined_sample,combined_d0750_loss15_j050,combined,750,750,50,15,,,,,True,3,0,87.59,557,5,5,True,0,0,0,heuristic,2013,3
data_analysis__three_day_combined_sample__combined_d0750_loss1_j025__run1__0594fd4c.json,0594fd4c,data_analysis,1,three_day_combined_sample,combined_d0750_loss1_j025,combined,750,750,25,1,,,,,True,3,0,96.81,532,5,5,True,0,0,0,heuristic,1916,3
data_analysis__three_day_combined_sample__combined_d0750_loss40_j000__run1__58a1467f.json,58a1467f,data_analysis,1,three_day_combined_sample,combined_d0750_loss40_j000,combined,750,750,0,40,,,,,True,3,0,101.45,511,5,5,True,0,0,0,heuristic,1823,3
data_analysis__three_day_combined_sample__combined_d0800_loss0_j001__run1__d286db35.json,d286db35,data_analysis,1,three_day_combined_sample,combined_d0800_loss0_j001,combined,800,800,1,0,,,,,True,3,0,123.01,638,5,5,True,0,0,0,heuristic,2325,3
data_analysis__three_day_combined_sample__combined_d0800_loss10_j010__run1__12d2a2f1.json,12d2a2f1,data_analysis,1,three_day_combined_sample,combined_d0800_loss10_j010,combined,800,800,10,10,,,,,True,3,0,100.53,507,5,5,True,0,0,0,heuristic,1815,3
data_analysis__three_day_combined_sample__combined_d0800_loss25_j020__run1__0b45ff48.json,0b45ff48,data_analysis,1,three_day_combined_sample,combined_d0800_loss25_j020,combined,800,800,20,25,,,,,True,3,0,130.16,483,5,5,True,0,0,0,heuristic,1692,3
data_analysis__three_day_combined_sample__combined_d0800_loss50_j025__run1__529a4ecb.json,529a4ecb,data_analysis,1,three_day_combined_sample,combined_d0800_loss50_j025,combined,800,800,25,50,,,,,True,3,0,142.11,546,5,5,True,0,0,0,heuristic,1938,3
data_analysis__three_day_combined_sample__combined_d0850_loss1_j050__run1__1bc9eb3b.json,1bc9eb3b,data_analysis,1,three_day_combined_sample,combined_d0850_loss1_j050,combined,850,850,50,1,,,,,True,3,0,92.25,520,5,5,True,0,0,0,heuristic,1845,3
data_analysis__three_day_combined_sample__combined_d0850_loss20_j000__run1__a0f7d2d4.json,a0f7d2d4,data_analysis,1,three_day_combined_sample,combined_d0850_loss20_j000,combined,850,850,0,20,,,,,True,3,0,214.01,542,5,5,True,0,0,0,heuristic,1946,3
data_analysis__three_day_combined_sample__combined_d0850_loss40_j001__run1__f80441a0.json,f80441a0,data_analysis,1,three_day_combined_sample,combined_d0850_loss40_j001,combined,850,850,1,40,,,,,True,3,0,111.24,571,5,5,True,0,0,0,heuristic,2075,3
data_analysis__three_day_combined_sample__combined_d0900_loss0_j010__run1__785ca06b.json,785ca06b,data_analysis,1,three_day_combined_sample,combined_d0900_loss0_j010,combined,900,900,10,0,,,,,True,3,0,96.83,541,5,5,True,0,0,0,heuristic,1950,3
data_analysis__three_day_combined_sample__combined_d0900_loss10_j020__run1__77ccd400.json,77ccd400,data_analysis,1,three_day_combined_sample,combined_d0900_loss10_j020,combined,900,900,20,10,,,,,True,3,0,103.71,446,5,5,True,0,0,0,heuristic,1564,3
data_analysis__three_day_combined_sample__combined_d0900_loss25_j025__run1__51b1cb0d.json,51b1cb0d,data_analysis,1,three_day_combined_sample,combined_d0900_loss25_j025,combined,900,900,25,25,,,,,True,3,0,125.28,525,5,5,True,0,0,0,heuristic,1880,3
data_analysis__three_day_combined_sample__combined_d0900_loss50_j050__run1__99d9941f.json,99d9941f,data_analysis,1,three_day_combined_sample,combined_d0900_loss50_j050,combined,900,900,50,50,,,,,True,3,0,139.58,539,5,5,True,0,0,0,heuristic,1944,3
data_analysis__three_day_combined_sample__combined_d0950_loss20_j005__run1__6d00e597.json,6d00e597,data_analysis,1,three_day_combined_sample,combined_d0950_loss20_j005,combined,950,950,5,20,,,,,True,3,0,515.53,548,5,5,True,0,1,2,heuristic,1830,4
data_analysis__three_day_combined_sample__combined_d0950_loss40_j010__run1__ef44a858.json,ef44a858,data_analysis,1,three_day_combined_sample,combined_d0950_loss40_j010,combined,950,950,10,40,,,,,True,3,0,116.98,497,5,5,True,0,0,0,heuristic,1770,3
data_analysis__three_day_combined_sample__combined_d0950_loss5_j000__run1__0ceed3a7.json,0ceed3a7,data_analysis,1,three_day_combined_sample,combined_d0950_loss5_j000,combined,950,950,0,5,,,,,True,3,0,271.59,462,5,5,True,0,0,0,heuristic,1628,3
data_analysis__three_day_combined_sample__combined_d1000_loss0_j000__run1__0d2c2b9b.json,0d2c2b9b,data_analysis,1,three_day_combined_sample,combined_d1000_loss0_j000,combined,1000,1000,0,0,,,,,True,3,0,104.75,525,5,5,True,0,0,0,heuristic,1886,3
data_analysis__three_day_combined_sample__combined_d1000_loss0_j020__run1__d2d296ec.json,d2d296ec,data_analysis,1,three_day_combined_sample,combined_d1000_loss0_j020,combined,1000,1000,20,0,,,,,True,3,0,96.26,546,5,5,True,0,0,0,heuristic,1957,3
data_analysis__three_day_combined_sample__combined_d1000_loss0_j030__run1__43dae114.json,43dae114,data_analysis,1,three_day_combined_sample,combined_d1000_loss0_j030,combined,1000,1000,30,0,,,,,True,3,0,122.9,601,5,5,True,0,0,0,heuristic,2186,3
data_analysis__three_day_combined_sample__combined_d1000_loss0_j075__run1__f0434dc9.json,f0434dc9,data_analysis,1,three_day_combined_sample,combined_d1000_loss0_j075,combined,1000,1000,75,0,,,,,True,3,0,118.43,557,5,5,True,0,0,0,heuristic,2015,3
data_analysis__three_day_combined_sample__combined_d1000_loss15_j000__run1__763c6dfa.json,763c6dfa,data_analysis,1,three_day_combined_sample,combined_d1000_loss15_j000,combined,1000,1000,0,15,,,,,True,3,0,142.43,629,5,5,True,0,0,0,heuristic,2296,3
data_analysis__three_day_combined_sample__combined_d1000_loss20_j000__run1__8d092a61.json,8d092a61,data_analysis,1,three_day_combined_sample,combined_d1000_loss20_j000,combined,1000,1000,0,20,,,,,True,3,0,109.18,534,5,5,True,0,0,0,heuristic,1923,3
data_analysis__three_day_combined_sample__combined_d1000_loss20_j020__run1__ccba3dbf.json,ccba3dbf,data_analysis,1,three_day_combined_sample,combined_d1000_loss20_j020,combined,1000,1000,20,20,,,,,True,3,0,122.17,502,5,5,True,0,0,0,heuristic,1769,3
data_analysis__three_day_combined_sample__combined_d1000_loss20_j075__run1__9a7c2907.json,9a7c2907,data_analysis,1,three_day_combined_sample,combined_d1000_loss20_j075,combined,1000,1000,75,20,,,,,True,3,0,105.16,433,5,5,True,0,0,0,heuristic,1534,3
data_analysis__three_day_combined_sample__combined_d1000_loss30_j015__run1__e5dc1a58.json,e5dc1a58,data_analysis,1,three_day_combined_sample,combined_d1000_loss30_j015,combined,1000,1000,15,30,,,,,True,3,0,112.7,514,5,5,True,0,0,0,heuristic,1843,3
data_analysis__three_day_combined_sample__combined_d1000_loss75_j000__run1__784847b0.json,784847b0,data_analysis,1,three_day_combined_sample,combined_d1000_loss75_j000,combined,1000,1000,0,75,,,,,False,1,0,1194.0,532,,1,False,2,3,5,heuristic,1733,4
data_analysis__three_day_combined_sample__combined_d1000_loss75_j020__run1__dfaa3f13.json,dfaa3f13,data_analysis,1,three_day_combined_sample,combined_d1000_loss75_j020,combined,1000,1000,20,75,,,,,False,1,0,628.33,99,,1,False,2,2,5,heuristic,0,3
data_analysis__three_day_combined_sample__combined_d1000_loss75_j050__run1__02efc131.json,02efc131,data_analysis,1,three_day_combined_sample,combined_d1000_loss75_j050,combined,1000,1000,50,75,,,,,False,1,0,977.51,665,,1,False,2,2,5,heuristic,2265,4
data_analysis__three_day_combined_sample__combined_d1000_loss75_j075__run1__06319670.json,06319670,data_analysis,1,three_day_combined_sample,combined_d1000_loss75_j075,combined,1000,1000,75,75,,,,,False,1,0,463.78,545,,1,False,2,1,5,heuristic,1784,4
data_analysis__three_day_main_effect__main_delay_d0000__run1__e58d2fd1.json,e58d2fd1,data_analysis,1,three_day_main_effect,main_delay_d0000,main_effect,0,0,0,0,,delay,,,True,3,0,120.61,568,5,5,True,0,0,0,heuristic,2052,3
data_analysis__three_day_main_effect__main_delay_d0000__run2__66ad9d4b.json,66ad9d4b,data_analysis,2,three_day_main_effect,main_delay_d0000,main_effect,0,0,0,0,,delay,,,True,3,0,123.27,657,5,5,True,0,0,0,heuristic,2395,3
data_analysis__three_day_main_effect__main_delay_d0000__run3__f98793a5.json,f98793a5,data_analysis,3,three_day_main_effect,main_delay_d0000,main_effect,0,0,0,0,,delay,,,True,3,0,105.8,571,5,5,True,0,0,0,heuristic,2078,3
data_analysis__three_day_main_effect__main_delay_d0000__run4__7f69ec7f.json,7f69ec7f,data_analysis,4,three_day_main_effect,main_delay_d0000,main_effect,0,0,0,0,,delay,,,True,3,0,154.83,673,5,5,True,0,0,0,heuristic,2475,3
data_analysis__three_day_main_effect__main_delay_d0000__run5__eb979b7b.json,eb979b7b,data_analysis,5,three_day_main_effect,main_delay_d0000,main_effect,0,0,0,0,,delay,,,True,3,0,135.78,638,5,5,True,0,0,0,heuristic,2334,3
data_analysis__three_day_main_effect__main_delay_d0050__run1__bdc73a02.json,bdc73a02,data_analysis,1,three_day_main_effect,main_delay_d0050,main_effect,50,50,0,0,,delay,,,True,3,0,166.17,562,5,5,True,0,0,0,heuristic,2021,3
data_analysis__three_day_main_effect__main_delay_d0050__run2__2fe452cc.json,2fe452cc,data_analysis,2,three_day_main_effect,main_delay_d0050,main_effect,50,50,0,0,,delay,,,True,3,0,111.23,522,5,5,True,0,0,0,heuristic,1873,3
data_analysis__three_day_main_effect__main_delay_d0050__run3__a29e7272.json,a29e7272,data_analysis,3,three_day_main_effect,main_delay_d0050,main_effect,50,50,0,0,,delay,,,True,3,0,106.31,530,5,5,True,0,0,0,heuristic,1901,3
data_analysis__three_day_main_effect__main_delay_d0050__run4__e0a9dab2.json,e0a9dab2,data_analysis,4,three_day_main_effect,main_delay_d0050,main_effect,50,50,0,0,,delay,,,True,3,0,110.31,506,5,5,True,0,0,0,heuristic,1805,3
data_analysis__three_day_main_effect__main_delay_d0050__run5__9726d64d.json,9726d64d,data_analysis,5,three_day_main_effect,main_delay_d0050,main_effect,50,50,0,0,,delay,,,True,3,0,117.48,600,5,5,True,0,0,0,heuristic,2188,3
data_analysis__three_day_main_effect__main_delay_d0100__run1__f4bae40a.json,f4bae40a,data_analysis,1,three_day_main_effect,main_delay_d0100,main_effect,100,100,0,0,,delay,,,True,3,0,151.87,626,5,5,True,0,0,0,heuristic,2304,3
data_analysis__three_day_main_effect__main_delay_d0100__run2__ab111d11.json,ab111d11,data_analysis,2,three_day_main_effect,main_delay_d0100,main_effect,100,100,0,0,,delay,,,True,3,0,108.84,563,5,5,True,0,0,0,heuristic,2012,3
data_analysis__three_day_main_effect__main_delay_d0100__run3__b0d658b4.json,b0d658b4,data_analysis,3,three_day_main_effect,main_delay_d0100,main_effect,100,100,0,0,,delay,,,True,3,0,113.19,553,5,5,True,0,0,0,heuristic,1969,3
data_analysis__three_day_main_effect__main_delay_d0100__run4__f9b8c670.json,f9b8c670,data_analysis,4,three_day_main_effect,main_delay_d0100,main_effect,100,100,0,0,,delay,,,True,3,0,114.18,657,5,5,True,0,0,0,heuristic,2410,3
data_analysis__three_day_main_effect__main_delay_d0100__run5__3704b657.json,3704b657,data_analysis,5,three_day_main_effect,main_delay_d0100,main_effect,100,100,0,0,,delay,,,True,3,0,115.63,653,5,5,True,0,0,0,heuristic,2399,3
data_analysis__three_day_main_effect__main_delay_d0150__run1__66d9ebba.json,66d9ebba,data_analysis,1,three_day_main_effect,main_delay_d0150,main_effect,150,150,0,0,,delay,,,True,3,0,109.56,582,5,5,True,0,0,0,heuristic,2113,3
data_analysis__three_day_main_effect__main_delay_d0150__run2__d0fd744a.json,d0fd744a,data_analysis,2,three_day_main_effect,main_delay_d0150,main_effect,150,150,0,0,,delay,,,True,3,0,88.06,463,5,5,True,0,0,0,heuristic,1615,3
data_analysis__three_day_main_effect__main_delay_d0150__run3__08fbe2d1.json,08fbe2d1,data_analysis,3,three_day_main_effect,main_delay_d0150,main_effect,150,150,0,0,,delay,,,True,3,0,122.57,604,5,5,True,0,0,0,heuristic,2172,3
data_analysis__three_day_main_effect__main_delay_d0150__run4__46247b1a.json,46247b1a,data_analysis,4,three_day_main_effect,main_delay_d0150,main_effect,150,150,0,0,,delay,,,True,3,0,87.58,512,5,5,True,0,0,0,heuristic,1833,3
data_analysis__three_day_main_effect__main_delay_d0150__run5__ceceebdc.json,ceceebdc,data_analysis,5,three_day_main_effect,main_delay_d0150,main_effect,150,150,0,0,,delay,,,True,3,0,102.91,585,5,5,True,0,0,0,heuristic,2097,3
data_analysis__three_day_main_effect__main_delay_d0200__run1__129dee48.json,129dee48,data_analysis,1,three_day_main_effect,main_delay_d0200,main_effect,200,200,0,0,,delay,,,True,3,0,158.29,517,5,5,True,0,0,0,heuristic,1849,3
data_analysis__three_day_main_effect__main_delay_d0200__run2__3e56b92e.json,3e56b92e,data_analysis,2,three_day_main_effect,main_delay_d0200,main_effect,200,200,0,0,,delay,,,True,3,0,125.79,511,5,5,True,0,0,0,heuristic,1829,3
data_analysis__three_day_main_effect__main_delay_d0200__run3__c23a0bb8.json,c23a0bb8,data_analysis,3,three_day_main_effect,main_delay_d0200,main_effect,200,200,0,0,,delay,,,True,3,0,131.14,632,5,5,True,0,0,0,heuristic,2315,3
data_analysis__three_day_main_effect__main_delay_d0200__run4__60b4ab8f.json,60b4ab8f,data_analysis,4,three_day_main_effect,main_delay_d0200,main_effect,200,200,0,0,,delay,,,True,3,0,125.85,612,5,5,True,0,0,0,heuristic,2250,3
data_analysis__three_day_main_effect__main_delay_d0200__run5__24f154d9.json,24f154d9,data_analysis,5,three_day_main_effect,main_delay_d0200,main_effect,200,200,0,0,,delay,,,True,3,0,97.0,561,5,5,True,0,0,0,heuristic,2024,3
data_analysis__three_day_main_effect__main_delay_d0250__run1__b424d29f.json,b424d29f,data_analysis,1,three_day_main_effect,main_delay_d0250,main_effect,250,250,0,0,,delay,,,True,3,0,122.37,595,5,5,True,0,0,0,heuristic,2160,3
data_analysis__three_day_main_effect__main_delay_d0250__run2__6402758a.json,6402758a,data_analysis,2,three_day_main_effect,main_delay_d0250,main_effect,250,250,0,0,,delay,,,True,3,0,134.75,476,5,5,True,0,0,0,heuristic,1693,3
data_analysis__three_day_main_effect__main_delay_d0250__run3__412362bf.json,412362bf,data_analysis,3,three_day_main_effect,main_delay_d0250,main_effect,250,250,0,0,,delay,,,True,3,0,131.14,488,5,5,True,0,0,0,heuristic,1713,3
data_analysis__three_day_main_effect__main_delay_d0250__run4__e5859439.json,e5859439,data_analysis,4,three_day_main_effect,main_delay_d0250,main_effect,250,250,0,0,,delay,,,True,3,0,85.86,570,5,5,True,0,0,0,heuristic,2046,3
data_analysis__three_day_main_effect__main_delay_d0250__run5__1a7c2fa0.json,1a7c2fa0,data_analysis,5,three_day_main_effect,main_delay_d0250,main_effect,250,250,0,0,,delay,,,True,3,0,102.04,587,5,5,True,0,0,0,heuristic,2127,3
data_analysis__three_day_main_effect__main_delay_d0300__run1__ff0124fc.json,ff0124fc,data_analysis,1,three_day_main_effect,main_delay_d0300,main_effect,300,300,0,0,,delay,,,True,3,0,147.19,725,5,5,True,0,0,0,heuristic,2690,3
data_analysis__three_day_main_effect__main_delay_d0300__run2__f90d3045.json,f90d3045,data_analysis,2,three_day_main_effect,main_delay_d0300,main_effect,300,300,0,0,,delay,,,True,3,0,129.47,606,5,5,True,0,0,0,heuristic,2176,3
data_analysis__three_day_main_effect__main_delay_d0300__run3__458ce7f0.json,458ce7f0,data_analysis,3,three_day_main_effect,main_delay_d0300,main_effect,300,300,0,0,,delay,,,True,3,0,108.99,437,5,5,True,0,0,0,heuristic,1503,3
data_analysis__three_day_main_effect__main_delay_d0300__run4__3a1469f7.json,3a1469f7,data_analysis,4,three_day_main_effect,main_delay_d0300,main_effect,300,300,0,0,,delay,,,True,3,0,95.35,593,5,5,True,0,0,0,heuristic,2150,3
data_analysis__three_day_main_effect__main_delay_d0300__run5__719ff1a0.json,719ff1a0,data_analysis,5,three_day_main_effect,main_delay_d0300,main_effect,300,300,0,0,,delay,,,True,3,0,115.37,657,5,5,True,0,0,0,heuristic,2396,3
data_analysis__three_day_main_effect__main_delay_d0350__run1__9d83f41a.json,9d83f41a,data_analysis,1,three_day_main_effect,main_delay_d0350,main_effect,350,350,0,0,,delay,,,True,3,0,121.49,697,5,5,True,0,0,0,heuristic,2560,3
data_analysis__three_day_main_effect__main_delay_d0350__run2__b5f5ecba.json,b5f5ecba,data_analysis,2,three_day_main_effect,main_delay_d0350,main_effect,350,350,0,0,,delay,,,True,3,0,105.23,445,5,5,True,0,0,0,heuristic,1538,3
data_analysis__three_day_main_effect__main_delay_d0350__run3__210d5c40.json,210d5c40,data_analysis,3,three_day_main_effect,main_delay_d0350,main_effect,350,350,0,0,,delay,,,True,3,0,108.92,503,5,5,True,0,0,0,heuristic,1788,3
data_analysis__three_day_main_effect__main_delay_d0350__run4__8bf40290.json,8bf40290,data_analysis,4,three_day_main_effect,main_delay_d0350,main_effect,350,350,0,0,,delay,,,True,3,0,75.96,449,5,5,True,0,0,0,heuristic,1578,3
data_analysis__three_day_main_effect__main_delay_d0350__run5__db5cada8.json,db5cada8,data_analysis,5,three_day_main_effect,main_delay_d0350,main_effect,350,350,0,0,,delay,,,True,3,0,89.55,524,5,5,True,0,0,0,heuristic,1879,3
data_analysis__three_day_main_effect__main_delay_d0400__run1__bfe13721.json,bfe13721,data_analysis,1,three_day_main_effect,main_delay_d0400,main_effect,400,400,0,0,,delay,,,True,3,0,98.77,492,5,5,True,0,0,0,heuristic,1748,3
data_analysis__three_day_main_effect__main_delay_d0400__run2__06e8fba7.json,06e8fba7,data_analysis,2,three_day_main_effect,main_delay_d0400,main_effect,400,400,0,0,,delay,,,True,3,0,88.87,436,5,5,True,0,0,0,heuristic,1529,3
data_analysis__three_day_main_effect__main_delay_d0400__run3__f8eba94a.json,f8eba94a,data_analysis,3,three_day_main_effect,main_delay_d0400,main_effect,400,400,0,0,,delay,,,True,3,0,147.64,677,5,5,True,0,0,0,heuristic,2468,3
data_analysis__three_day_main_effect__main_delay_d0400__run4__bd577f3a.json,bd577f3a,data_analysis,4,three_day_main_effect,main_delay_d0400,main_effect,400,400,0,0,,delay,,,True,3,0,115.95,533,5,5,True,0,0,0,heuristic,1892,3
data_analysis__three_day_main_effect__main_delay_d0400__run5__36800f2a.json,36800f2a,data_analysis,5,three_day_main_effect,main_delay_d0400,main_effect,400,400,0,0,,delay,,,True,3,0,96.04,543,5,5,True,0,0,0,heuristic,1957,3
data_analysis__three_day_main_effect__main_delay_d0450__run1__8b3960c8.json,8b3960c8,data_analysis,1,three_day_main_effect,main_delay_d0450,main_effect,450,450,0,0,,delay,,,True,3,0,82.49,468,5,5,True,0,0,0,heuristic,1664,3
data_analysis__three_day_main_effect__main_delay_d0450__run2__ff5483b7.json,ff5483b7,data_analysis,2,three_day_main_effect,main_delay_d0450,main_effect,450,450,0,0,,delay,,,True,3,0,111.8,548,5,5,True,0,0,0,heuristic,1976,3
data_analysis__three_day_main_effect__main_delay_d0450__run3__eeecedfa.json,eeecedfa,data_analysis,3,three_day_main_effect,main_delay_d0450,main_effect,450,450,0,0,,delay,,,True,3,0,142.01,645,5,5,True,0,0,0,heuristic,2371,3
data_analysis__three_day_main_effect__main_delay_d0450__run4__f808d3e2.json,f808d3e2,data_analysis,4,three_day_main_effect,main_delay_d0450,main_effect,450,450,0,0,,delay,,,True,3,0,88.43,581,5,5,True,0,0,0,heuristic,2107,3
data_analysis__three_day_main_effect__main_delay_d0450__run5__224f523f.json,224f523f,data_analysis,5,three_day_main_effect,main_delay_d0450,main_effect,450,450,0,0,,delay,,,True,3,0,113.67,563,5,5,True,0,0,0,heuristic,2009,3
data_analysis__three_day_main_effect__main_delay_d0500__run1__40e8503f.json,40e8503f,data_analysis,1,three_day_main_effect,main_delay_d0500,main_effect,500,500,0,0,,delay,,,True,3,0,97.04,528,5,5,True,0,0,0,heuristic,1917,3
data_analysis__three_day_main_effect__main_delay_d0500__run2__fe454662.json,fe454662,data_analysis,2,three_day_main_effect,main_delay_d0500,main_effect,500,500,0,0,,delay,,,True,3,0,160.27,631,5,5,True,0,0,0,heuristic,2290,3
data_analysis__three_day_main_effect__main_delay_d0500__run3__b03d6c46.json,b03d6c46,data_analysis,3,three_day_main_effect,main_delay_d0500,main_effect,500,500,0,0,,delay,,,True,3,0,133.5,611,5,5,True,0,0,0,heuristic,2235,3
data_analysis__three_day_main_effect__main_delay_d0500__run4__0e709bfd.json,0e709bfd,data_analysis,4,three_day_main_effect,main_delay_d0500,main_effect,500,500,0,0,,delay,,,True,3,0,113.96,586,5,5,True,0,0,0,heuristic,2132,3
data_analysis__three_day_main_effect__main_delay_d0500__run5__959738b8.json,959738b8,data_analysis,5,three_day_main_effect,main_delay_d0500,main_effect,500,500,0,0,,delay,,,True,3,0,98.43,609,5,5,True,0,0,0,heuristic,2209,3
data_analysis__three_day_main_effect__main_delay_d0550__run1__2bd44911.json,2bd44911,data_analysis,1,three_day_main_effect,main_delay_d0550,main_effect,550,550,0,0,,delay,,,True,3,0,83.35,532,5,5,True,0,0,0,heuristic,1916,3
data_analysis__three_day_main_effect__main_delay_d0550__run2__ece03eda.json,ece03eda,data_analysis,2,three_day_main_effect,main_delay_d0550,main_effect,550,550,0,0,,delay,,,True,3,0,121.08,545,5,5,True,0,0,0,heuristic,1965,3
data_analysis__three_day_main_effect__main_delay_d0550__run3__c7f38e61.json,c7f38e61,data_analysis,3,three_day_main_effect,main_delay_d0550,main_effect,550,550,0,0,,delay,,,True,3,0,99.56,516,5,5,True,0,0,0,heuristic,1849,3
data_analysis__three_day_main_effect__main_delay_d0550__run4__967e5448.json,967e5448,data_analysis,4,three_day_main_effect,main_delay_d0550,main_effect,550,550,0,0,,delay,,,True,3,0,93.09,560,5,5,True,0,0,0,heuristic,2005,3
data_analysis__three_day_main_effect__main_delay_d0550__run5__bae33b35.json,bae33b35,data_analysis,5,three_day_main_effect,main_delay_d0550,main_effect,550,550,0,0,,delay,,,True,3,0,119.95,612,5,5,True,0,0,0,heuristic,2230,3
data_analysis__three_day_main_effect__main_delay_d0600__run1__efa85af1.json,efa85af1,data_analysis,1,three_day_main_effect,main_delay_d0600,main_effect,600,600,0,0,,delay,,,True,3,0,99.97,622,5,5,True,0,0,0,heuristic,2293,3
data_analysis__three_day_main_effect__main_delay_d0600__run2__d4080169.json,d4080169,data_analysis,2,three_day_main_effect,main_delay_d0600,main_effect,600,600,0,0,,delay,,,True,3,0,153.49,595,4,4,True,0,0,0,heuristic,2122,3
data_analysis__three_day_main_effect__main_delay_d0600__run3__bde7c845.json,bde7c845,data_analysis,3,three_day_main_effect,main_delay_d0600,main_effect,600,600,0,0,,delay,,,True,3,0,115.52,517,5,5,True,0,0,0,heuristic,1843,3
data_analysis__three_day_main_effect__main_delay_d0600__run4__e9409252.json,e9409252,data_analysis,4,three_day_main_effect,main_delay_d0600,main_effect,600,600,0,0,,delay,,,True,3,0,72.64,386,5,5,True,0,0,0,heuristic,1316,3
data_analysis__three_day_main_effect__main_delay_d0600__run5__07ec5e2a.json,07ec5e2a,data_analysis,5,three_day_main_effect,main_delay_d0600,main_effect,600,600,0,0,,delay,,,True,3,0,95.51,433,5,5,True,0,0,0,heuristic,1516,3
data_analysis__three_day_main_effect__main_delay_d0650__run1__7eab0217.json,7eab0217,data_analysis,1,three_day_main_effect,main_delay_d0650,main_effect,650,650,0,0,,delay,,,True,3,0,89.1,508,5,5,True,0,0,0,heuristic,1817,3
data_analysis__three_day_main_effect__main_delay_d0650__run2__a4e2b6df.json,a4e2b6df,data_analysis,2,three_day_main_effect,main_delay_d0650,main_effect,650,650,0,0,,delay,,,True,3,0,118.71,560,5,5,True,0,0,0,heuristic,2025,3
data_analysis__three_day_main_effect__main_delay_d0650__run3__b775694b.json,b775694b,data_analysis,3,three_day_main_effect,main_delay_d0650,main_effect,650,650,0,0,,delay,,,True,3,0,116.57,593,5,5,True,0,0,0,heuristic,2149,3
data_analysis__three_day_main_effect__main_delay_d0650__run4__495665f6.json,495665f6,data_analysis,4,three_day_main_effect,main_delay_d0650,main_effect,650,650,0,0,,delay,,,True,3,0,106.76,549,5,5,True,0,0,0,heuristic,1987,3
data_analysis__three_day_main_effect__main_delay_d0650__run5__8538a20a.json,8538a20a,data_analysis,5,three_day_main_effect,main_delay_d0650,main_effect,650,650,0,0,,delay,,,True,3,0,101.77,560,5,5,True,0,0,0,heuristic,2025,3
data_analysis__three_day_main_effect__main_delay_d0700__run1__0d1985de.json,0d1985de,data_analysis,1,three_day_main_effect,main_delay_d0700,main_effect,700,700,0,0,,delay,,,True,3,0,90.21,597,5,5,True,0,0,0,heuristic,2159,3
data_analysis__three_day_main_effect__main_delay_d0700__run2__43f897e5.json,43f897e5,data_analysis,2,three_day_main_effect,main_delay_d0700,main_effect,700,700,0,0,,delay,,,True,3,0,115.64,520,5,5,True,0,0,0,heuristic,1862,3
data_analysis__three_day_main_effect__main_delay_d0700__run3__a2c3bd90.json,a2c3bd90,data_analysis,3,three_day_main_effect,main_delay_d0700,main_effect,700,700,0,0,,delay,,,True,3,0,102.13,497,5,5,True,0,0,0,heuristic,1761,3
data_analysis__three_day_main_effect__main_delay_d0700__run4__f6eb2a89.json,f6eb2a89,data_analysis,4,three_day_main_effect,main_delay_d0700,main_effect,700,700,0,0,,delay,,,True,3,0,101.55,520,5,5,True,0,0,0,heuristic,1858,3
data_analysis__three_day_main_effect__main_delay_d0700__run5__37686e9e.json,37686e9e,data_analysis,5,three_day_main_effect,main_delay_d0700,main_effect,700,700,0,0,,delay,,,True,3,0,96.71,462,5,5,True,0,0,0,heuristic,1628,3
data_analysis__three_day_main_effect__main_delay_d0750__run1__913d6d52.json,913d6d52,data_analysis,1,three_day_main_effect,main_delay_d0750,main_effect,750,750,0,0,,delay,,,True,3,0,96.07,508,5,5,True,0,0,0,heuristic,1793,3
data_analysis__three_day_main_effect__main_delay_d0750__run2__fe917b9d.json,fe917b9d,data_analysis,2,three_day_main_effect,main_delay_d0750,main_effect,750,750,0,0,,delay,,,True,3,0,112.66,413,5,5,True,0,0,0,heuristic,1421,3
data_analysis__three_day_main_effect__main_delay_d0750__run3__4f8c6363.json,4f8c6363,data_analysis,3,three_day_main_effect,main_delay_d0750,main_effect,750,750,0,0,,delay,,,True,3,0,120.02,642,5,5,True,0,0,0,heuristic,2356,3
data_analysis__three_day_main_effect__main_delay_d0750__run4__f4817419.json,f4817419,data_analysis,4,three_day_main_effect,main_delay_d0750,main_effect,750,750,0,0,,delay,,,True,3,0,95.71,498,5,5,True,0,0,0,heuristic,1767,3
data_analysis__three_day_main_effect__main_delay_d0750__run5__022fa9a3.json,022fa9a3,data_analysis,5,three_day_main_effect,main_delay_d0750,main_effect,750,750,0,0,,delay,,,True,3,0,129.64,575,5,5,True,0,0,0,heuristic,2053,3
data_analysis__three_day_main_effect__main_delay_d0800__run1__c13de9c2.json,c13de9c2,data_analysis,1,three_day_main_effect,main_delay_d0800,main_effect,800,800,0,0,,delay,,,True,3,0,81.55,531,5,5,True,0,0,0,heuristic,1896,3
data_analysis__three_day_main_effect__main_delay_d0800__run2__a1ba65ff.json,a1ba65ff,data_analysis,2,three_day_main_effect,main_delay_d0800,main_effect,800,800,0,0,,delay,,,True,3,0,140.61,596,5,5,True,0,0,0,heuristic,2169,3
data_analysis__three_day_main_effect__main_delay_d0800__run3__aa93ac26.json,aa93ac26,data_analysis,3,three_day_main_effect,main_delay_d0800,main_effect,800,800,0,0,,delay,,,True,3,0,110.67,632,5,5,True,0,0,0,heuristic,2306,3
data_analysis__three_day_main_effect__main_delay_d0800__run4__4e60466f.json,4e60466f,data_analysis,4,three_day_main_effect,main_delay_d0800,main_effect,800,800,0,0,,delay,,,True,3,0,100.82,527,5,5,True,0,0,0,heuristic,1889,3
data_analysis__three_day_main_effect__main_delay_d0800__run5__d72cfcfa.json,d72cfcfa,data_analysis,5,three_day_main_effect,main_delay_d0800,main_effect,800,800,0,0,,delay,,,True,3,0,103.54,585,5,5,True,0,0,0,heuristic,2126,3
data_analysis__three_day_main_effect__main_delay_d0850__run1__629988e2.json,629988e2,data_analysis,1,three_day_main_effect,main_delay_d0850,main_effect,850,850,0,0,,delay,,,True,3,0,81.12,487,5,5,True,0,0,0,heuristic,1731,3
data_analysis__three_day_main_effect__main_delay_d0850__run2__b0cb40ef.json,b0cb40ef,data_analysis,2,three_day_main_effect,main_delay_d0850,main_effect,850,850,0,0,,delay,,,True,3,0,105.48,464,5,5,True,0,0,0,heuristic,1643,3
data_analysis__three_day_main_effect__main_delay_d0850__run3__e5560047.json,e5560047,data_analysis,3,three_day_main_effect,main_delay_d0850,main_effect,850,850,0,0,,delay,,,True,3,0,95.2,509,5,5,True,0,0,0,heuristic,1823,3
data_analysis__three_day_main_effect__main_delay_d0850__run4__7149ed7d.json,7149ed7d,data_analysis,4,three_day_main_effect,main_delay_d0850,main_effect,850,850,0,0,,delay,,,True,3,0,103.22,491,5,5,True,0,0,0,heuristic,1716,3
data_analysis__three_day_main_effect__main_delay_d0850__run5__315e7afd.json,315e7afd,data_analysis,5,three_day_main_effect,main_delay_d0850,main_effect,850,850,0,0,,delay,,,True,3,0,110.53,625,5,5,True,0,0,0,heuristic,2285,3
data_analysis__three_day_main_effect__main_delay_d0900__run1__ecc28e1d.json,ecc28e1d,data_analysis,1,three_day_main_effect,main_delay_d0900,main_effect,900,900,0,0,,delay,,,True,3,0,86.79,532,5,5,True,0,0,0,heuristic,1918,3
data_analysis__three_day_main_effect__main_delay_d0900__run2__e0041097.json,e0041097,data_analysis,2,three_day_main_effect,main_delay_d0900,main_effect,900,900,0,0,,delay,,,True,3,0,123.6,550,5,5,True,0,0,0,heuristic,1986,3
data_analysis__three_day_main_effect__main_delay_d0900__run3__db8a64f1.json,db8a64f1,data_analysis,3,three_day_main_effect,main_delay_d0900,main_effect,900,900,0,0,,delay,,,True,3,0,104.41,575,5,5,True,0,0,0,heuristic,2082,3
data_analysis__three_day_main_effect__main_delay_d0900__run4__6d009095.json,6d009095,data_analysis,4,three_day_main_effect,main_delay_d0900,main_effect,900,900,0,0,,delay,,,True,3,0,109.4,505,5,5,True,0,0,0,heuristic,1809,3
data_analysis__three_day_main_effect__main_delay_d0900__run5__cee60c07.json,cee60c07,data_analysis,5,three_day_main_effect,main_delay_d0900,main_effect,900,900,0,0,,delay,,,True,3,0,97.84,438,5,5,True,0,0,0,heuristic,1510,3
data_analysis__three_day_main_effect__main_delay_d0950__run1__5622eee3.json,5622eee3,data_analysis,1,three_day_main_effect,main_delay_d0950,main_effect,950,950,0,0,,delay,,,True,3,0,88.24,514,5,5,True,0,0,0,heuristic,1863,3
data_analysis__three_day_main_effect__main_delay_d0950__run2__72fb7ff4.json,72fb7ff4,data_analysis,2,three_day_main_effect,main_delay_d0950,main_effect,950,950,0,0,,delay,,,True,3,0,113.7,467,5,5,True,0,0,0,heuristic,1639,3
data_analysis__three_day_main_effect__main_delay_d0950__run3__b4f41f8e.json,b4f41f8e,data_analysis,3,three_day_main_effect,main_delay_d0950,main_effect,950,950,0,0,,delay,,,True,3,0,98.67,375,5,5,True,0,0,0,heuristic,1289,3
data_analysis__three_day_main_effect__main_delay_d0950__run4__abef6773.json,abef6773,data_analysis,4,three_day_main_effect,main_delay_d0950,main_effect,950,950,0,0,,delay,,,True,3,0,99.06,527,5,5,True,0,0,0,heuristic,1884,3
data_analysis__three_day_main_effect__main_delay_d0950__run5__2cbb2b0a.json,2cbb2b0a,data_analysis,5,three_day_main_effect,main_delay_d0950,main_effect,950,950,0,0,,delay,,,True,3,0,117.06,579,5,5,True,0,0,0,heuristic,2105,3
data_analysis__three_day_main_effect__main_delay_d1000__run1__c4ba2d12.json,c4ba2d12,data_analysis,1,three_day_main_effect,main_delay_d1000,main_effect,1000,1000,0,0,,delay,,,True,3,0,94.11,557,5,5,True,0,0,0,heuristic,1983,3
data_analysis__three_day_main_effect__main_delay_d1000__run2__34099ede.json,34099ede,data_analysis,2,three_day_main_effect,main_delay_d1000,main_effect,1000,1000,0,0,,delay,,,True,3,0,136.79,542,5,5,True,0,0,0,heuristic,1928,3
data_analysis__three_day_main_effect__main_delay_d1000__run3__ce289712.json,ce289712,data_analysis,3,three_day_main_effect,main_delay_d1000,main_effect,1000,1000,0,0,,delay,,,True,3,0,111.87,570,5,5,True,0,0,0,heuristic,2068,3
data_analysis__three_day_main_effect__main_delay_d1000__run4__8373af10.json,8373af10,data_analysis,4,three_day_main_effect,main_delay_d1000,main_effect,1000,1000,0,0,,delay,,,True,3,0,120.83,621,5,5,True,0,0,0,heuristic,2259,3
data_analysis__three_day_main_effect__main_delay_d1000__run5__b672ad7f.json,b672ad7f,data_analysis,5,three_day_main_effect,main_delay_d1000,main_effect,1000,1000,0,0,,delay,,,True,3,0,108.13,664,5,5,True,0,0,0,heuristic,2430,3
data_analysis__three_day_main_effect__main_jitter_j000__run1__20b48048.json,20b48048,data_analysis,1,three_day_main_effect,main_jitter_j000,main_effect,0,0,0,0,,jitter,,,True,3,0,94.28,559,5,5,True,0,0,0,heuristic,2012,3
data_analysis__three_day_main_effect__main_jitter_j000__run2__03814551.json,03814551,data_analysis,2,three_day_main_effect,main_jitter_j000,main_effect,0,0,0,0,,jitter,,,True,3,0,102.44,496,5,5,True,0,0,0,heuristic,1760,3
data_analysis__three_day_main_effect__main_jitter_j000__run3__cb91fa70.json,cb91fa70,data_analysis,3,three_day_main_effect,main_jitter_j000,main_effect,0,0,0,0,,jitter,,,True,3,0,100.62,583,5,5,True,0,0,0,heuristic,2084,3
data_analysis__three_day_main_effect__main_jitter_j000__run4__3d33505e.json,3d33505e,data_analysis,4,three_day_main_effect,main_jitter_j000,main_effect,0,0,0,0,,jitter,,,True,3,0,124.14,606,5,5,True,0,0,0,heuristic,2188,3
data_analysis__three_day_main_effect__main_jitter_j000__run5__651c3b5c.json,651c3b5c,data_analysis,5,three_day_main_effect,main_jitter_j000,main_effect,0,0,0,0,,jitter,,,True,3,0,123.44,639,5,5,True,0,0,0,heuristic,2341,3
data_analysis__three_day_main_effect__main_jitter_j001__run1__eebdf001.json,eebdf001,data_analysis,1,three_day_main_effect,main_jitter_j001,main_effect,50,0,1,0,,jitter,,,True,3,0,124.11,633,5,5,True,0,0,0,heuristic,2289,3
data_analysis__three_day_main_effect__main_jitter_j001__run2__26b8bd70.json,26b8bd70,data_analysis,2,three_day_main_effect,main_jitter_j001,main_effect,50,0,1,0,,jitter,,,True,3,0,131.94,559,5,5,True,0,0,0,heuristic,2009,3
data_analysis__three_day_main_effect__main_jitter_j001__run3__e157ac89.json,e157ac89,data_analysis,3,three_day_main_effect,main_jitter_j001,main_effect,50,0,1,0,,jitter,,,True,3,0,120.27,578,5,5,True,0,0,0,heuristic,2094,3
data_analysis__three_day_main_effect__main_jitter_j001__run4__c7c32823.json,c7c32823,data_analysis,4,three_day_main_effect,main_jitter_j001,main_effect,50,0,1,0,,jitter,,,True,3,0,80.64,383,5,5,True,0,0,0,heuristic,1315,3
data_analysis__three_day_main_effect__main_jitter_j001__run5__2faabaf9.json,2faabaf9,data_analysis,5,three_day_main_effect,main_jitter_j001,main_effect,50,0,1,0,,jitter,,,True,3,0,80.84,445,4,5,True,0,0,0,heuristic,1554,3
data_analysis__three_day_main_effect__main_jitter_j005__run1__c48e1747.json,c48e1747,data_analysis,1,three_day_main_effect,main_jitter_j005,main_effect,50,0,5,0,,jitter,,,True,3,0,93.84,546,5,4,True,0,0,0,heuristic,1948,3
data_analysis__three_day_main_effect__main_jitter_j005__run2__2940d5bb.json,2940d5bb,data_analysis,2,three_day_main_effect,main_jitter_j005,main_effect,50,0,5,0,,jitter,,,True,3,0,94.12,558,5,5,True,0,0,0,heuristic,2020,3
data_analysis__three_day_main_effect__main_jitter_j005__run3__3ff7cef1.json,3ff7cef1,data_analysis,3,three_day_main_effect,main_jitter_j005,main_effect,50,0,5,0,,jitter,,,True,3,0,104.81,462,5,5,True,0,0,0,heuristic,1635,3
data_analysis__three_day_main_effect__main_jitter_j005__run4__8296c8ce.json,8296c8ce,data_analysis,4,three_day_main_effect,main_jitter_j005,main_effect,50,0,5,0,,jitter,,,True,3,0,140.23,598,5,5,True,0,0,0,heuristic,2194,3
data_analysis__three_day_main_effect__main_jitter_j005__run5__f65832b9.json,f65832b9,data_analysis,5,three_day_main_effect,main_jitter_j005,main_effect,50,0,5,0,,jitter,,,True,3,0,108.12,627,5,5,True,0,0,0,heuristic,2288,3
data_analysis__three_day_main_effect__main_jitter_j010__run1__1be6bee2.json,1be6bee2,data_analysis,1,three_day_main_effect,main_jitter_j010,main_effect,50,0,10,0,,jitter,,,True,3,0,110.86,550,5,5,True,0,0,0,heuristic,1975,3
data_analysis__three_day_main_effect__main_jitter_j010__run2__5a23593a.json,5a23593a,data_analysis,2,three_day_main_effect,main_jitter_j010,main_effect,50,0,10,0,,jitter,,,True,3,0,101.4,493,5,5,True,0,0,0,heuristic,1763,3
data_analysis__three_day_main_effect__main_jitter_j010__run3__fd19112b.json,fd19112b,data_analysis,3,three_day_main_effect,main_jitter_j010,main_effect,50,0,10,0,,jitter,,,True,3,0,134.61,598,5,5,True,0,0,0,heuristic,2174,3
data_analysis__three_day_main_effect__main_jitter_j010__run4__d461081f.json,d461081f,data_analysis,4,three_day_main_effect,main_jitter_j010,main_effect,50,0,10,0,,jitter,,,True,3,0,105.1,544,5,5,True,0,0,0,heuristic,1959,3
data_analysis__three_day_main_effect__main_jitter_j010__run5__4f00eb59.json,4f00eb59,data_analysis,5,three_day_main_effect,main_jitter_j010,main_effect,50,0,10,0,,jitter,,,True,3,0,103.49,571,5,5,True,0,0,0,heuristic,2037,3
data_analysis__three_day_main_effect__main_jitter_j015__run1__57edf1d2.json,57edf1d2,data_analysis,1,three_day_main_effect,main_jitter_j015,main_effect,50,0,15,0,,jitter,,,True,3,0,87.92,407,5,5,True,0,0,0,heuristic,1404,3
data_analysis__three_day_main_effect__main_jitter_j015__run2__7d3736a6.json,7d3736a6,data_analysis,2,three_day_main_effect,main_jitter_j015,main_effect,50,0,15,0,,jitter,,,True,3,0,97.84,469,5,5,True,0,0,0,heuristic,1663,3
data_analysis__three_day_main_effect__main_jitter_j015__run3__852f0754.json,852f0754,data_analysis,3,three_day_main_effect,main_jitter_j015,main_effect,50,0,15,0,,jitter,,,True,3,0,122.94,617,5,5,True,0,0,0,heuristic,2272,3
data_analysis__three_day_main_effect__main_jitter_j015__run4__c6baa3a0.json,c6baa3a0,data_analysis,4,three_day_main_effect,main_jitter_j015,main_effect,50,0,15,0,,jitter,,,True,3,0,110.96,527,5,5,True,0,0,0,heuristic,1915,3
data_analysis__three_day_main_effect__main_jitter_j015__run5__5a99bfa7.json,5a99bfa7,data_analysis,5,three_day_main_effect,main_jitter_j015,main_effect,50,0,15,0,,jitter,,,True,3,0,123.32,497,5,5,True,0,0,0,heuristic,1770,3
data_analysis__three_day_main_effect__main_jitter_j020__run1__242de47c.json,242de47c,data_analysis,1,three_day_main_effect,main_jitter_j020,main_effect,50,0,20,0,,jitter,,,True,3,0,125.1,538,5,5,True,0,0,0,heuristic,1934,3
data_analysis__three_day_main_effect__main_jitter_j020__run2__cd26ecf3.json,cd26ecf3,data_analysis,2,three_day_main_effect,main_jitter_j020,main_effect,50,0,20,0,,jitter,,,True,3,0,107.3,589,5,5,True,0,0,0,heuristic,2139,3
data_analysis__three_day_main_effect__main_jitter_j020__run3__0472dcbf.json,0472dcbf,data_analysis,3,three_day_main_effect,main_jitter_j020,main_effect,50,0,20,0,,jitter,,,True,3,0,113.06,372,5,5,True,0,0,0,heuristic,1254,3
data_analysis__three_day_main_effect__main_jitter_j020__run4__2c680d35.json,2c680d35,data_analysis,4,three_day_main_effect,main_jitter_j020,main_effect,50,0,20,0,,jitter,,,True,3,0,116.26,595,5,5,True,0,0,0,heuristic,2164,3
data_analysis__three_day_main_effect__main_jitter_j020__run5__9ed54bea.json,9ed54bea,data_analysis,5,three_day_main_effect,main_jitter_j020,main_effect,50,0,20,0,,jitter,,,True,3,0,97.27,487,5,5,True,0,0,0,heuristic,1731,3
data_analysis__three_day_main_effect__main_jitter_j025__run1__a17df0cd.json,a17df0cd,data_analysis,1,three_day_main_effect,main_jitter_j025,main_effect,50,0,25,0,,jitter,,,True,3,0,110.21,585,5,5,True,0,0,0,heuristic,2129,3
data_analysis__three_day_main_effect__main_jitter_j025__run2__0e568a72.json,0e568a72,data_analysis,2,three_day_main_effect,main_jitter_j025,main_effect,50,0,25,0,,jitter,,,True,3,0,102.1,507,5,5,True,0,0,0,heuristic,1803,3
data_analysis__three_day_main_effect__main_jitter_j025__run3__505965d6.json,505965d6,data_analysis,3,three_day_main_effect,main_jitter_j025,main_effect,50,0,25,0,,jitter,,,True,3,0,143.39,499,5,5,True,0,0,0,heuristic,1774,3
data_analysis__three_day_main_effect__main_jitter_j025__run4__ca2e8d84.json,ca2e8d84,data_analysis,4,three_day_main_effect,main_jitter_j025,main_effect,50,0,25,0,,jitter,,,True,3,0,107.86,482,5,5,True,0,0,0,heuristic,1699,3
data_analysis__three_day_main_effect__main_jitter_j025__run5__0449eac3.json,0449eac3,data_analysis,5,three_day_main_effect,main_jitter_j025,main_effect,50,0,25,0,,jitter,,,True,3,0,109.16,628,5,5,True,0,0,0,heuristic,2286,3
data_analysis__three_day_main_effect__main_jitter_j030__run1__af1a272e.json,af1a272e,data_analysis,1,three_day_main_effect,main_jitter_j030,main_effect,50,0,30,0,,jitter,,,True,3,0,94.58,596,5,5,True,0,0,0,heuristic,2158,3
data_analysis__three_day_main_effect__main_jitter_j030__run2__3a70863b.json,3a70863b,data_analysis,2,three_day_main_effect,main_jitter_j030,main_effect,50,0,30,0,,jitter,,,True,3,0,99.2,493,5,5,True,0,0,0,heuristic,1757,3
data_analysis__three_day_main_effect__main_jitter_j030__run3__0b70df5d.json,0b70df5d,data_analysis,3,three_day_main_effect,main_jitter_j030,main_effect,50,0,30,0,,jitter,,,True,3,0,250.65,519,5,5,True,0,0,0,heuristic,1825,3
data_analysis__three_day_main_effect__main_jitter_j030__run4__f9d555bd.json,f9d555bd,data_analysis,4,three_day_main_effect,main_jitter_j030,main_effect,50,0,30,0,,jitter,,,True,3,0,87.93,592,5,5,True,0,0,0,heuristic,2152,3
data_analysis__three_day_main_effect__main_jitter_j030__run5__ef8a441c.json,ef8a441c,data_analysis,5,three_day_main_effect,main_jitter_j030,main_effect,50,0,30,0,,jitter,,,True,3,0,118.66,446,5,5,True,0,0,0,heuristic,1569,3
data_analysis__three_day_main_effect__main_jitter_j050__run1__3c2b0130.json,3c2b0130,data_analysis,1,three_day_main_effect,main_jitter_j050,main_effect,50,0,50,0,,jitter,,,True,3,0,118.18,595,5,5,True,0,0,0,heuristic,2163,3
data_analysis__three_day_main_effect__main_jitter_j050__run2__a6d12292.json,a6d12292,data_analysis,2,three_day_main_effect,main_jitter_j050,main_effect,50,0,50,0,,jitter,,,True,3,0,99.62,553,5,5,True,0,0,0,heuristic,1993,3
data_analysis__three_day_main_effect__main_jitter_j050__run3__593b1616.json,593b1616,data_analysis,3,three_day_main_effect,main_jitter_j050,main_effect,50,0,50,0,,jitter,,,True,3,0,136.09,483,5,5,True,0,0,0,heuristic,1715,3
data_analysis__three_day_main_effect__main_jitter_j050__run4__ab962a9a.json,ab962a9a,data_analysis,4,three_day_main_effect,main_jitter_j050,main_effect,50,0,50,0,,jitter,,,True,3,0,104.65,589,5,5,True,0,0,0,heuristic,2111,3
data_analysis__three_day_main_effect__main_jitter_j050__run5__b33d0564.json,b33d0564,data_analysis,5,three_day_main_effect,main_jitter_j050,main_effect,50,0,50,0,,jitter,,,True,3,0,258.48,444,5,5,True,0,0,0,heuristic,1558,3
data_analysis__three_day_main_effect__main_jitter_j075__run1__15fc426f.json,15fc426f,data_analysis,1,three_day_main_effect,main_jitter_j075,main_effect,50,0,75,0,,jitter,,,True,3,0,88.07,464,5,5,True,0,0,0,heuristic,1638,3
data_analysis__three_day_main_effect__main_jitter_j075__run2__8828bd82.json,8828bd82,data_analysis,2,three_day_main_effect,main_jitter_j075,main_effect,50,0,75,0,,jitter,,,True,3,0,96.25,528,5,5,True,0,0,0,heuristic,1897,3
data_analysis__three_day_main_effect__main_jitter_j075__run3__d09f45e1.json,d09f45e1,data_analysis,3,three_day_main_effect,main_jitter_j075,main_effect,50,0,75,0,,jitter,,,True,3,0,147.48,561,5,5,True,0,0,0,heuristic,2033,3
data_analysis__three_day_main_effect__main_jitter_j075__run4__54280ecd.json,54280ecd,data_analysis,4,three_day_main_effect,main_jitter_j075,main_effect,50,0,75,0,,jitter,,,True,3,0,84.45,421,5,5,True,0,0,0,heuristic,1462,3
data_analysis__three_day_main_effect__main_jitter_j075__run5__39345067.json,39345067,data_analysis,5,three_day_main_effect,main_jitter_j075,main_effect,50,0,75,0,,jitter,,,True,3,0,392.92,550,5,5,True,0,0,0,heuristic,1958,3
data_analysis__three_day_main_effect__main_loss_loss0__run1__f4489cee.json,f4489cee,data_analysis,1,three_day_main_effect,main_loss_loss0,main_effect,0,0,0,0,,loss,,,True,3,0,115.15,723,4,5,True,0,0,0,heuristic,2692,3
data_analysis__three_day_main_effect__main_loss_loss0__run2__7f026913.json,7f026913,data_analysis,2,three_day_main_effect,main_loss_loss0,main_effect,0,0,0,0,,loss,,,True,3,0,125.7,645,5,5,True,0,0,0,heuristic,2362,3
data_analysis__three_day_main_effect__main_loss_loss0__run3__0144ada2.json,0144ada2,data_analysis,3,three_day_main_effect,main_loss_loss0,main_effect,0,0,0,0,,loss,,,True,3,0,110.9,479,5,5,True,0,0,0,heuristic,1699,3
data_analysis__three_day_main_effect__main_loss_loss0__run4__3578cc42.json,3578cc42,data_analysis,4,three_day_main_effect,main_loss_loss0,main_effect,0,0,0,0,,loss,,,True,3,0,93.48,529,5,5,True,0,0,0,heuristic,1898,3
data_analysis__three_day_main_effect__main_loss_loss0__run5__d97acee6.json,d97acee6,data_analysis,5,three_day_main_effect,main_loss_loss0,main_effect,0,0,0,0,,loss,,,True,3,0,86.94,519,5,5,True,0,0,0,heuristic,1866,3
data_analysis__three_day_main_effect__main_loss_loss10__run1__d9b5d493.json,d9b5d493,data_analysis,1,three_day_main_effect,main_loss_loss10,main_effect,0,0,0,10,,loss,,,True,3,0,102.7,628,5,5,True,0,0,0,heuristic,2299,3
data_analysis__three_day_main_effect__main_loss_loss10__run2__ca99ca3c.json,ca99ca3c,data_analysis,2,three_day_main_effect,main_loss_loss10,main_effect,0,0,0,10,,loss,,,True,3,0,126.23,558,5,5,True,0,0,0,heuristic,2012,3
data_analysis__three_day_main_effect__main_loss_loss10__run3__0712757c.json,0712757c,data_analysis,3,three_day_main_effect,main_loss_loss10,main_effect,0,0,0,10,,loss,,,True,3,0,128.58,446,5,5,True,0,0,0,heuristic,1550,3
data_analysis__three_day_main_effect__main_loss_loss10__run4__2fe79a3f.json,2fe79a3f,data_analysis,4,three_day_main_effect,main_loss_loss10,main_effect,0,0,0,10,,loss,,,True,3,0,95.46,547,4,5,True,0,0,0,heuristic,1931,3
data_analysis__three_day_main_effect__main_loss_loss10__run5__4b48a374.json,4b48a374,data_analysis,5,three_day_main_effect,main_loss_loss10,main_effect,0,0,0,10,,loss,,,True,3,0,131.65,653,5,5,True,0,0,0,heuristic,2465,3
data_analysis__three_day_main_effect__main_loss_loss15__run1__c8affabb.json,c8affabb,data_analysis,1,three_day_main_effect,main_loss_loss15,main_effect,0,0,0,15,,loss,,,True,3,0,84.27,515,5,5,True,0,0,0,heuristic,1847,3
data_analysis__three_day_main_effect__main_loss_loss15__run2__13fea728.json,13fea728,data_analysis,2,three_day_main_effect,main_loss_loss15,main_effect,0,0,0,15,,loss,,,True,3,0,115.65,549,5,5,True,0,0,0,heuristic,1980,3
data_analysis__three_day_main_effect__main_loss_loss15__run3__0af876c2.json,0af876c2,data_analysis,3,three_day_main_effect,main_loss_loss15,main_effect,0,0,0,15,,loss,,,True,3,0,269.03,509,5,5,True,0,0,0,heuristic,1827,3
data_analysis__three_day_main_effect__main_loss_loss15__run4__b465cb4e.json,b465cb4e,data_analysis,4,three_day_main_effect,main_loss_loss15,main_effect,0,0,0,15,,loss,,,True,3,0,97.12,625,5,5,True,0,0,0,heuristic,2256,3
data_analysis__three_day_main_effect__main_loss_loss15__run5__6f897744.json,6f897744,data_analysis,5,three_day_main_effect,main_loss_loss15,main_effect,0,0,0,15,,loss,,,True,3,0,101.71,581,5,5,True,0,0,0,heuristic,2100,3
data_analysis__three_day_main_effect__main_loss_loss1__run1__c27fe798.json,c27fe798,data_analysis,1,three_day_main_effect,main_loss_loss1,main_effect,0,0,0,1,,loss,,,True,3,0,91.95,475,5,5,True,0,0,0,heuristic,1682,3
data_analysis__three_day_main_effect__main_loss_loss1__run2__a606763b.json,a606763b,data_analysis,2,three_day_main_effect,main_loss_loss1,main_effect,0,0,0,1,,loss,,,True,3,0,113.52,591,5,5,True,0,0,0,heuristic,2149,3
data_analysis__three_day_main_effect__main_loss_loss1__run3__919067f8.json,919067f8,data_analysis,3,three_day_main_effect,main_loss_loss1,main_effect,0,0,0,1,,loss,,,True,3,0,117.92,564,5,5,True,0,0,0,heuristic,2034,3
data_analysis__three_day_main_effect__main_loss_loss1__run4__8744d6c5.json,8744d6c5,data_analysis,4,three_day_main_effect,main_loss_loss1,main_effect,0,0,0,1,,loss,,,True,3,0,90.01,474,5,5,True,0,0,0,heuristic,1669,3
data_analysis__three_day_main_effect__main_loss_loss1__run5__40953a9d.json,40953a9d,data_analysis,5,three_day_main_effect,main_loss_loss1,main_effect,0,0,0,1,,loss,,,True,3,0,111.38,560,5,5,True,0,0,0,heuristic,2023,3
data_analysis__three_day_main_effect__main_loss_loss20__run1__29cba0e6.json,29cba0e6,data_analysis,1,three_day_main_effect,main_loss_loss20,main_effect,0,0,0,20,,loss,,,True,3,0,99.49,631,5,5,True,0,0,0,heuristic,2324,3
data_analysis__three_day_main_effect__main_loss_loss20__run2__a16e6787.json,a16e6787,data_analysis,2,three_day_main_effect,main_loss_loss20,main_effect,0,0,0,20,,loss,,,True,3,0,161.45,648,5,5,True,0,0,0,heuristic,2376,3
data_analysis__three_day_main_effect__main_loss_loss20__run3__83c1cea6.json,83c1cea6,data_analysis,3,three_day_main_effect,main_loss_loss20,main_effect,0,0,0,20,,loss,,,True,3,0,143.5,489,5,5,True,0,0,0,heuristic,1729,3
data_analysis__three_day_main_effect__main_loss_loss20__run4__f0a6f2a4.json,f0a6f2a4,data_analysis,4,three_day_main_effect,main_loss_loss20,main_effect,0,0,0,20,,loss,,,True,3,0,91.4,508,5,5,True,0,0,0,heuristic,1817,3
data_analysis__three_day_main_effect__main_loss_loss20__run5__213085af.json,213085af,data_analysis,5,three_day_main_effect,main_loss_loss20,main_effect,0,0,0,20,,loss,,,True,3,0,89.19,516,5,5,True,0,0,0,heuristic,1847,3
data_analysis__three_day_main_effect__main_loss_loss25__run1__b2f3e309.json,b2f3e309,data_analysis,1,three_day_main_effect,main_loss_loss25,main_effect,0,0,0,25,,loss,,,True,3,0,137.28,448,5,5,True,0,0,0,heuristic,1568,3
data_analysis__three_day_main_effect__main_loss_loss25__run2__53a3e329.json,53a3e329,data_analysis,2,three_day_main_effect,main_loss_loss25,main_effect,0,0,0,25,,loss,,,True,3,0,126.38,542,4,4,True,0,0,0,heuristic,1911,3
data_analysis__three_day_main_effect__main_loss_loss25__run3__68713571.json,68713571,data_analysis,3,three_day_main_effect,main_loss_loss25,main_effect,0,0,0,25,,loss,,,True,3,0,126.05,421,5,5,True,0,0,0,heuristic,1470,3
data_analysis__three_day_main_effect__main_loss_loss25__run4__6c5154e7.json,6c5154e7,data_analysis,4,three_day_main_effect,main_loss_loss25,main_effect,0,0,0,25,,loss,,,True,3,0,115.23,580,5,5,True,0,0,0,heuristic,2069,3
data_analysis__three_day_main_effect__main_loss_loss25__run5__3655def3.json,3655def3,data_analysis,5,three_day_main_effect,main_loss_loss25,main_effect,0,0,0,25,,loss,,,True,3,0,104.95,493,5,5,True,0,0,0,heuristic,1754,3
data_analysis__three_day_main_effect__main_loss_loss30__run1__b6ee9afa.json,b6ee9afa,data_analysis,1,three_day_main_effect,main_loss_loss30,main_effect,0,0,0,30,,loss,,,True,3,0,159.13,485,5,5,True,0,0,0,heuristic,1725,3
data_analysis__three_day_main_effect__main_loss_loss30__run2__ab2863d1.json,ab2863d1,data_analysis,2,three_day_main_effect,main_loss_loss30,main_effect,0,0,0,30,,loss,,,True,3,0,137.95,573,5,5,True,0,0,0,heuristic,2144,3
data_analysis__three_day_main_effect__main_loss_loss30__run3__679e9b18.json,679e9b18,data_analysis,3,three_day_main_effect,main_loss_loss30,main_effect,0,0,0,30,,loss,,,True,3,0,149.23,487,5,5,True,0,0,0,heuristic,1698,3
data_analysis__three_day_main_effect__main_loss_loss30__run4__f5501349.json,f5501349,data_analysis,4,three_day_main_effect,main_loss_loss30,main_effect,0,0,0,30,,loss,,,True,3,0,107.06,601,5,5,True,0,0,0,heuristic,2193,3
data_analysis__three_day_main_effect__main_loss_loss30__run5__58f11c7d.json,58f11c7d,data_analysis,5,three_day_main_effect,main_loss_loss30,main_effect,0,0,0,30,,loss,,,True,3,0,98.78,555,5,5,True,0,0,0,heuristic,2005,3
data_analysis__three_day_main_effect__main_loss_loss40__run1__522b63f0.json,522b63f0,data_analysis,1,three_day_main_effect,main_loss_loss40,main_effect,0,0,0,40,,loss,,,True,3,0,106.94,442,5,5,True,0,0,0,heuristic,1549,3
data_analysis__three_day_main_effect__main_loss_loss40__run2__df610e08.json,df610e08,data_analysis,2,three_day_main_effect,main_loss_loss40,main_effect,0,0,0,40,,loss,,,True,3,0,100.24,455,5,5,True,0,0,0,heuristic,1603,3
data_analysis__three_day_main_effect__main_loss_loss40__run3__fa39455d.json,fa39455d,data_analysis,3,three_day_main_effect,main_loss_loss40,main_effect,0,0,0,40,,loss,,,True,3,0,212.25,549,5,5,True,0,0,0,heuristic,1968,3
data_analysis__three_day_main_effect__main_loss_loss40__run4__a0d6b78b.json,a0d6b78b,data_analysis,4,three_day_main_effect,main_loss_loss40,main_effect,0,0,0,40,,loss,,,True,3,0,102.02,523,5,5,True,0,0,0,heuristic,1883,3
data_analysis__three_day_main_effect__main_loss_loss40__run5__daf865b8.json,daf865b8,data_analysis,5,three_day_main_effect,main_loss_loss40,main_effect,0,0,0,40,,loss,,,True,3,0,99.44,555,4,5,True,0,0,0,heuristic,1953,3
data_analysis__three_day_main_effect__main_loss_loss50__run1__0d72ce91.json,0d72ce91,data_analysis,1,three_day_main_effect,main_loss_loss50,main_effect,0,0,0,50,,loss,,,True,3,0,226.95,506,5,5,True,0,0,0,heuristic,1773,3
data_analysis__three_day_main_effect__main_loss_loss50__run2__3f5c588e.json,3f5c588e,data_analysis,2,three_day_main_effect,main_loss_loss50,main_effect,0,0,0,50,,loss,,,True,3,0,242.16,473,5,5,True,0,0,0,heuristic,1677,3
data_analysis__three_day_main_effect__main_loss_loss50__run3__c15db543.json,c15db543,data_analysis,3,three_day_main_effect,main_loss_loss50,main_effect,0,0,0,50,,loss,,,True,3,0,114.05,556,5,5,True,0,0,0,heuristic,2019,3
data_analysis__three_day_main_effect__main_loss_loss50__run4__856c612d.json,856c612d,data_analysis,4,three_day_main_effect,main_loss_loss50,main_effect,0,0,0,50,,loss,,,True,3,0,101.18,582,5,5,True,0,0,0,heuristic,2114,3
data_analysis__three_day_main_effect__main_loss_loss50__run5__5e9f3c63.json,5e9f3c63,data_analysis,5,three_day_main_effect,main_loss_loss50,main_effect,0,0,0,50,,loss,,,True,3,0,89.3,546,5,5,True,0,0,0,heuristic,1961,3
data_analysis__three_day_main_effect__main_loss_loss5__run1__de7ebd80.json,de7ebd80,data_analysis,1,three_day_main_effect,main_loss_loss5,main_effect,0,0,0,5,,loss,,,True,3,0,82.43,534,5,5,True,0,0,0,heuristic,1926,3
data_analysis__three_day_main_effect__main_loss_loss5__run2__53cec1c1.json,53cec1c1,data_analysis,2,three_day_main_effect,main_loss_loss5,main_effect,0,0,0,5,,loss,,,True,3,0,111.59,494,5,5,True,0,0,0,heuristic,1763,3
data_analysis__three_day_main_effect__main_loss_loss5__run3__37a8b3a1.json,37a8b3a1,data_analysis,3,three_day_main_effect,main_loss_loss5,main_effect,0,0,0,5,,loss,,,True,3,0,138.87,547,5,5,True,0,0,0,heuristic,1922,3
data_analysis__three_day_main_effect__main_loss_loss5__run4__410d9172.json,410d9172,data_analysis,4,three_day_main_effect,main_loss_loss5,main_effect,0,0,0,5,,loss,,,True,3,0,99.74,587,5,5,True,0,0,0,heuristic,2110,3
data_analysis__three_day_main_effect__main_loss_loss5__run5__a05655dd.json,a05655dd,data_analysis,5,three_day_main_effect,main_loss_loss5,main_effect,0,0,0,5,,loss,,,True,3,0,92.49,568,5,5,True,0,0,0,heuristic,2052,3
data_analysis__three_day_main_effect__main_loss_loss75__run1__9709dfb3.json,9709dfb3,data_analysis,1,three_day_main_effect,main_loss_loss75,main_effect,0,0,0,75,,loss,,,True,3,0,1065.87,1488,5,5,True,1,2,4,heuristic,2077,7
data_analysis__three_day_main_effect__main_loss_loss75__run2__715094fd.json,715094fd,data_analysis,2,three_day_main_effect,main_loss_loss75,main_effect,0,0,0,75,,loss,,,True,3,0,653.85,1116,5,5,True,1,0,4,heuristic,1767,6
data_analysis__three_day_main_effect__main_loss_loss75__run3__6aa6c1fd.json,6aa6c1fd,data_analysis,3,three_day_main_effect,main_loss_loss75,main_effect,0,0,0,75,,loss,,,True,3,0,926.23,744,5,5,True,1,2,4,heuristic,2514,5
data_analysis__three_day_main_effect__main_loss_loss75__run4__aa9049b2.json,aa9049b2,data_analysis,4,three_day_main_effect,main_loss_loss75,main_effect,0,0,0,75,,loss,,,True,3,0,712.85,469,5,5,True,0,1,2,heuristic,1532,4
data_analysis__three_day_main_effect__main_loss_loss75__run5__63e7f5cf.json,63e7f5cf,data_analysis,5,three_day_main_effect,main_loss_loss75,main_effect,0,0,0,75,,loss,,,True,3,0,108.87,530,5,5,True,0,0,0,heuristic,1892,3
planning_decision__r01_m01__sideA__three_day_tournament__factorial_baseline__run1__1a616242.json,1a616242,planning_decision,1,three_day_tournament,factorial_baseline,factorial,0,0,0,0,,,r01_m01,A,True,3,0,81.0,278,5,5,True,0,0,0,heuristic,860,3
planning_decision__r01_m01__sideB__three_day_tournament__factorial_delay_loss_jitter__run1__ad38e486.json,ad38e486,planning_decision,1,three_day_tournament,factorial_delay_loss_jitter,factorial,300,300,30,5,,,r01_m01,B,True,3,0,75.24,275,5,5,True,0,0,0,heuristic,834,3
planning_decision__r01_m02__sideA__three_day_tournament__factorial_jitter__run1__82e7fcca.json,82e7fcca,planning_decision,1,three_day_tournament,factorial_jitter,factorial,50,0,30,0,,,r01_m02,A,True,3,0,71.37,269,5,5,True,0,0,0,heuristic,859,3
planning_decision__r01_m02__sideB__three_day_tournament__factorial_delay_loss__run1__dde0bd3d.json,dde0bd3d,planning_decision,1,three_day_tournament,factorial_delay_loss,factorial,300,300,0,5,,,r01_m02,B,True,3,0,78.83,269,5,4,True,0,0,0,heuristic,829,3
planning_decision__r01_m03__sideA__three_day_tournament__factorial_loss__run1__bbe5928e.json,bbe5928e,planning_decision,1,three_day_tournament,factorial_loss,factorial,0,0,0,5,,,r01_m03,A,True,3,0,83.26,222,5,4,True,0,0,0,heuristic,644,3
planning_decision__r01_m03__sideB__three_day_tournament__factorial_delay_jitter__run1__63ee5b4c.json,63ee5b4c,planning_decision,1,three_day_tournament,factorial_delay_jitter,factorial,300,300,30,0,,,r01_m03,B,True,3,0,73.47,247,5,5,True,0,0,0,heuristic,730,3
planning_decision__r01_m04__sideA__three_day_tournament__factorial_loss_jitter__run1__42e68733.json,42e68733,planning_decision,1,three_day_tournament,factorial_loss_jitter,factorial,50,0,30,5,,,r01_m04,A,True,3,0,73.59,297,5,5,True,0,0,0,heuristic,917,3
planning_decision__r01_m04__sideB__three_day_tournament__factorial_delay__run1__be9bcd2c.json,be9bcd2c,planning_decision,1,three_day_tournament,factorial_delay,factorial,300,300,0,0,,,r01_m04,B,True,3,0,81.84,260,5,5,True,0,0,0,heuristic,759,3
planning_decision__r02_m01__sideA__three_day_tournament__factorial_baseline__run1__00d05bb9.json,00d05bb9,planning_decision,1,three_day_tournament,factorial_baseline,factorial,0,0,0,0,,,r02_m01,A,True,3,0,80.85,296,5,5,True,0,0,0,heuristic,860,3
planning_decision__r02_m01__sideB__three_day_tournament__factorial_delay_loss__run1__da27d68a.json,da27d68a,planning_decision,1,three_day_tournament,factorial_delay_loss,factorial,300,300,0,5,,,r02_m01,B,True,3,0,74.95,289,5,5,True,0,0,0,heuristic,908,3
planning_decision__r02_m02__sideA__three_day_tournament__factorial_delay_loss_jitter__run1__ff7232a9.json,ff7232a9,planning_decision,1,three_day_tournament,factorial_delay_loss_jitter,factorial,300,300,30,5,,,r02_m02,A,True,3,0,73.62,219,5,4,True,0,0,0,heuristic,640,3
planning_decision__r02_m02__sideB__three_day_tournament__factorial_delay_jitter__run1__91ee0aef.json,91ee0aef,planning_decision,1,three_day_tournament,factorial_delay_jitter,factorial,300,300,30,0,,,r02_m02,B,True,3,0,82.04,271,5,5,True,0,0,0,heuristic,817,3
planning_decision__r02_m03__sideA__three_day_tournament__factorial_jitter__run1__5f83d4e9.json,5f83d4e9,planning_decision,1,three_day_tournament,factorial_jitter,factorial,50,0,30,0,,,r02_m03,A,True,3,0,102.63,267,5,3,False,0,0,0,heuristic,801,3
planning_decision__r02_m03__sideB__three_day_tournament__factorial_delay__run1__765e5dfe.json,765e5dfe,planning_decision,1,three_day_tournament,factorial_delay,factorial,300,300,0,0,,,r02_m03,B,True,3,0,70.1,248,5,5,True,0,0,0,heuristic,739,3
planning_decision__r02_m04__sideA__three_day_tournament__factorial_loss__run1__9c3f0889.json,9c3f0889,planning_decision,1,three_day_tournament,factorial_loss,factorial,0,0,0,5,,,r02_m04,A,True,3,0,84.16,210,5,5,True,0,0,0,heuristic,568,3
planning_decision__r02_m04__sideB__three_day_tournament__factorial_loss_jitter__run1__ce3eb6d4.json,ce3eb6d4,planning_decision,1,three_day_tournament,factorial_loss_jitter,factorial,50,0,30,5,,,r02_m04,B,True,3,0,81.14,271,5,5,True,0,0,0,heuristic,783,3
planning_decision__r03_m01__sideA__three_day_tournament__factorial_baseline__run1__4a52084c.json,4a52084c,planning_decision,1,three_day_tournament,factorial_baseline,factorial,0,0,0,0,,,r03_m01,A,True,3,0,84.38,314,5,5,True,0,0,0,heuristic,946,3
planning_decision__r03_m01__sideB__three_day_tournament__factorial_delay_jitter__run1__5925ed38.json,5925ed38,planning_decision,1,three_day_tournament,factorial_delay_jitter,factorial,300,300,30,0,,,r03_m01,B,True,3,0,90.04,299,5,4,True,0,0,0,heuristic,1012,3
planning_decision__r03_m02__sideA__three_day_tournament__factorial_delay_loss__run1__94cbb6ac.json,94cbb6ac,planning_decision,1,three_day_tournament,factorial_delay_loss,factorial,300,300,0,5,,,r03_m02,A,True,3,0,81.1,226,5,5,True,0,0,0,heuristic,661,3
planning_decision__r03_m02__sideB__three_day_tournament__factorial_delay__run1__fd1bf8e0.json,fd1bf8e0,planning_decision,1,three_day_tournament,factorial_delay,factorial,300,300,0,0,,,r03_m02,B,True,6,1,228.98,488,5,5,True,0,0,1,heuristic,465,6
planning_decision__r03_m03__sideA__three_day_tournament__factorial_delay_loss_jitter__run1__50777653.json,50777653,planning_decision,1,three_day_tournament,factorial_delay_loss_jitter,factorial,300,300,30,5,,,r03_m03,A,True,3,0,107.86,344,5,5,True,0,0,0,heuristic,1130,3
planning_decision__r03_m03__sideB__three_day_tournament__factorial_loss_jitter__run1__31030967.json,31030967,planning_decision,1,three_day_tournament,factorial_loss_jitter,factorial,50,0,30,5,,,r03_m03,B,True,3,0,82.01,270,5,5,True,0,0,0,heuristic,827,3
planning_decision__r03_m04__sideA__three_day_tournament__factorial_jitter__run1__d847b910.json,d847b910,planning_decision,1,three_day_tournament,factorial_jitter,factorial,50,0,30,0,,,r03_m04,A,True,3,0,56.61,147,5,4,True,0,0,0,heuristic,328,3
planning_decision__r03_m04__sideB__three_day_tournament__factorial_loss__run1__86b03d08.json,86b03d08,planning_decision,1,three_day_tournament,factorial_loss,factorial,0,0,0,5,,,r03_m04,B,True,3,0,74.73,240,5,5,True,0,0,0,heuristic,714,3
planning_decision__r04_m01__sideA__three_day_tournament__factorial_baseline__run1__7b71335c.json,7b71335c,planning_decision,1,three_day_tournament,factorial_baseline,factorial,0,0,0,0,,,r04_m01,A,True,3,0,77.91,235,5,5,True,0,0,0,heuristic,663,3
planning_decision__r04_m01__sideB__three_day_tournament__factorial_delay__run1__f402a935.json,f402a935,planning_decision,1,three_day_tournament,factorial_delay,factorial,300,300,0,0,,,r04_m01,B,True,3,0,77.68,254,5,5,True,0,0,0,heuristic,733,3
planning_decision__r04_m02__sideA__three_day_tournament__factorial_delay_jitter__run1__ac4a2280.json,ac4a2280,planning_decision,1,three_day_tournament,factorial_delay_jitter,factorial,300,300,30,0,,,r04_m02,A,True,3,0,81.43,215,5,5,True,0,0,0,heuristic,624,3
planning_decision__r04_m02__sideB__three_day_tournament__factorial_loss_jitter__run1__cb69c774.json,cb69c774,planning_decision,1,three_day_tournament,factorial_loss_jitter,factorial,50,0,30,5,,,r04_m02,B,True,3,0,67.35,131,5,3,False,0,0,0,heuristic,268,3
planning_decision__r04_m03__sideA__three_day_tournament__factorial_delay_loss__run1__76c7c5c1.json,76c7c5c1,planning_decision,1,three_day_tournament,factorial_delay_loss,factorial,300,300,0,5,,,r04_m03,A,True,3,0,81.99,242,5,5,True,0,0,0,heuristic,733,3
planning_decision__r04_m03__sideB__three_day_tournament__factorial_loss__run1__81c1ea2b.json,81c1ea2b,planning_decision,1,three_day_tournament,factorial_loss,factorial,0,0,0,5,,,r04_m03,B,True,3,0,84.49,189,5,5,True,0,0,0,heuristic,504,3
planning_decision__r04_m04__sideA__three_day_tournament__factorial_delay_loss_jitter__run1__4af7c38d.json,4af7c38d,planning_decision,1,three_day_tournament,factorial_delay_loss_jitter,factorial,300,300,30,5,,,r04_m04,A,True,3,0,112.88,241,5,5,True,0,0,0,heuristic,730,3
planning_decision__r04_m04__sideB__three_day_tournament__factorial_jitter__run1__21740a8d.json,21740a8d,planning_decision,1,three_day_tournament,factorial_jitter,factorial,50,0,30,0,,,r04_m04,B,True,3,0,76.32,269,5,5,True,0,0,0,heuristic,822,3
planning_decision__r05_m01__sideA__three_day_tournament__factorial_baseline__run1__cf4e1fa2.json,cf4e1fa2,planning_decision,1,three_day_tournament,factorial_baseline,factorial,0,0,0,0,,,r05_m01,A,True,3,0,116.88,256,5,5,True,0,0,0,heuristic,769,3
planning_decision__r05_m01__sideB__three_day_tournament__factorial_loss_jitter__run1__e190a790.json,e190a790,planning_decision,1,three_day_tournament,factorial_loss_jitter,factorial,50,0,30,5,,,r05_m01,B,True,3,0,135.89,233,5,5,True,0,0,0,heuristic,697,3
planning_decision__r05_m02__sideA__three_day_tournament__factorial_delay__run1__ed0a4b19.json,ed0a4b19,planning_decision,1,three_day_tournament,factorial_delay,factorial,300,300,0,0,,,r05_m02,A,True,3,0,73.14,290,5,5,True,0,0,0,heuristic,855,3
planning_decision__r05_m02__sideB__three_day_tournament__factorial_loss__run1__af6ce936.json,af6ce936,planning_decision,1,three_day_tournament,factorial_loss,factorial,0,0,0,5,,,r05_m02,B,True,3,0,67.18,232,5,5,True,0,0,0,heuristic,684,3
planning_decision__r05_m03__sideA__three_day_tournament__factorial_delay_jitter__run1__059ae198.json,059ae198,planning_decision,1,three_day_tournament,factorial_delay_jitter,factorial,300,300,30,0,,,r05_m03,A,True,3,0,66.08,236,5,4,True,0,0,0,heuristic,711,3
planning_decision__r05_m03__sideB__three_day_tournament__factorial_jitter__run1__80a44e41.json,80a44e41,planning_decision,1,three_day_tournament,factorial_jitter,factorial,50,0,30,0,,,r05_m03,B,True,3,0,63.9,265,5,5,True,0,0,0,heuristic,815,3
planning_decision__r05_m04__sideA__three_day_tournament__factorial_delay_loss__run1__19a77b18.json,19a77b18,planning_decision,1,three_day_tournament,factorial_delay_loss,factorial,300,300,0,5,,,r05_m04,A,True,3,0,79.89,215,5,5,True,0,0,0,heuristic,626,3
planning_decision__r05_m04__sideB__three_day_tournament__factorial_delay_loss_jitter__run1__a4bc701e.json,a4bc701e,planning_decision,1,three_day_tournament,factorial_delay_loss_jitter,factorial,300,300,30,5,,,r05_m04,B,True,3,0,92.93,285,5,5,True,0,0,0,heuristic,905,3
planning_decision__r06_m01__sideA__three_day_tournament__factorial_baseline__run1__3e34a551.json,3e34a551,planning_decision,1,three_day_tournament,factorial_baseline,factorial,0,0,0,0,,,r06_m01,A,True,3,0,96.64,284,5,5,True,0,0,0,heuristic,829,3
planning_decision__r06_m01__sideB__three_day_tournament__factorial_loss__run1__ebc2b721.json,ebc2b721,planning_decision,1,three_day_tournament,factorial_loss,factorial,0,0,0,5,,,r06_m01,B,True,3,0,80.84,248,5,5,True,0,0,0,heuristic,686,3
planning_decision__r06_m02__sideA__three_day_tournament__factorial_loss_jitter__run1__2fe1baf9.json,2fe1baf9,planning_decision,1,three_day_tournament,factorial_loss_jitter,factorial,50,0,30,5,,,r06_m02,A,True,3,0,79.29,274,5,5,True,0,0,0,heuristic,798,3
planning_decision__r06_m02__sideB__three_day_tournament__factorial_jitter__run1__6caf02d8.json,6caf02d8,planning_decision,1,three_day_tournament,factorial_jitter,factorial,50,0,30,0,,,r06_m02,B,True,3,0,62.72,273,5,4,True,0,0,0,heuristic,854,3
planning_decision__r06_m03__sideA__three_day_tournament__factorial_delay__run1__b860934b.json,b860934b,planning_decision,1,three_day_tournament,factorial_delay,factorial,300,300,0,0,,,r06_m03,A,True,3,0,74.63,284,5,5,True,0,0,0,heuristic,902,3
planning_decision__r06_m03__sideB__three_day_tournament__factorial_delay_loss_jitter__run1__9cfe2f0b.json,9cfe2f0b,planning_decision,1,three_day_tournament,factorial_delay_loss_jitter,factorial,300,300,30,5,,,r06_m03,B,True,3,0,85.71,182,5,4,True,0,0,0,heuristic,545,3
planning_decision__r06_m04__sideA__three_day_tournament__factorial_delay_jitter__run1__97b57a7f.json,97b57a7f,planning_decision,1,three_day_tournament,factorial_delay_jitter,factorial,300,300,30,0,,,r06_m04,A,True,3,0,90.88,264,5,5,True,0,0,0,heuristic,820,3
planning_decision__r06_m04__sideB__three_day_tournament__factorial_delay_loss__run1__d8486c5e.json,d8486c5e,planning_decision,1,three_day_tournament,factorial_delay_loss,factorial,300,300,0,5,,,r06_m04,B,True,3,0,74.11,261,5,5,True,0,0,0,heuristic,808,3
planning_decision__r07_m01__sideA__three_day_tournament__factorial_baseline__run1__71eb36eb.json,71eb36eb,planning_decision,1,three_day_tournament,factorial_baseline,factorial,0,0,0,0,,,r07_m01,A,True,3,0,96.32,240,5,5,True,0,0,0,heuristic,671,3
planning_decision__r07_m01__sideB__three_day_tournament__factorial_jitter__run1__0fda35ad.json,0fda35ad,planning_decision,1,three_day_tournament,factorial_jitter,factorial,50,0,30,0,,,r07_m01,B,True,3,0,75.46,187,5,5,True,0,0,0,heuristic,520,3
planning_decision__r07_m02__sideA__three_day_tournament__factorial_loss__run1__3c4b0d68.json,3c4b0d68,planning_decision,1,three_day_tournament,factorial_loss,factorial,0,0,0,5,,,r07_m02,A,True,3,0,92.04,239,5,5,True,0,0,0,heuristic,694,3
planning_decision__r07_m02__sideB__three_day_tournament__factorial_delay_loss_jitter__run1__35cc8be9.json,35cc8be9,planning_decision,1,three_day_tournament,factorial_delay_loss_jitter,factorial,300,300,30,5,,,r07_m02,B,True,3,0,66.56,151,5,4,True,0,0,0,heuristic,350,3
planning_decision__r07_m03__sideA__three_day_tournament__factorial_loss_jitter__run1__0b9ac255.json,0b9ac255,planning_decision,1,three_day_tournament,factorial_loss_jitter,factorial,50,0,30,5,,,r07_m03,A,True,3,0,86.7,236,5,5,True,0,0,0,heuristic,666,3
planning_decision__r07_m03__sideB__three_day_tournament__factorial_delay_loss__run1__424f1dfe.json,424f1dfe,planning_decision,1,three_day_tournament,factorial_delay_loss,factorial,300,300,0,5,,,r07_m03,B,True,3,0,89.28,212,5,5,True,0,0,0,heuristic,612,3
planning_decision__r07_m04__sideA__three_day_tournament__factorial_delay__run1__f4ae9e54.json,f4ae9e54,planning_decision,1,three_day_tournament,factorial_delay,factorial,300,300,0,0,,,r07_m04,A,True,3,0,68.86,259,5,5,True,0,0,0,heuristic,735,3
planning_decision__r07_m04__sideB__three_day_tournament__factorial_delay_jitter__run1__0b53a424.json,0b53a424,planning_decision,1,three_day_tournament,factorial_delay_jitter,factorial,300,300,30,0,,,r07_m04,B,True,3,0,102.08,304,5,5,True,0,0,0,heuristic,901,3
planning_decision__three_day_baseline_extra__combined_d0000_loss0_j000__run10__d2deac0a.json,d2deac0a,planning_decision,10,three_day_baseline_extra,combined_d0000_loss0_j000,combined,0,0,0,0,,,,,True,3,0,89.57,302,5,5,True,0,0,0,heuristic,961,3
planning_decision__three_day_baseline_extra__combined_d0000_loss0_j000__run11__aef821db.json,aef821db,planning_decision,11,three_day_baseline_extra,combined_d0000_loss0_j000,combined,0,0,0,0,,,,,True,3,0,87.24,143,5,4,True,0,0,0,heuristic,309,3
planning_decision__three_day_baseline_extra__combined_d0000_loss0_j000__run12__797dc2af.json,797dc2af,planning_decision,12,three_day_baseline_extra,combined_d0000_loss0_j000,combined,0,0,0,0,,,,,True,3,0,89.88,214,5,4,True,0,0,0,heuristic,575,3
planning_decision__three_day_baseline_extra__combined_d0000_loss0_j000__run13__3e689aad.json,3e689aad,planning_decision,13,three_day_baseline_extra,combined_d0000_loss0_j000,combined,0,0,0,0,,,,,True,3,0,72.06,235,5,5,True,0,0,0,heuristic,673,3
planning_decision__three_day_baseline_extra__combined_d0000_loss0_j000__run14__9f16bb26.json,9f16bb26,planning_decision,14,three_day_baseline_extra,combined_d0000_loss0_j000,combined,0,0,0,0,,,,,True,3,0,76.43,278,5,5,True,0,0,0,heuristic,823,3
planning_decision__three_day_baseline_extra__combined_d0000_loss0_j000__run15__d7aa9a55.json,d7aa9a55,planning_decision,15,three_day_baseline_extra,combined_d0000_loss0_j000,combined,0,0,0,0,,,,,True,3,0,61.87,219,5,4,True,0,0,0,heuristic,642,3
planning_decision__three_day_baseline_extra__combined_d0000_loss0_j000__run16__7266cc0d.json,7266cc0d,planning_decision,16,three_day_baseline_extra,combined_d0000_loss0_j000,combined,0,0,0,0,,,,,True,3,0,68.85,256,5,5,True,0,0,0,heuristic,744,3
planning_decision__three_day_baseline_extra__combined_d0000_loss0_j000__run17__948399ab.json,948399ab,planning_decision,17,three_day_baseline_extra,combined_d0000_loss0_j000,combined,0,0,0,0,,,,,True,3,0,83.22,227,5,5,True,0,0,0,heuristic,648,3
planning_decision__three_day_baseline_extra__combined_d0000_loss0_j000__run18__3c1419bb.json,3c1419bb,planning_decision,18,three_day_baseline_extra,combined_d0000_loss0_j000,combined,0,0,0,0,,,,,True,3,0,81.11,293,5,5,True,0,0,0,heuristic,892,3
planning_decision__three_day_baseline_extra__combined_d0000_loss0_j000__run19__6239d42e.json,6239d42e,planning_decision,19,three_day_baseline_extra,combined_d0000_loss0_j000,combined,0,0,0,0,,,,,True,3,0,65.85,311,5,5,True,0,0,0,heuristic,972,3
planning_decision__three_day_baseline_extra__combined_d0000_loss0_j000__run1__99e7605c.json,99e7605c,planning_decision,1,three_day_baseline_extra,combined_d0000_loss0_j000,combined,0,0,0,0,,,,,True,3,0,58.16,250,5,5,True,0,0,0,heuristic,728,3
planning_decision__three_day_baseline_extra__combined_d0000_loss0_j000__run20__661a89f5.json,661a89f5,planning_decision,20,three_day_baseline_extra,combined_d0000_loss0_j000,combined,0,0,0,0,,,,,True,3,0,72.01,245,5,5,True,0,0,0,heuristic,704,3
planning_decision__three_day_baseline_extra__combined_d0000_loss0_j000__run2__56405977.json,56405977,planning_decision,2,three_day_baseline_extra,combined_d0000_loss0_j000,combined,0,0,0,0,,,,,True,3,0,51.49,137,5,4,True,0,0,0,heuristic,305,3
planning_decision__three_day_baseline_extra__combined_d0000_loss0_j000__run3__1cd1caa8.json,1cd1caa8,planning_decision,3,three_day_baseline_extra,combined_d0000_loss0_j000,combined,0,0,0,0,,,,,True,3,0,58.89,308,5,5,True,0,0,0,heuristic,964,3
planning_decision__three_day_baseline_extra__combined_d0000_loss0_j000__run4__c66766d1.json,c66766d1,planning_decision,4,three_day_baseline_extra,combined_d0000_loss0_j000,combined,0,0,0,0,,,,,True,3,0,65.5,243,5,5,True,0,0,0,heuristic,727,3
planning_decision__three_day_baseline_extra__combined_d0000_loss0_j000__run5__5f9734f9.json,5f9734f9,planning_decision,5,three_day_baseline_extra,combined_d0000_loss0_j000,combined,0,0,0,0,,,,,True,6,1,272.01,651,5,5,True,0,0,1,heuristic,717,6
planning_decision__three_day_baseline_extra__combined_d0000_loss0_j000__run6__93865d64.json,93865d64,planning_decision,6,three_day_baseline_extra,combined_d0000_loss0_j000,combined,0,0,0,0,,,,,True,3,0,71.31,253,5,5,True,0,0,0,heuristic,758,3
planning_decision__three_day_baseline_extra__combined_d0000_loss0_j000__run7__46e88aa2.json,46e88aa2,planning_decision,7,three_day_baseline_extra,combined_d0000_loss0_j000,combined,0,0,0,0,,,,,True,3,0,58.49,252,5,5,True,0,0,0,heuristic,725,3
planning_decision__three_day_baseline_extra__combined_d0000_loss0_j000__run8__9686576f.json,9686576f,planning_decision,8,three_day_baseline_extra,combined_d0000_loss0_j000,combined,0,0,0,0,,,,,True,3,0,58.95,233,5,4,True,0,0,0,heuristic,702,3
planning_decision__three_day_baseline_extra__combined_d0000_loss0_j000__run9__8296b355.json,8296b355,planning_decision,9,three_day_baseline_extra,combined_d0000_loss0_j000,combined,0,0,0,0,,,,,True,3,0,57.29,234,5,5,True,0,0,0,heuristic,698,3
planning_decision__three_day_combined_sample__combined_d0000_loss0_j000__run1__af6e7b0c.json,af6e7b0c,planning_decision,1,three_day_combined_sample,combined_d0000_loss0_j000,combined,0,0,0,0,,,,,True,3,0,71.5,256,5,5,True,0,0,0,heuristic,745,3
planning_decision__three_day_combined_sample__combined_d0000_loss0_j001__run1__7558094f.json,7558094f,planning_decision,1,three_day_combined_sample,combined_d0000_loss0_j001,combined,50,0,1,0,,,,,True,3,0,62.53,258,5,5,True,0,0,0,heuristic,790,3
planning_decision__three_day_combined_sample__combined_d0000_loss0_j020__run1__d3aee716.json,d3aee716,planning_decision,1,three_day_combined_sample,combined_d0000_loss0_j020,combined,50,0,20,0,,,,,True,3,0,103.24,311,5,5,True,0,0,0,heuristic,942,3
planning_decision__three_day_combined_sample__combined_d0000_loss0_j075__run1__c5a13f67.json,c5a13f67,planning_decision,1,three_day_combined_sample,combined_d0000_loss0_j075,combined,50,0,75,0,,,,,True,3,0,51.59,157,5,5,True,0,0,0,heuristic,352,3
planning_decision__three_day_combined_sample__combined_d0000_loss10_j020__run1__1fefd5d0.json,1fefd5d0,planning_decision,1,three_day_combined_sample,combined_d0000_loss10_j020,combined,50,0,20,10,,,,,True,3,0,85.75,193,5,5,True,0,0,0,heuristic,545,3
planning_decision__three_day_combined_sample__combined_d0000_loss20_j000__run1__194a4056.json,194a4056,planning_decision,1,three_day_combined_sample,combined_d0000_loss20_j000,combined,0,0,0,20,,,,,True,3,0,89.45,254,5,5,True,0,0,0,heuristic,789,3
planning_decision__three_day_combined_sample__combined_d0000_loss20_j020__run1__c902bc2d.json,c902bc2d,planning_decision,1,three_day_combined_sample,combined_d0000_loss20_j020,combined,50,0,20,20,,,,,True,3,0,49.1,151,5,4,True,0,0,0,heuristic,329,3
planning_decision__three_day_combined_sample__combined_d0000_loss20_j075__run1__3980691d.json,3980691d,planning_decision,1,three_day_combined_sample,combined_d0000_loss20_j075,combined,50,0,75,20,,,,,True,3,0,59.32,184,5,4,True,0,0,0,heuristic,555,3
planning_decision__three_day_combined_sample__combined_d0000_loss25_j075__run1__d0d96ded.json,d0d96ded,planning_decision,1,three_day_combined_sample,combined_d0000_loss25_j075,combined,50,0,75,25,,,,,True,3,0,71.22,255,5,5,True,0,0,0,heuristic,770,3
planning_decision__three_day_combined_sample__combined_d0000_loss75_j000__run1__90e8e067.json,90e8e067,planning_decision,1,three_day_combined_sample,combined_d0000_loss75_j000,combined,0,0,0,75,,,,,True,3,0,235.86,280,5,5,True,0,0,0,heuristic,884,3
planning_decision__three_day_combined_sample__combined_d0000_loss75_j005__run1__96fcd567.json,96fcd567,planning_decision,1,three_day_combined_sample,combined_d0000_loss75_j005,combined,50,0,5,75,,,,,True,3,0,94.9,211,5,5,True,0,0,0,heuristic,592,3
planning_decision__three_day_combined_sample__combined_d0000_loss75_j020__run1__0a27c814.json,0a27c814,planning_decision,1,three_day_combined_sample,combined_d0000_loss75_j020,combined,50,0,20,75,,,,,False,1,0,1230.67,301,,1,False,2,3,5,heuristic,700,4
planning_decision__three_day_combined_sample__combined_d0000_loss75_j075__run1__fe0a1df5.json,fe0a1df5,planning_decision,1,three_day_combined_sample,combined_d0000_loss75_j075,combined,50,0,75,75,,,,,False,1,0,849.31,126,,1,False,2,2,5,heuristic,0,3
planning_decision__three_day_combined_sample__combined_d0050_loss20_j030__run1__db691797.json,db691797,planning_decision,1,three_day_combined_sample,combined_d0050_loss20_j030,combined,50,50,30,20,,,,,True,3,0,73.87,252,5,5,True,0,0,0,heuristic,722,3
planning_decision__three_day_combined_sample__combined_d0050_loss40_j075__run1__e3309fb8.json,e3309fb8,planning_decision,1,three_day_combined_sample,combined_d0050_loss40_j075,combined,50,50,75,40,,,,,True,3,0,68.98,213,5,4,True,0,0,0,heuristic,622,3
planning_decision__three_day_combined_sample__combined_d0050_loss5_j025__run1__77c73e12.json,77c73e12,planning_decision,1,three_day_combined_sample,combined_d0050_loss5_j025,combined,50,50,25,5,,,,,True,3,0,73.31,255,5,5,True,0,0,0,heuristic,787,3
planning_decision__three_day_combined_sample__combined_d0100_loss15_j010__run1__a04df76b.json,a04df76b,planning_decision,1,three_day_combined_sample,combined_d0100_loss15_j010,combined,100,100,10,15,,,,,True,3,0,50.66,115,5,4,True,0,0,0,heuristic,203,3
planning_decision__three_day_combined_sample__combined_d0100_loss1_j001__run1__ff87529b.json,ff87529b,planning_decision,1,three_day_combined_sample,combined_d0100_loss1_j001,combined,100,100,1,1,,,,,True,3,0,60.37,246,5,5,True,0,0,0,heuristic,693,3
planning_decision__three_day_combined_sample__combined_d0100_loss30_j015__run1__a8769a90.json,a8769a90,planning_decision,1,three_day_combined_sample,combined_d0100_loss30_j015,combined,100,100,15,30,,,,,True,3,0,65.65,297,5,5,True,0,0,0,heuristic,844,3
planning_decision__three_day_combined_sample__combined_d0100_loss75_j025__run1__38b91792.json,38b91792,planning_decision,1,three_day_combined_sample,combined_d0100_loss75_j025,combined,100,100,25,75,,,,,False,1,0,734.83,287,,1,False,2,2,5,heuristic,644,4
planning_decision__three_day_combined_sample__combined_d0150_loss20_j075__run1__a3896650.json,a3896650,planning_decision,1,three_day_combined_sample,combined_d0150_loss20_j075,combined,150,150,75,20,,,,,True,3,0,77.09,261,5,5,True,0,0,0,heuristic,794,3
planning_decision__three_day_combined_sample__combined_d0150_loss50_j001__run1__21827f46.json,21827f46,planning_decision,1,three_day_combined_sample,combined_d0150_loss50_j001,combined,150,150,1,50,,,,,True,3,0,192.38,303,5,4,True,0,0,0,heuristic,935,3
planning_decision__three_day_combined_sample__combined_d0150_loss5_j050__run1__f5208d29.json,f5208d29,planning_decision,1,three_day_combined_sample,combined_d0150_loss5_j050,combined,150,150,50,5,,,,,True,3,0,73.49,290,5,5,True,0,0,0,heuristic,804,3
planning_decision__three_day_combined_sample__combined_d0200_loss15_j015__run1__46958749.json,46958749,planning_decision,1,three_day_combined_sample,combined_d0200_loss15_j015,combined,200,200,15,15,,,,,True,3,0,96.89,202,5,4,True,0,0,0,heuristic,561,3
planning_decision__three_day_combined_sample__combined_d0200_loss1_j010__run1__e7aef655.json,e7aef655,planning_decision,1,three_day_combined_sample,combined_d0200_loss1_j010,combined,200,200,10,1,,,,,True,3,0,68.13,255,5,5,True,0,0,0,heuristic,704,3
planning_decision__three_day_combined_sample__combined_d0200_loss30_j025__run1__635417e5.json,635417e5,planning_decision,1,three_day_combined_sample,combined_d0200_loss30_j025,combined,200,200,25,30,,,,,True,3,0,137.44,292,5,5,True,0,0,0,heuristic,836,3
planning_decision__three_day_combined_sample__combined_d0200_loss75_j050__run1__1b6f662f.json,1b6f662f,planning_decision,1,three_day_combined_sample,combined_d0200_loss75_j050,combined,200,200,50,75,,,,,True,3,0,262.42,241,5,5,True,0,0,0,heuristic,719,3
planning_decision__three_day_combined_sample__combined_d0250_loss25_j001__run1__78e57bbe.json,78e57bbe,planning_decision,1,three_day_combined_sample,combined_d0250_loss25_j001,combined,250,250,1,25,,,,,True,3,0,83.69,242,5,4,True,0,0,0,heuristic,699,3
planning_decision__three_day_combined_sample__combined_d0250_loss50_j010__run1__6bbd8ae4.json,6bbd8ae4,planning_decision,1,three_day_combined_sample,combined_d0250_loss50_j010,combined,250,250,10,50,,,,,True,3,0,106.82,199,5,5,True,0,0,0,heuristic,575,3
planning_decision__three_day_combined_sample__combined_d0250_loss5_j075__run1__153f3999.json,153f3999,planning_decision,1,three_day_combined_sample,combined_d0250_loss5_j075,combined,250,250,75,5,,,,,True,3,0,93.74,260,5,5,True,0,0,0,heuristic,708,3
planning_decision__three_day_combined_sample__combined_d0300_loss15_j025__run1__e8c720f7.json,e8c720f7,planning_decision,1,three_day_combined_sample,combined_d0300_loss15_j025,combined,300,300,25,15,,,,,True,3,0,192.86,253,5,5,True,0,0,0,heuristic,721,3
planning_decision__three_day_combined_sample__combined_d0300_loss1_j020__run1__27031eaa.json,27031eaa,planning_decision,1,three_day_combined_sample,combined_d0300_loss1_j020,combined,300,300,20,1,,,,,True,3,0,101.27,204,5,4,True,0,0,0,heuristic,570,3
planning_decision__three_day_combined_sample__combined_d0300_loss30_j050__run1__0b39598a.json,0b39598a,planning_decision,1,three_day_combined_sample,combined_d0300_loss30_j050,combined,300,300,50,30,,,,,True,3,0,74.1,258,5,4,True,0,0,0,heuristic,780,3
planning_decision__three_day_combined_sample__combined_d0350_loss0_j000__run1__e6f2f7a7.json,e6f2f7a7,planning_decision,1,three_day_combined_sample,combined_d0350_loss0_j000,combined,350,350,0,0,,,,,True,3,0,87.98,257,5,5,True,0,0,0,heuristic,762,3
planning_decision__three_day_combined_sample__combined_d0350_loss10_j001__run1__5675dadf.json,5675dadf,planning_decision,1,three_day_combined_sample,combined_d0350_loss10_j001,combined,350,350,1,10,,,,,True,3,0,66.57,261,5,5,True,0,0,0,heuristic,713,3
planning_decision__three_day_combined_sample__combined_d0350_loss25_j010__run1__19db508c.json,19db508c,planning_decision,1,three_day_combined_sample,combined_d0350_loss25_j010,combined,350,350,10,25,,,,,False,6,2,234.3,692,3,5,True,0,0,2,heuristic,864,6
planning_decision__three_day_combined_sample__combined_d0350_loss50_j020__run1__4c3e6dc5.json,4c3e6dc5,planning_decision,1,three_day_combined_sample,combined_d0350_loss50_j020,combined,350,350,20,50,,,,,True,3,0,194.5,300,5,5,True,0,0,0,heuristic,953,3
planning_decision__three_day_combined_sample__combined_d0400_loss15_j050__run1__bec937f9.json,bec937f9,planning_decision,1,three_day_combined_sample,combined_d0400_loss15_j050,combined,400,400,50,15,,,,,True,3,0,61.43,241,5,5,True,0,0,0,heuristic,720,3
planning_decision__three_day_combined_sample__combined_d0400_loss1_j025__run1__469ea3b7.json,469ea3b7,planning_decision,1,three_day_combined_sample,combined_d0400_loss1_j025,combined,400,400,25,1,,,,,True,3,0,61.08,178,5,5,True,0,0,0,heuristic,412,3
planning_decision__three_day_combined_sample__combined_d0400_loss40_j000__run1__e143518b.json,e143518b,planning_decision,1,three_day_combined_sample,combined_d0400_loss40_j000,combined,400,400,0,40,,,,,True,3,0,65.57,258,5,5,True,0,0,0,heuristic,769,3
planning_decision__three_day_combined_sample__combined_d0450_loss0_j005__run1__3ec07535.json,3ec07535,planning_decision,1,three_day_combined_sample,combined_d0450_loss0_j005,combined,450,450,5,0,,,,,True,3,0,60.36,253,5,5,True,0,0,0,heuristic,708,3
planning_decision__three_day_combined_sample__combined_d0450_loss10_j010__run1__343bc776.json,343bc776,planning_decision,1,three_day_combined_sample,combined_d0450_loss10_j010,combined,450,450,10,10,,,,,True,3,0,61.83,268,5,5,True,0,0,0,heuristic,791,3
planning_decision__three_day_combined_sample__combined_d0450_loss25_j020__run1__5f6aeb26.json,5f6aeb26,planning_decision,1,three_day_combined_sample,combined_d0450_loss25_j020,combined,450,450,20,25,,,,,True,3,0,71.09,319,5,5,True,0,0,0,heuristic,982,3
planning_decision__three_day_combined_sample__combined_d0450_loss50_j030__run1__866044d4.json,866044d4,planning_decision,1,three_day_combined_sample,combined_d0450_loss50_j030,combined,450,450,30,50,,,,,True,3,0,127.37,199,5,4,True,0,0,0,heuristic,563,3
planning_decision__three_day_combined_sample__combined_d0500_loss0_j000__run1__6156f03f.json,6156f03f,planning_decision,1,three_day_combined_sample,combined_d0500_loss0_j000,combined,500,500,0,0,,,,,True,3,0,150.66,162,5,5,True,0,0,0,heuristic,391,3
planning_decision__three_day_combined_sample__combined_d0500_loss0_j020__run1__4906c71d.json,4906c71d,planning_decision,1,three_day_combined_sample,combined_d0500_loss0_j020,combined,500,500,20,0,,,,,True,3,0,82.76,305,5,5,True,0,0,0,heuristic,987,3
planning_decision__three_day_combined_sample__combined_d0500_loss0_j075__run1__0aef8427.json,0aef8427,planning_decision,1,three_day_combined_sample,combined_d0500_loss0_j075,combined,500,500,75,0,,,,,True,3,0,65.08,168,5,5,True,0,0,0,heuristic,491,3
planning_decision__three_day_combined_sample__combined_d0500_loss20_j000__run1__484e756f.json,484e756f,planning_decision,1,three_day_combined_sample,combined_d0500_loss20_j000,combined,500,500,0,20,,,,,True,3,0,59.44,218,5,4,True,0,0,0,heuristic,638,3
planning_decision__three_day_combined_sample__combined_d0500_loss20_j015__run1__f739b254.json,f739b254,planning_decision,1,three_day_combined_sample,combined_d0500_loss20_j015,combined,500,500,15,20,,,,,True,3,0,62.53,230,5,3,False,0,0,0,heuristic,702,3
planning_decision__three_day_combined_sample__combined_d0500_loss20_j020__run1__ecf4c694.json,ecf4c694,planning_decision,1,three_day_combined_sample,combined_d0500_loss20_j020,combined,500,500,20,20,,,,,True,3,0,75.24,316,5,5,True,0,0,0,heuristic,936,3
planning_decision__three_day_combined_sample__combined_d0500_loss20_j075__run1__92630b92.json,92630b92,planning_decision,1,three_day_combined_sample,combined_d0500_loss20_j075,combined,500,500,75,20,,,,,True,3,0,84.25,254,5,5,True,0,0,0,heuristic,702,3
planning_decision__three_day_combined_sample__combined_d0500_loss40_j050__run1__b6081cc2.json,b6081cc2,planning_decision,1,three_day_combined_sample,combined_d0500_loss40_j050,combined,500,500,50,40,,,,,True,3,0,71.82,299,5,5,True,0,0,0,heuristic,872,3
planning_decision__three_day_combined_sample__combined_d0500_loss5_j001__run1__fe3f2cfb.json,fe3f2cfb,planning_decision,1,three_day_combined_sample,combined_d0500_loss5_j001,combined,500,500,1,5,,,,,True,3,0,59.59,251,5,5,True,0,0,0,heuristic,752,3
planning_decision__three_day_combined_sample__combined_d0500_loss75_j000__run1__b6fff797.json,b6fff797,planning_decision,1,three_day_combined_sample,combined_d0500_loss75_j000,combined,500,500,0,75,,,,,False,1,0,1041.31,300,,1,False,2,3,5,heuristic,699,4
planning_decision__three_day_combined_sample__combined_d0500_loss75_j020__run1__21feae21.json,21feae21,planning_decision,1,three_day_combined_sample,combined_d0500_loss75_j020,combined,500,500,20,75,,,,,True,3,0,133.24,258,5,5,True,0,0,0,heuristic,799,3
planning_decision__three_day_combined_sample__combined_d0500_loss75_j075__run1__40dfa97c.json,40dfa97c,planning_decision,1,three_day_combined_sample,combined_d0500_loss75_j075,combined,500,500,75,75,,,,,True,3,0,461.94,296,5,5,True,0,1,2,heuristic,735,4
planning_decision__three_day_combined_sample__combined_d0550_loss15_j015__run1__a382028e.json,a382028e,planning_decision,1,three_day_combined_sample,combined_d0550_loss15_j015,combined,550,550,15,15,,,,,True,3,0,66.86,274,5,5,True,0,0,0,heuristic,819,3
planning_decision__three_day_combined_sample__combined_d0550_loss1_j005__run1__701a4891.json,701a4891,planning_decision,1,three_day_combined_sample,combined_d0550_loss1_j005,combined,550,550,5,1,,,,,True,3,0,63.92,242,5,5,True,0,0,0,heuristic,724,3
planning_decision__three_day_combined_sample__combined_d0550_loss30_j025__run1__1511b3dc.json,1511b3dc,planning_decision,1,three_day_combined_sample,combined_d0550_loss30_j025,combined,550,550,25,30,,,,,True,3,0,76.47,188,5,4,True,0,0,0,heuristic,569,3
planning_decision__three_day_combined_sample__combined_d0550_loss75_j030__run1__68c6049a.json,68c6049a,planning_decision,1,three_day_combined_sample,combined_d0550_loss75_j030,combined,550,550,30,75,,,,,False,1,0,1025.36,308,,1,False,2,3,5,heuristic,729,4
planning_decision__three_day_combined_sample__combined_d0600_loss25_j001__run1__ea532075.json,ea532075,planning_decision,1,three_day_combined_sample,combined_d0600_loss25_j001,combined,600,600,1,25,,,,,True,3,0,85.62,241,5,5,True,0,0,0,heuristic,719,3
planning_decision__three_day_combined_sample__combined_d0600_loss50_j010__run1__49561548.json,49561548,planning_decision,1,three_day_combined_sample,combined_d0600_loss50_j010,combined,600,600,10,50,,,,,True,3,0,69.68,231,5,4,True,0,0,0,heuristic,683,3
planning_decision__three_day_combined_sample__combined_d0600_loss5_j075__run1__df8af727.json,df8af727,planning_decision,1,three_day_combined_sample,combined_d0600_loss5_j075,combined,600,600,75,5,,,,,True,3,0,72.46,133,4,4,True,0,0,0,heuristic,312,3
planning_decision__three_day_combined_sample__combined_d0650_loss15_j025__run1__eab6881c.json,eab6881c,planning_decision,1,three_day_combined_sample,combined_d0650_loss15_j025,combined,650,650,25,15,,,,,True,3,0,73.9,236,5,5,True,0,0,0,heuristic,653,3
planning_decision__three_day_combined_sample__combined_d0650_loss1_j015__run1__4e86fcd1.json,4e86fcd1,planning_decision,1,three_day_combined_sample,combined_d0650_loss1_j015,combined,650,650,15,1,,,,,True,3,0,68.65,295,5,5,True,0,0,0,heuristic,933,3
planning_decision__three_day_combined_sample__combined_d0650_loss30_j050__run1__2df7f4f6.json,2df7f4f6,planning_decision,1,three_day_combined_sample,combined_d0650_loss30_j050,combined,650,650,50,30,,,,,True,3,0,70.57,302,5,5,True,0,0,0,heuristic,820,3
planning_decision__three_day_combined_sample__combined_d0650_loss75_j075__run1__8dbdc45d.json,8dbdc45d,planning_decision,1,three_day_combined_sample,combined_d0650_loss75_j075,combined,650,650,75,75,,,,,True,3,0,1515.86,740,5,5,True,1,2,4,heuristic,638,7
planning_decision__three_day_combined_sample__combined_d0700_loss10_j001__run1__14d55f1f.json,14d55f1f,planning_decision,1,three_day_combined_sample,combined_d0700_loss10_j001,combined,700,700,1,10,,,,,True,6,1,198.27,682,5,5,True,0,0,1,heuristic,574,6
planning_decision__three_day_combined_sample__combined_d0700_loss25_j010__run1__9c7b0c16.json,9c7b0c16,planning_decision,1,three_day_combined_sample,combined_d0700_loss25_j010,combined,700,700,10,25,,,,,True,3,0,194.58,280,5,5,True,0,0,0,heuristic,809,3
planning_decision__three_day_combined_sample__combined_d0700_loss50_j015__run1__c84a5d20.json,c84a5d20,planning_decision,1,three_day_combined_sample,combined_d0700_loss50_j015,combined,700,700,15,50,,,,,True,3,0,226.08,238,5,5,True,0,0,0,heuristic,681,3
planning_decision__three_day_combined_sample__combined_d0750_loss15_j050__run1__75c5f011.json,75c5f011,planning_decision,1,three_day_combined_sample,combined_d0750_loss15_j050,combined,750,750,50,15,,,,,True,3,0,61.88,252,5,4,True,0,0,0,heuristic,741,3
planning_decision__three_day_combined_sample__combined_d0750_loss1_j025__run1__241f09a4.json,241f09a4,planning_decision,1,three_day_combined_sample,combined_d0750_loss1_j025,combined,750,750,25,1,,,,,True,3,0,77.62,231,5,5,True,0,0,0,heuristic,685,3
planning_decision__three_day_combined_sample__combined_d0750_loss40_j000__run1__f226888d.json,f226888d,planning_decision,1,three_day_combined_sample,combined_d0750_loss40_j000,combined,750,750,0,40,,,,,True,3,0,87.94,286,5,5,True,0,0,0,heuristic,897,3
planning_decision__three_day_combined_sample__combined_d0800_loss0_j001__run1__8f5249ea.json,8f5249ea,planning_decision,1,three_day_combined_sample,combined_d0800_loss0_j001,combined,800,800,1,0,,,,,True,3,0,77.11,286,5,5,True,0,0,0,heuristic,880,3
planning_decision__three_day_combined_sample__combined_d0800_loss10_j010__run1__e2b347c4.json,e2b347c4,planning_decision,1,three_day_combined_sample,combined_d0800_loss10_j010,combined,800,800,10,10,,,,,True,6,1,266.02,971,4,5,True,0,0,1,heuristic,1691,6
planning_decision__three_day_combined_sample__combined_d0800_loss25_j020__run1__b90a7217.json,b90a7217,planning_decision,1,three_day_combined_sample,combined_d0800_loss25_j020,combined,800,800,20,25,,,,,True,3,0,75.53,261,5,5,True,0,0,0,heuristic,788,3
planning_decision__three_day_combined_sample__combined_d0800_loss50_j025__run1__0296ffd8.json,0296ffd8,planning_decision,1,three_day_combined_sample,combined_d0800_loss50_j025,combined,800,800,25,50,,,,,True,3,0,105.91,282,5,4,True,0,0,0,heuristic,870,3
planning_decision__three_day_combined_sample__combined_d0850_loss1_j050__run1__b14fbfcc.json,b14fbfcc,planning_decision,1,three_day_combined_sample,combined_d0850_loss1_j050,combined,850,850,50,1,,,,,True,3,0,81.16,270,5,3,False,0,0,0,heuristic,823,3
planning_decision__three_day_combined_sample__combined_d0850_loss20_j000__run1__86af2bf6.json,86af2bf6,planning_decision,1,three_day_combined_sample,combined_d0850_loss20_j000,combined,850,850,0,20,,,,,True,3,0,69.18,259,5,4,True,0,0,0,heuristic,712,3
planning_decision__three_day_combined_sample__combined_d0850_loss40_j001__run1__1cd886f9.json,1cd886f9,planning_decision,1,three_day_combined_sample,combined_d0850_loss40_j001,combined,850,850,1,40,,,,,True,3,0,97.81,241,5,4,True,0,0,0,heuristic,746,3
planning_decision__three_day_combined_sample__combined_d0900_loss0_j010__run1__9139d99b.json,9139d99b,planning_decision,1,three_day_combined_sample,combined_d0900_loss0_j010,combined,900,900,10,0,,,,,True,3,0,73.47,252,5,4,True,0,0,0,heuristic,751,3
planning_decision__three_day_combined_sample__combined_d0900_loss10_j020__run1__1e3cbab0.json,1e3cbab0,planning_decision,1,three_day_combined_sample,combined_d0900_loss10_j020,combined,900,900,20,10,,,,,True,3,0,66.3,251,5,5,True,0,0,0,heuristic,685,3
planning_decision__three_day_combined_sample__combined_d0900_loss25_j025__run1__3e60477a.json,3e60477a,planning_decision,1,three_day_combined_sample,combined_d0900_loss25_j025,combined,900,900,25,25,,,,,True,3,0,85.44,221,5,4,True,0,0,0,heuristic,634,3
planning_decision__three_day_combined_sample__combined_d0900_loss50_j050__run1__6cbe8af8.json,6cbe8af8,planning_decision,1,three_day_combined_sample,combined_d0900_loss50_j050,combined,900,900,50,50,,,,,True,3,0,113.51,216,5,5,True,0,0,0,heuristic,596,3
planning_decision__three_day_combined_sample__combined_d0950_loss20_j005__run1__6fba4937.json,6fba4937,planning_decision,1,three_day_combined_sample,combined_d0950_loss20_j005,combined,950,950,5,20,,,,,True,6,1,469.82,577,5,5,True,0,0,1,heuristic,682,6
planning_decision__three_day_combined_sample__combined_d0950_loss40_j010__run1__0d625316.json,0d625316,planning_decision,1,three_day_combined_sample,combined_d0950_loss40_j010,combined,950,950,10,40,,,,,True,3,0,99.32,259,5,5,True,0,0,0,heuristic,719,3
planning_decision__three_day_combined_sample__combined_d0950_loss5_j000__run1__391555b2.json,391555b2,planning_decision,1,three_day_combined_sample,combined_d0950_loss5_j000,combined,950,950,0,5,,,,,True,3,0,116.44,254,4,5,True,0,0,0,heuristic,741,3
planning_decision__three_day_combined_sample__combined_d1000_loss0_j000__run1__2a03ba01.json,2a03ba01,planning_decision,1,three_day_combined_sample,combined_d1000_loss0_j000,combined,1000,1000,0,0,,,,,True,3,0,82.0,286,5,4,True,0,0,0,heuristic,906,3
planning_decision__three_day_combined_sample__combined_d1000_loss0_j020__run1__f4492d86.json,f4492d86,planning_decision,1,three_day_combined_sample,combined_d1000_loss0_j020,combined,1000,1000,20,0,,,,,True,3,0,69.29,273,5,5,True,0,0,0,heuristic,787,3
planning_decision__three_day_combined_sample__combined_d1000_loss0_j030__run1__593777ad.json,593777ad,planning_decision,1,three_day_combined_sample,combined_d1000_loss0_j030,combined,1000,1000,30,0,,,,,True,6,1,221.99,649,5,5,True,0,0,1,heuristic,641,6
planning_decision__three_day_combined_sample__combined_d1000_loss0_j075__run1__e91952b1.json,e91952b1,planning_decision,1,three_day_combined_sample,combined_d1000_loss0_j075,combined,1000,1000,75,0,,,,,True,3,0,68.29,267,5,5,True,0,0,0,heuristic,834,3
planning_decision__three_day_combined_sample__combined_d1000_loss15_j000__run1__4967baa1.json,4967baa1,planning_decision,1,three_day_combined_sample,combined_d1000_loss15_j000,combined,1000,1000,0,15,,,,,True,3,0,101.35,289,5,4,True,0,0,0,heuristic,837,3
planning_decision__three_day_combined_sample__combined_d1000_loss20_j000__run1__4fb43c0a.json,4fb43c0a,planning_decision,1,three_day_combined_sample,combined_d1000_loss20_j000,combined,1000,1000,0,20,,,,,True,3,0,75.34,254,4,5,True,0,0,0,heuristic,778,3
planning_decision__three_day_combined_sample__combined_d1000_loss20_j020__run1__5e3ff30f.json,5e3ff30f,planning_decision,1,three_day_combined_sample,combined_d1000_loss20_j020,combined,1000,1000,20,20,,,,,True,3,0,64.78,260,5,5,True,0,0,0,heuristic,659,3
planning_decision__three_day_combined_sample__combined_d1000_loss20_j075__run1__e74b9fac.json,e74b9fac,planning_decision,1,three_day_combined_sample,combined_d1000_loss20_j075,combined,1000,1000,75,20,,,,,True,3,0,66.06,167,5,5,True,0,0,0,heuristic,405,3
planning_decision__three_day_combined_sample__combined_d1000_loss30_j015__run1__072f1e7b.json,072f1e7b,planning_decision,1,three_day_combined_sample,combined_d1000_loss30_j015,combined,1000,1000,15,30,,,,,True,3,0,85.12,202,5,5,True,0,0,0,heuristic,531,3
planning_decision__three_day_combined_sample__combined_d1000_loss75_j000__run1__c65f1ee0.json,c65f1ee0,planning_decision,1,three_day_combined_sample,combined_d1000_loss75_j000,combined,1000,1000,0,75,,,,,True,3,0,599.81,314,5,5,True,0,0,2,heuristic,830,4
planning_decision__three_day_combined_sample__combined_d1000_loss75_j020__run1__b3eddeb9.json,b3eddeb9,planning_decision,1,three_day_combined_sample,combined_d1000_loss75_j020,combined,1000,1000,20,75,,,,,True,3,0,739.12,239,4,5,True,1,1,4,heuristic,345,5
planning_decision__three_day_combined_sample__combined_d1000_loss75_j050__run1__62a0d6b4.json,62a0d6b4,planning_decision,1,three_day_combined_sample,combined_d1000_loss75_j050,combined,1000,1000,50,75,,,,,True,3,0,381.78,223,5,5,True,0,0,0,heuristic,645,3
planning_decision__three_day_combined_sample__combined_d1000_loss75_j075__run1__53d5534b.json,53d5534b,planning_decision,1,three_day_combined_sample,combined_d1000_loss75_j075,combined,1000,1000,75,75,,,,,True,3,0,256.24,170,5,5,True,0,0,0,heuristic,377,3
planning_decision__three_day_main_effect__main_delay_d0000__run1__01a0c087.json,01a0c087,planning_decision,1,three_day_main_effect,main_delay_d0000,main_effect,0,0,0,0,,delay,,,True,3,0,75.48,251,5,5,True,0,0,0,heuristic,766,3
planning_decision__three_day_main_effect__main_delay_d0000__run2__524fe820.json,524fe820,planning_decision,2,three_day_main_effect,main_delay_d0000,main_effect,0,0,0,0,,delay,,,True,3,0,71.14,283,5,4,True,0,0,0,heuristic,886,3
planning_decision__three_day_main_effect__main_delay_d0000__run3__72d3daea.json,72d3daea,planning_decision,3,three_day_main_effect,main_delay_d0000,main_effect,0,0,0,0,,delay,,,True,3,0,52.12,236,5,5,True,0,0,0,heuristic,708,3
planning_decision__three_day_main_effect__main_delay_d0000__run4__f96e0dd9.json,f96e0dd9,planning_decision,4,three_day_main_effect,main_delay_d0000,main_effect,0,0,0,0,,delay,,,True,3,0,89.24,263,5,5,True,0,0,0,heuristic,785,3
planning_decision__three_day_main_effect__main_delay_d0000__run5__dc501f73.json,dc501f73,planning_decision,5,three_day_main_effect,main_delay_d0000,main_effect,0,0,0,0,,delay,,,True,3,0,76.99,267,5,5,True,0,0,0,heuristic,836,3
planning_decision__three_day_main_effect__main_delay_d0050__run1__ac1eb5d4.json,ac1eb5d4,planning_decision,1,three_day_main_effect,main_delay_d0050,main_effect,50,50,0,0,,delay,,,True,3,0,86.86,265,5,5,True,0,0,0,heuristic,784,3
planning_decision__three_day_main_effect__main_delay_d0050__run2__c780794c.json,c780794c,planning_decision,2,three_day_main_effect,main_delay_d0050,main_effect,50,50,0,0,,delay,,,True,3,0,78.98,261,5,5,True,0,0,0,heuristic,793,3
planning_decision__three_day_main_effect__main_delay_d0050__run3__ec961b22.json,ec961b22,planning_decision,3,three_day_main_effect,main_delay_d0050,main_effect,50,50,0,0,,delay,,,True,3,0,57.34,277,5,5,True,0,0,0,heuristic,808,3
planning_decision__three_day_main_effect__main_delay_d0050__run4__b8d53bd2.json,b8d53bd2,planning_decision,4,three_day_main_effect,main_delay_d0050,main_effect,50,50,0,0,,delay,,,True,3,0,71.71,265,5,5,True,0,0,0,heuristic,824,3
planning_decision__three_day_main_effect__main_delay_d0050__run5__1bd9ba0e.json,1bd9ba0e,planning_decision,5,three_day_main_effect,main_delay_d0050,main_effect,50,50,0,0,,delay,,,True,3,0,69.61,283,5,5,True,0,0,0,heuristic,883,3
planning_decision__three_day_main_effect__main_delay_d0100__run1__35d13425.json,35d13425,planning_decision,1,three_day_main_effect,main_delay_d0100,main_effect,100,100,0,0,,delay,,,True,3,0,76.37,238,5,5,True,0,0,0,heuristic,668,3
planning_decision__three_day_main_effect__main_delay_d0100__run2__be599596.json,be599596,planning_decision,2,three_day_main_effect,main_delay_d0100,main_effect,100,100,0,0,,delay,,,True,3,0,59.65,208,5,4,True,0,0,0,heuristic,593,3
planning_decision__three_day_main_effect__main_delay_d0100__run3__92149257.json,92149257,planning_decision,3,three_day_main_effect,main_delay_d0100,main_effect,100,100,0,0,,delay,,,True,3,0,86.4,296,5,5,True,0,0,0,heuristic,941,3
planning_decision__three_day_main_effect__main_delay_d0100__run4__a4f7b4ca.json,a4f7b4ca,planning_decision,4,three_day_main_effect,main_delay_d0100,main_effect,100,100,0,0,,delay,,,True,3,0,63.96,240,5,5,True,0,0,0,heuristic,692,3
planning_decision__three_day_main_effect__main_delay_d0100__run5__0a5efed3.json,0a5efed3,planning_decision,5,three_day_main_effect,main_delay_d0100,main_effect,100,100,0,0,,delay,,,True,3,0,88.27,159,5,4,True,0,0,0,heuristic,418,3
planning_decision__three_day_main_effect__main_delay_d0150__run1__87bfa3ed.json,87bfa3ed,planning_decision,1,three_day_main_effect,main_delay_d0150,main_effect,150,150,0,0,,delay,,,True,3,0,74.42,294,5,5,True,0,0,0,heuristic,833,3
planning_decision__three_day_main_effect__main_delay_d0150__run2__149d423c.json,149d423c,planning_decision,2,three_day_main_effect,main_delay_d0150,main_effect,150,150,0,0,,delay,,,True,3,0,87.09,275,5,5,True,0,0,0,heuristic,780,3
planning_decision__three_day_main_effect__main_delay_d0150__run3__f81cb9de.json,f81cb9de,planning_decision,3,three_day_main_effect,main_delay_d0150,main_effect,150,150,0,0,,delay,,,True,3,0,64.33,284,5,4,True,0,0,0,heuristic,837,3
planning_decision__three_day_main_effect__main_delay_d0150__run4__b0ef27ad.json,b0ef27ad,planning_decision,4,three_day_main_effect,main_delay_d0150,main_effect,150,150,0,0,,delay,,,True,3,0,68.1,189,4,4,True,0,0,0,heuristic,520,3
planning_decision__three_day_main_effect__main_delay_d0150__run5__34d69704.json,34d69704,planning_decision,5,three_day_main_effect,main_delay_d0150,main_effect,150,150,0,0,,delay,,,True,3,0,61.03,246,5,5,True,0,0,0,heuristic,682,3
planning_decision__three_day_main_effect__main_delay_d0200__run1__03fd9cd0.json,03fd9cd0,planning_decision,1,three_day_main_effect,main_delay_d0200,main_effect,200,200,0,0,,delay,,,True,3,0,127.8,281,5,5,True,0,0,0,heuristic,850,3
planning_decision__three_day_main_effect__main_delay_d0200__run2__cf583f19.json,cf583f19,planning_decision,2,three_day_main_effect,main_delay_d0200,main_effect,200,200,0,0,,delay,,,True,3,0,67.78,254,5,5,True,0,0,0,heuristic,724,3
planning_decision__three_day_main_effect__main_delay_d0200__run3__c197d8bb.json,c197d8bb,planning_decision,3,three_day_main_effect,main_delay_d0200,main_effect,200,200,0,0,,delay,,,True,3,0,59.86,173,4,5,True,0,0,0,heuristic,422,3
planning_decision__three_day_main_effect__main_delay_d0200__run4__569bdb6e.json,569bdb6e,planning_decision,4,three_day_main_effect,main_delay_d0200,main_effect,200,200,0,0,,delay,,,True,3,0,85.22,264,5,5,True,0,0,0,heuristic,761,3
planning_decision__three_day_main_effect__main_delay_d0200__run5__fb76305e.json,fb76305e,planning_decision,5,three_day_main_effect,main_delay_d0200,main_effect,200,200,0,0,,delay,,,True,3,0,70.26,274,5,5,True,0,0,0,heuristic,831,3
planning_decision__three_day_main_effect__main_delay_d0250__run1__30a886e5.json,30a886e5,planning_decision,1,three_day_main_effect,main_delay_d0250,main_effect,250,250,0,0,,delay,,,True,3,0,80.57,217,5,5,True,0,0,0,heuristic,631,3
planning_decision__three_day_main_effect__main_delay_d0250__run2__77911d11.json,77911d11,planning_decision,2,three_day_main_effect,main_delay_d0250,main_effect,250,250,0,0,,delay,,,True,3,0,75.54,267,5,5,True,0,0,0,heuristic,790,3
planning_decision__three_day_main_effect__main_delay_d0250__run3__0d6a3e92.json,0d6a3e92,planning_decision,3,three_day_main_effect,main_delay_d0250,main_effect,250,250,0,0,,delay,,,True,3,0,92.98,304,5,5,True,0,0,0,heuristic,850,3
planning_decision__three_day_main_effect__main_delay_d0250__run4__1b977e8e.json,1b977e8e,planning_decision,4,three_day_main_effect,main_delay_d0250,main_effect,250,250,0,0,,delay,,,True,3,0,59.93,166,5,4,True,0,0,0,heuristic,417,3
planning_decision__three_day_main_effect__main_delay_d0250__run5__affd21f0.json,affd21f0,planning_decision,5,three_day_main_effect,main_delay_d0250,main_effect,250,250,0,0,,delay,,,True,3,0,71.13,245,5,5,True,0,0,0,heuristic,720,3
planning_decision__three_day_main_effect__main_delay_d0300__run1__b0ad3e18.json,b0ad3e18,planning_decision,1,three_day_main_effect,main_delay_d0300,main_effect,300,300,0,0,,delay,,,True,3,0,66.58,244,5,5,True,0,0,0,heuristic,740,3
planning_decision__three_day_main_effect__main_delay_d0300__run2__1725c0ff.json,1725c0ff,planning_decision,2,three_day_main_effect,main_delay_d0300,main_effect,300,300,0,0,,delay,,,True,3,0,91.16,242,5,5,True,0,0,0,heuristic,742,3
planning_decision__three_day_main_effect__main_delay_d0300__run3__21634c10.json,21634c10,planning_decision,3,three_day_main_effect,main_delay_d0300,main_effect,300,300,0,0,,delay,,,True,3,0,81.3,271,5,4,True,0,0,0,heuristic,840,3
planning_decision__three_day_main_effect__main_delay_d0300__run4__a08d596b.json,a08d596b,planning_decision,4,three_day_main_effect,main_delay_d0300,main_effect,300,300,0,0,,delay,,,True,3,0,65.75,283,5,5,True,0,0,0,heuristic,831,3
planning_decision__three_day_main_effect__main_delay_d0300__run5__2465d95f.json,2465d95f,planning_decision,5,three_day_main_effect,main_delay_d0300,main_effect,300,300,0,0,,delay,,,True,3,0,59.51,180,5,4,True,0,0,0,heuristic,536,3
planning_decision__three_day_main_effect__main_delay_d0350__run1__04ca0ede.json,04ca0ede,planning_decision,1,three_day_main_effect,main_delay_d0350,main_effect,350,350,0,0,,delay,,,True,3,0,62.93,256,5,5,True,0,0,0,heuristic,773,3
planning_decision__three_day_main_effect__main_delay_d0350__run2__b794912d.json,b794912d,planning_decision,2,three_day_main_effect,main_delay_d0350,main_effect,350,350,0,0,,delay,,,True,3,0,80.75,263,5,5,True,0,0,0,heuristic,761,3
planning_decision__three_day_main_effect__main_delay_d0350__run3__6cfeb613.json,6cfeb613,planning_decision,3,three_day_main_effect,main_delay_d0350,main_effect,350,350,0,0,,delay,,,True,3,0,70.47,230,5,5,True,0,0,0,heuristic,678,3
planning_decision__three_day_main_effect__main_delay_d0350__run4__139db0ca.json,139db0ca,planning_decision,4,three_day_main_effect,main_delay_d0350,main_effect,350,350,0,0,,delay,,,True,3,0,58.82,238,5,5,True,0,0,0,heuristic,719,3
planning_decision__three_day_main_effect__main_delay_d0350__run5__528329c1.json,528329c1,planning_decision,5,three_day_main_effect,main_delay_d0350,main_effect,350,350,0,0,,delay,,,True,3,0,71.11,207,5,5,True,0,0,0,heuristic,554,3
planning_decision__three_day_main_effect__main_delay_d0400__run1__99dae85d.json,99dae85d,planning_decision,1,three_day_main_effect,main_delay_d0400,main_effect,400,400,0,0,,delay,,,True,3,0,68.84,275,5,5,True,0,0,0,heuristic,852,3
planning_decision__three_day_main_effect__main_delay_d0400__run2__09f9f8a2.json,09f9f8a2,planning_decision,2,three_day_main_effect,main_delay_d0400,main_effect,400,400,0,0,,delay,,,True,3,0,80.04,247,5,5,True,0,0,0,heuristic,698,3
planning_decision__three_day_main_effect__main_delay_d0400__run3__50a4cdb8.json,50a4cdb8,planning_decision,3,three_day_main_effect,main_delay_d0400,main_effect,400,400,0,0,,delay,,,True,3,0,63.06,255,5,5,True,0,0,0,heuristic,736,3
planning_decision__three_day_main_effect__main_delay_d0400__run4__cfb3eff9.json,cfb3eff9,planning_decision,4,three_day_main_effect,main_delay_d0400,main_effect,400,400,0,0,,delay,,,True,3,0,55.64,137,5,5,True,0,0,0,heuristic,331,3
planning_decision__three_day_main_effect__main_delay_d0400__run5__04f0a1b5.json,04f0a1b5,planning_decision,5,three_day_main_effect,main_delay_d0400,main_effect,400,400,0,0,,delay,,,True,3,0,74.5,295,5,5,True,0,0,0,heuristic,925,3
planning_decision__three_day_main_effect__main_delay_d0450__run1__6b434c56.json,6b434c56,planning_decision,1,three_day_main_effect,main_delay_d0450,main_effect,450,450,0,0,,delay,,,True,3,0,69.26,292,5,5,True,0,0,0,heuristic,825,3
planning_decision__three_day_main_effect__main_delay_d0450__run2__5dfd5c45.json,5dfd5c45,planning_decision,2,three_day_main_effect,main_delay_d0450,main_effect,450,450,0,0,,delay,,,True,3,0,67.0,243,5,4,True,0,0,0,heuristic,712,3
planning_decision__three_day_main_effect__main_delay_d0450__run3__296c2d1c.json,296c2d1c,planning_decision,3,three_day_main_effect,main_delay_d0450,main_effect,450,450,0,0,,delay,,,True,3,0,89.26,298,5,5,True,0,0,0,heuristic,943,3
planning_decision__three_day_main_effect__main_delay_d0450__run4__5a8872b1.json,5a8872b1,planning_decision,4,three_day_main_effect,main_delay_d0450,main_effect,450,450,0,0,,delay,,,True,3,0,84.79,211,5,5,True,0,0,0,heuristic,576,3
planning_decision__three_day_main_effect__main_delay_d0450__run5__b2dcf61c.json,b2dcf61c,planning_decision,5,three_day_main_effect,main_delay_d0450,main_effect,450,450,0,0,,delay,,,True,3,0,95.05,273,5,5,True,0,0,0,heuristic,856,3
planning_decision__three_day_main_effect__main_delay_d0500__run1__ce56581a.json,ce56581a,planning_decision,1,three_day_main_effect,main_delay_d0500,main_effect,500,500,0,0,,delay,,,True,3,0,78.46,238,5,5,True,0,0,0,heuristic,700,3
planning_decision__three_day_main_effect__main_delay_d0500__run2__8b538c9e.json,8b538c9e,planning_decision,2,three_day_main_effect,main_delay_d0500,main_effect,500,500,0,0,,delay,,,True,3,0,94.76,246,5,5,True,0,0,0,heuristic,764,3
planning_decision__three_day_main_effect__main_delay_d0500__run3__60df2a8c.json,60df2a8c,planning_decision,3,three_day_main_effect,main_delay_d0500,main_effect,500,500,0,0,,delay,,,True,3,0,73.09,270,5,5,True,0,0,0,heuristic,791,3
planning_decision__three_day_main_effect__main_delay_d0500__run4__ce0578cd.json,ce0578cd,planning_decision,4,three_day_main_effect,main_delay_d0500,main_effect,500,500,0,0,,delay,,,True,3,0,65.6,269,5,5,True,0,0,0,heuristic,820,3
planning_decision__three_day_main_effect__main_delay_d0500__run5__adbbaaf0.json,adbbaaf0,planning_decision,5,three_day_main_effect,main_delay_d0500,main_effect,500,500,0,0,,delay,,,True,3,0,68.86,302,4,5,True,0,0,0,heuristic,898,3
planning_decision__three_day_main_effect__main_delay_d0550__run1__f9c51305.json,f9c51305,planning_decision,1,three_day_main_effect,main_delay_d0550,main_effect,550,550,0,0,,delay,,,True,3,0,61.36,205,5,4,True,0,0,0,heuristic,535,3
planning_decision__three_day_main_effect__main_delay_d0550__run2__57b37d63.json,57b37d63,planning_decision,2,three_day_main_effect,main_delay_d0550,main_effect,550,550,0,0,,delay,,,True,3,0,83.23,269,5,5,True,0,0,0,heuristic,787,3
planning_decision__three_day_main_effect__main_delay_d0550__run3__ae842f62.json,ae842f62,planning_decision,3,three_day_main_effect,main_delay_d0550,main_effect,550,550,0,0,,delay,,,True,3,0,73.19,230,5,5,True,0,0,0,heuristic,684,3
planning_decision__three_day_main_effect__main_delay_d0550__run4__6c10507f.json,6c10507f,planning_decision,4,three_day_main_effect,main_delay_d0550,main_effect,550,550,0,0,,delay,,,True,3,0,54.78,222,5,5,True,0,0,0,heuristic,652,3
planning_decision__three_day_main_effect__main_delay_d0550__run5__bb4abd15.json,bb4abd15,planning_decision,5,three_day_main_effect,main_delay_d0550,main_effect,550,550,0,0,,delay,,,True,3,0,69.0,155,5,4,True,0,0,0,heuristic,381,3
planning_decision__three_day_main_effect__main_delay_d0600__run1__b3b1ac36.json,b3b1ac36,planning_decision,1,three_day_main_effect,main_delay_d0600,main_effect,600,600,0,0,,delay,,,True,3,0,52.63,210,5,4,True,0,0,0,heuristic,608,3
planning_decision__three_day_main_effect__main_delay_d0600__run2__ae26da51.json,ae26da51,planning_decision,2,three_day_main_effect,main_delay_d0600,main_effect,600,600,0,0,,delay,,,True,3,0,98.44,289,5,5,True,0,0,0,heuristic,920,3
planning_decision__three_day_main_effect__main_delay_d0600__run3__dd2813ec.json,dd2813ec,planning_decision,3,three_day_main_effect,main_delay_d0600,main_effect,600,600,0,0,,delay,,,True,3,0,86.37,279,5,5,True,0,0,0,heuristic,865,3
planning_decision__three_day_main_effect__main_delay_d0600__run4__292ccfa5.json,292ccfa5,planning_decision,4,three_day_main_effect,main_delay_d0600,main_effect,600,600,0,0,,delay,,,True,3,0,67.71,307,5,5,True,0,0,0,heuristic,966,3
planning_decision__three_day_main_effect__main_delay_d0600__run5__3e586f28.json,3e586f28,planning_decision,5,three_day_main_effect,main_delay_d0600,main_effect,600,600,0,0,,delay,,,True,3,0,71.26,245,5,5,True,0,0,0,heuristic,733,3
planning_decision__three_day_main_effect__main_delay_d0650__run1__bb616ebf.json,bb616ebf,planning_decision,1,three_day_main_effect,main_delay_d0650,main_effect,650,650,0,0,,delay,,,True,3,0,73.25,233,5,5,True,0,0,0,heuristic,680,3
planning_decision__three_day_main_effect__main_delay_d0650__run2__e39b518f.json,e39b518f,planning_decision,2,three_day_main_effect,main_delay_d0650,main_effect,650,650,0,0,,delay,,,True,3,0,92.95,227,5,5,True,0,0,0,heuristic,657,3
planning_decision__three_day_main_effect__main_delay_d0650__run3__8c02e655.json,8c02e655,planning_decision,3,three_day_main_effect,main_delay_d0650,main_effect,650,650,0,0,,delay,,,True,3,0,63.74,227,5,5,True,0,0,0,heuristic,636,3
planning_decision__three_day_main_effect__main_delay_d0650__run4__6b35847a.json,6b35847a,planning_decision,4,three_day_main_effect,main_delay_d0650,main_effect,650,650,0,0,,delay,,,True,3,0,72.17,276,5,5,True,0,0,0,heuristic,858,3
planning_decision__three_day_main_effect__main_delay_d0650__run5__773df985.json,773df985,planning_decision,5,three_day_main_effect,main_delay_d0650,main_effect,650,650,0,0,,delay,,,True,3,0,78.79,277,5,5,True,0,0,0,heuristic,875,3
planning_decision__three_day_main_effect__main_delay_d0700__run1__96d43227.json,96d43227,planning_decision,1,three_day_main_effect,main_delay_d0700,main_effect,700,700,0,0,,delay,,,True,3,0,60.11,264,5,5,True,0,0,0,heuristic,806,3
planning_decision__three_day_main_effect__main_delay_d0700__run2__9020c9a9.json,9020c9a9,planning_decision,2,three_day_main_effect,main_delay_d0700,main_effect,700,700,0,0,,delay,,,True,3,0,61.93,146,5,5,True,0,0,0,heuristic,329,3
planning_decision__three_day_main_effect__main_delay_d0700__run3__5a5d82f9.json,5a5d82f9,planning_decision,3,three_day_main_effect,main_delay_d0700,main_effect,700,700,0,0,,delay,,,True,3,0,69.12,252,5,5,True,0,0,0,heuristic,767,3
planning_decision__three_day_main_effect__main_delay_d0700__run4__d4fb18e4.json,d4fb18e4,planning_decision,4,three_day_main_effect,main_delay_d0700,main_effect,700,700,0,0,,delay,,,True,3,0,50.76,213,5,4,True,0,0,0,heuristic,575,3
planning_decision__three_day_main_effect__main_delay_d0700__run5__4088cc8e.json,4088cc8e,planning_decision,5,three_day_main_effect,main_delay_d0700,main_effect,700,700,0,0,,delay,,,True,3,0,83.49,244,5,5,True,0,0,0,heuristic,734,3
planning_decision__three_day_main_effect__main_delay_d0750__run1__5762b236.json,5762b236,planning_decision,1,three_day_main_effect,main_delay_d0750,main_effect,750,750,0,0,,delay,,,True,3,0,66.83,340,5,5,True,0,0,0,heuristic,1042,3
planning_decision__three_day_main_effect__main_delay_d0750__run2__5fd65bbe.json,5fd65bbe,planning_decision,2,three_day_main_effect,main_delay_d0750,main_effect,750,750,0,0,,delay,,,True,3,0,70.94,264,5,5,True,0,0,0,heuristic,808,3
planning_decision__three_day_main_effect__main_delay_d0750__run3__7573379f.json,7573379f,planning_decision,3,three_day_main_effect,main_delay_d0750,main_effect,750,750,0,0,,delay,,,True,3,0,67.46,246,5,5,True,0,0,0,heuristic,761,3
planning_decision__three_day_main_effect__main_delay_d0750__run4__0994c199.json,0994c199,planning_decision,4,three_day_main_effect,main_delay_d0750,main_effect,750,750,0,0,,delay,,,True,3,0,61.01,239,5,5,True,0,0,0,heuristic,700,3
planning_decision__three_day_main_effect__main_delay_d0750__run5__cb3ff12e.json,cb3ff12e,planning_decision,5,three_day_main_effect,main_delay_d0750,main_effect,750,750,0,0,,delay,,,True,3,0,81.91,191,5,5,True,0,0,0,heuristic,487,3
planning_decision__three_day_main_effect__main_delay_d0800__run1__996733fd.json,996733fd,planning_decision,1,three_day_main_effect,main_delay_d0800,main_effect,800,800,0,0,,delay,,,True,3,0,63.11,266,5,5,True,0,0,0,heuristic,802,3
planning_decision__three_day_main_effect__main_delay_d0800__run2__743d8fa3.json,743d8fa3,planning_decision,2,three_day_main_effect,main_delay_d0800,main_effect,800,800,0,0,,delay,,,True,3,0,83.06,277,5,4,True,0,0,0,heuristic,708,3
planning_decision__three_day_main_effect__main_delay_d0800__run3__cf3ac492.json,cf3ac492,planning_decision,3,three_day_main_effect,main_delay_d0800,main_effect,800,800,0,0,,delay,,,True,3,0,66.78,265,5,5,True,0,0,0,heuristic,809,3
planning_decision__three_day_main_effect__main_delay_d0800__run4__f08af14a.json,f08af14a,planning_decision,4,three_day_main_effect,main_delay_d0800,main_effect,800,800,0,0,,delay,,,True,3,0,86.46,262,5,4,True,0,0,0,heuristic,814,3
planning_decision__three_day_main_effect__main_delay_d0800__run5__f605f190.json,f605f190,planning_decision,5,three_day_main_effect,main_delay_d0800,main_effect,800,800,0,0,,delay,,,True,3,0,75.91,146,5,4,True,0,0,0,heuristic,355,3
planning_decision__three_day_main_effect__main_delay_d0850__run1__b6ad6b5b.json,b6ad6b5b,planning_decision,1,three_day_main_effect,main_delay_d0850,main_effect,850,850,0,0,,delay,,,True,3,0,71.72,253,5,5,True,0,0,0,heuristic,776,3
planning_decision__three_day_main_effect__main_delay_d0850__run2__67e0a6d4.json,67e0a6d4,planning_decision,2,three_day_main_effect,main_delay_d0850,main_effect,850,850,0,0,,delay,,,True,3,0,102.05,207,4,5,True,0,0,0,heuristic,644,3
planning_decision__three_day_main_effect__main_delay_d0850__run3__bfeb5da8.json,bfeb5da8,planning_decision,3,three_day_main_effect,main_delay_d0850,main_effect,850,850,0,0,,delay,,,True,3,0,61.17,231,5,5,True,0,0,0,heuristic,690,3
planning_decision__three_day_main_effect__main_delay_d0850__run4__b37e1ea7.json,b37e1ea7,planning_decision,4,three_day_main_effect,main_delay_d0850,main_effect,850,850,0,0,,delay,,,True,3,0,85.97,261,5,4,True,0,0,0,heuristic,811,3
planning_decision__three_day_main_effect__main_delay_d0850__run5__afd9bffc.json,afd9bffc,planning_decision,5,three_day_main_effect,main_delay_d0850,main_effect,850,850,0,0,,delay,,,True,3,0,66.03,296,5,4,True,0,0,0,heuristic,915,3
planning_decision__three_day_main_effect__main_delay_d0900__run1__d2fd7f10.json,d2fd7f10,planning_decision,1,three_day_main_effect,main_delay_d0900,main_effect,900,900,0,0,,delay,,,True,3,0,73.39,234,5,5,True,0,0,0,heuristic,700,3
planning_decision__three_day_main_effect__main_delay_d0900__run2__cb05dd5a.json,cb05dd5a,planning_decision,2,three_day_main_effect,main_delay_d0900,main_effect,900,900,0,0,,delay,,,True,3,0,97.02,251,5,4,True,0,0,0,heuristic,752,3
planning_decision__three_day_main_effect__main_delay_d0900__run3__086331cd.json,086331cd,planning_decision,3,three_day_main_effect,main_delay_d0900,main_effect,900,900,0,0,,delay,,,True,6,1,398.51,777,5,5,True,0,0,1,heuristic,892,6
planning_decision__three_day_main_effect__main_delay_d0900__run4__e93f4ba9.json,e93f4ba9,planning_decision,4,three_day_main_effect,main_delay_d0900,main_effect,900,900,0,0,,delay,,,True,3,0,78.75,234,5,5,True,0,0,0,heuristic,667,3
planning_decision__three_day_main_effect__main_delay_d0900__run5__579481e2.json,579481e2,planning_decision,5,three_day_main_effect,main_delay_d0900,main_effect,900,900,0,0,,delay,,,True,3,0,68.95,250,5,5,True,0,0,0,heuristic,767,3
planning_decision__three_day_main_effect__main_delay_d0950__run1__a77d8811.json,a77d8811,planning_decision,1,three_day_main_effect,main_delay_d0950,main_effect,950,950,0,0,,delay,,,True,3,0,73.74,303,5,5,True,0,0,0,heuristic,915,3
planning_decision__three_day_main_effect__main_delay_d0950__run2__3bbc9858.json,3bbc9858,planning_decision,2,three_day_main_effect,main_delay_d0950,main_effect,950,950,0,0,,delay,,,True,3,0,101.9,338,5,5,True,0,0,0,heuristic,1066,3
planning_decision__three_day_main_effect__main_delay_d0950__run3__688f889a.json,688f889a,planning_decision,3,three_day_main_effect,main_delay_d0950,main_effect,950,950,0,0,,delay,,,True,3,0,69.61,251,5,5,True,0,0,0,heuristic,736,3
planning_decision__three_day_main_effect__main_delay_d0950__run4__53c92797.json,53c92797,planning_decision,4,three_day_main_effect,main_delay_d0950,main_effect,950,950,0,0,,delay,,,True,3,0,71.27,276,5,5,True,0,0,0,heuristic,859,3
planning_decision__three_day_main_effect__main_delay_d0950__run5__11a65edf.json,11a65edf,planning_decision,5,three_day_main_effect,main_delay_d0950,main_effect,950,950,0,0,,delay,,,True,3,0,67.03,273,5,5,True,0,0,0,heuristic,843,3
planning_decision__three_day_main_effect__main_delay_d1000__run1__3b8e92e4.json,3b8e92e4,planning_decision,1,three_day_main_effect,main_delay_d1000,main_effect,1000,1000,0,0,,delay,,,True,3,0,67.9,206,5,5,True,0,0,0,heuristic,527,3
planning_decision__three_day_main_effect__main_delay_d1000__run2__8ed3fdc3.json,8ed3fdc3,planning_decision,2,three_day_main_effect,main_delay_d1000,main_effect,1000,1000,0,0,,delay,,,True,3,0,86.21,299,5,4,True,0,0,0,heuristic,977,3
planning_decision__three_day_main_effect__main_delay_d1000__run3__18dacf9a.json,18dacf9a,planning_decision,3,three_day_main_effect,main_delay_d1000,main_effect,1000,1000,0,0,,delay,,,True,3,0,73.79,285,5,5,True,0,0,0,heuristic,905,3
planning_decision__three_day_main_effect__main_delay_d1000__run4__4c41d43c.json,4c41d43c,planning_decision,4,three_day_main_effect,main_delay_d1000,main_effect,1000,1000,0,0,,delay,,,True,3,0,67.52,207,5,5,True,0,0,0,heuristic,585,3
planning_decision__three_day_main_effect__main_delay_d1000__run5__9b1be63d.json,9b1be63d,planning_decision,5,three_day_main_effect,main_delay_d1000,main_effect,1000,1000,0,0,,delay,,,True,3,0,65.05,235,5,5,True,0,0,0,heuristic,711,3
planning_decision__three_day_main_effect__main_jitter_j000__run1__758b6177.json,758b6177,planning_decision,1,three_day_main_effect,main_jitter_j000,main_effect,0,0,0,0,,jitter,,,True,3,0,73.08,214,5,5,True,0,0,0,heuristic,606,3
planning_decision__three_day_main_effect__main_jitter_j000__run2__d68ee6b2.json,d68ee6b2,planning_decision,2,three_day_main_effect,main_jitter_j000,main_effect,0,0,0,0,,jitter,,,True,3,0,56.6,189,5,5,True,0,0,0,heuristic,460,3
planning_decision__three_day_main_effect__main_jitter_j000__run3__d8b77ad6.json,d8b77ad6,planning_decision,3,three_day_main_effect,main_jitter_j000,main_effect,0,0,0,0,,jitter,,,True,3,0,72.39,220,5,4,True,0,0,0,heuristic,644,3
planning_decision__three_day_main_effect__main_jitter_j000__run4__0056bf37.json,0056bf37,planning_decision,4,three_day_main_effect,main_jitter_j000,main_effect,0,0,0,0,,jitter,,,True,3,0,62.58,244,5,5,True,0,0,0,heuristic,723,3
planning_decision__three_day_main_effect__main_jitter_j000__run5__bc7a3ea7.json,bc7a3ea7,planning_decision,5,three_day_main_effect,main_jitter_j000,main_effect,0,0,0,0,,jitter,,,True,3,0,64.63,233,5,5,True,0,0,0,heuristic,674,3
planning_decision__three_day_main_effect__main_jitter_j001__run1__50be28c2.json,50be28c2,planning_decision,1,three_day_main_effect,main_jitter_j001,main_effect,50,0,1,0,,jitter,,,True,3,0,78.93,257,5,5,True,0,0,0,heuristic,783,3
planning_decision__three_day_main_effect__main_jitter_j001__run2__d6330d4d.json,d6330d4d,planning_decision,2,three_day_main_effect,main_jitter_j001,main_effect,50,0,1,0,,jitter,,,True,3,0,82.53,286,5,5,True,0,0,0,heuristic,743,3
planning_decision__three_day_main_effect__main_jitter_j001__run3__1d5f2b29.json,1d5f2b29,planning_decision,3,three_day_main_effect,main_jitter_j001,main_effect,50,0,1,0,,jitter,,,True,3,0,89.1,313,5,5,True,0,0,0,heuristic,1001,3
planning_decision__three_day_main_effect__main_jitter_j001__run4__2f1777bb.json,2f1777bb,planning_decision,4,three_day_main_effect,main_jitter_j001,main_effect,50,0,1,0,,jitter,,,True,3,0,63.26,261,5,5,True,0,0,0,heuristic,813,3
planning_decision__three_day_main_effect__main_jitter_j001__run5__8b9a9c32.json,8b9a9c32,planning_decision,5,three_day_main_effect,main_jitter_j001,main_effect,50,0,1,0,,jitter,,,True,3,0,82.57,250,5,5,True,0,0,0,heuristic,724,3
planning_decision__three_day_main_effect__main_jitter_j005__run1__f2efaf20.json,f2efaf20,planning_decision,1,three_day_main_effect,main_jitter_j005,main_effect,50,0,5,0,,jitter,,,True,3,0,80.19,267,5,5,True,0,0,0,heuristic,807,3
planning_decision__three_day_main_effect__main_jitter_j005__run2__098071ac.json,098071ac,planning_decision,2,three_day_main_effect,main_jitter_j005,main_effect,50,0,5,0,,jitter,,,True,3,0,70.38,158,5,4,True,0,0,0,heuristic,449,3
planning_decision__three_day_main_effect__main_jitter_j005__run3__deccbf8b.json,deccbf8b,planning_decision,3,three_day_main_effect,main_jitter_j005,main_effect,50,0,5,0,,jitter,,,True,3,0,79.05,134,4,4,True,0,0,0,heuristic,318,3
planning_decision__three_day_main_effect__main_jitter_j005__run4__bce9c253.json,bce9c253,planning_decision,4,three_day_main_effect,main_jitter_j005,main_effect,50,0,5,0,,jitter,,,True,3,0,64.38,223,5,5,True,0,0,0,heuristic,661,3
planning_decision__three_day_main_effect__main_jitter_j005__run5__151b12f5.json,151b12f5,planning_decision,5,three_day_main_effect,main_jitter_j005,main_effect,50,0,5,0,,jitter,,,True,3,0,61.01,256,5,5,True,0,0,0,heuristic,743,3
planning_decision__three_day_main_effect__main_jitter_j010__run1__a3c0cfa7.json,a3c0cfa7,planning_decision,1,three_day_main_effect,main_jitter_j010,main_effect,50,0,10,0,,jitter,,,True,3,0,72.18,254,5,5,True,0,0,0,heuristic,713,3
planning_decision__three_day_main_effect__main_jitter_j010__run2__9dfeb8c6.json,9dfeb8c6,planning_decision,2,three_day_main_effect,main_jitter_j010,main_effect,50,0,10,0,,jitter,,,True,3,0,87.84,138,5,4,True,0,0,0,heuristic,303,3
planning_decision__three_day_main_effect__main_jitter_j010__run3__49ac52c8.json,49ac52c8,planning_decision,3,three_day_main_effect,main_jitter_j010,main_effect,50,0,10,0,,jitter,,,True,3,0,80.01,259,5,4,True,0,0,0,heuristic,749,3
planning_decision__three_day_main_effect__main_jitter_j010__run4__3714b91e.json,3714b91e,planning_decision,4,three_day_main_effect,main_jitter_j010,main_effect,50,0,10,0,,jitter,,,True,3,0,63.98,241,5,5,True,0,0,0,heuristic,700,3
planning_decision__three_day_main_effect__main_jitter_j010__run5__46ec890f.json,46ec890f,planning_decision,5,three_day_main_effect,main_jitter_j010,main_effect,50,0,10,0,,jitter,,,True,3,0,58.03,173,5,4,True,0,0,0,heuristic,383,3
planning_decision__three_day_main_effect__main_jitter_j015__run1__4168db31.json,4168db31,planning_decision,1,three_day_main_effect,main_jitter_j015,main_effect,50,0,15,0,,jitter,,,True,3,0,53.22,140,5,3,False,0,0,0,heuristic,326,3
planning_decision__three_day_main_effect__main_jitter_j015__run2__72b407af.json,72b407af,planning_decision,2,three_day_main_effect,main_jitter_j015,main_effect,50,0,15,0,,jitter,,,True,3,0,69.98,266,5,4,True,0,0,0,heuristic,829,3
planning_decision__three_day_main_effect__main_jitter_j015__run3__b905c169.json,b905c169,planning_decision,3,three_day_main_effect,main_jitter_j015,main_effect,50,0,15,0,,jitter,,,True,6,1,236.86,680,5,5,True,0,0,1,heuristic,761,6
planning_decision__three_day_main_effect__main_jitter_j015__run4__6a6c1604.json,6a6c1604,planning_decision,4,three_day_main_effect,main_jitter_j015,main_effect,50,0,15,0,,jitter,,,True,3,0,72.42,283,5,4,True,0,0,0,heuristic,836,3
planning_decision__three_day_main_effect__main_jitter_j015__run5__c813deea.json,c813deea,planning_decision,5,three_day_main_effect,main_jitter_j015,main_effect,50,0,15,0,,jitter,,,True,3,0,73.35,243,5,5,True,0,0,0,heuristic,737,3
planning_decision__three_day_main_effect__main_jitter_j020__run1__7361e727.json,7361e727,planning_decision,1,three_day_main_effect,main_jitter_j020,main_effect,50,0,20,0,,jitter,,,True,3,0,79.48,278,5,5,True,0,0,0,heuristic,805,3
planning_decision__three_day_main_effect__main_jitter_j020__run2__dce86142.json,dce86142,planning_decision,2,three_day_main_effect,main_jitter_j020,main_effect,50,0,20,0,,jitter,,,True,3,0,67.79,211,5,4,True,0,0,0,heuristic,627,3
planning_decision__three_day_main_effect__main_jitter_j020__run3__a6c8aed5.json,a6c8aed5,planning_decision,3,three_day_main_effect,main_jitter_j020,main_effect,50,0,20,0,,jitter,,,True,3,0,74.0,166,4,5,True,0,0,0,heuristic,447,3
planning_decision__three_day_main_effect__main_jitter_j020__run4__0c8a3083.json,0c8a3083,planning_decision,4,three_day_main_effect,main_jitter_j020,main_effect,50,0,20,0,,jitter,,,True,3,0,72.1,273,5,5,True,0,0,0,heuristic,859,3
planning_decision__three_day_main_effect__main_jitter_j020__run5__b0c2bc57.json,b0c2bc57,planning_decision,5,three_day_main_effect,main_jitter_j020,main_effect,50,0,20,0,,jitter,,,True,3,0,81.61,343,5,5,True,0,0,0,heuristic,1078,3
planning_decision__three_day_main_effect__main_jitter_j025__run1__9e93361f.json,9e93361f,planning_decision,1,three_day_main_effect,main_jitter_j025,main_effect,50,0,25,0,,jitter,,,True,3,0,64.48,238,5,5,True,0,0,0,heuristic,708,3
planning_decision__three_day_main_effect__main_jitter_j025__run2__5159acdd.json,5159acdd,planning_decision,2,three_day_main_effect,main_jitter_j025,main_effect,50,0,25,0,,jitter,,,True,3,0,70.58,282,5,4,True,0,0,0,heuristic,815,3
planning_decision__three_day_main_effect__main_jitter_j025__run3__64bd5248.json,64bd5248,planning_decision,3,three_day_main_effect,main_jitter_j025,main_effect,50,0,25,0,,jitter,,,True,3,0,97.77,229,5,4,True,0,0,0,heuristic,643,3
planning_decision__three_day_main_effect__main_jitter_j025__run4__0ffeaa96.json,0ffeaa96,planning_decision,4,three_day_main_effect,main_jitter_j025,main_effect,50,0,25,0,,jitter,,,True,3,0,62.44,249,5,5,True,0,0,0,heuristic,712,3
planning_decision__three_day_main_effect__main_jitter_j025__run5__4c39e2a5.json,4c39e2a5,planning_decision,5,three_day_main_effect,main_jitter_j025,main_effect,50,0,25,0,,jitter,,,True,3,0,63.06,247,5,5,True,0,0,0,heuristic,754,3
planning_decision__three_day_main_effect__main_jitter_j030__run1__32e9e047.json,32e9e047,planning_decision,1,three_day_main_effect,main_jitter_j030,main_effect,50,0,30,0,,jitter,,,True,3,0,60.16,246,5,5,True,0,0,0,heuristic,751,3
planning_decision__three_day_main_effect__main_jitter_j030__run2__93c61c8e.json,93c61c8e,planning_decision,2,three_day_main_effect,main_jitter_j030,main_effect,50,0,30,0,,jitter,,,True,3,0,67.38,222,5,5,True,0,0,0,heuristic,649,3
planning_decision__three_day_main_effect__main_jitter_j030__run3__013f6367.json,013f6367,planning_decision,3,three_day_main_effect,main_jitter_j030,main_effect,50,0,30,0,,jitter,,,True,3,0,69.56,199,5,5,True,0,0,0,heuristic,551,3
planning_decision__three_day_main_effect__main_jitter_j030__run4__cc6f89ae.json,cc6f89ae,planning_decision,4,three_day_main_effect,main_jitter_j030,main_effect,50,0,30,0,,jitter,,,True,3,0,58.53,269,5,5,True,0,0,0,heuristic,814,3
planning_decision__three_day_main_effect__main_jitter_j030__run5__98959474.json,98959474,planning_decision,5,three_day_main_effect,main_jitter_j030,main_effect,50,0,30,0,,jitter,,,True,3,0,98.24,187,5,3,False,0,0,0,heuristic,497,3
planning_decision__three_day_main_effect__main_jitter_j050__run1__776bc3b2.json,776bc3b2,planning_decision,1,three_day_main_effect,main_jitter_j050,main_effect,50,0,50,0,,jitter,,,True,3,0,61.99,247,5,4,True,0,0,0,heuristic,713,3
planning_decision__three_day_main_effect__main_jitter_j050__run2__fba763b5.json,fba763b5,planning_decision,2,three_day_main_effect,main_jitter_j050,main_effect,50,0,50,0,,jitter,,,True,6,1,351.47,720,5,5,True,0,0,1,heuristic,701,6
planning_decision__three_day_main_effect__main_jitter_j050__run3__941e7537.json,941e7537,planning_decision,3,three_day_main_effect,main_jitter_j050,main_effect,50,0,50,0,,jitter,,,True,3,0,84.15,280,5,5,True,0,0,0,heuristic,781,3
planning_decision__three_day_main_effect__main_jitter_j050__run4__2b1b5977.json,2b1b5977,planning_decision,4,three_day_main_effect,main_jitter_j050,main_effect,50,0,50,0,,jitter,,,True,3,0,60.57,225,5,5,True,0,0,0,heuristic,651,3
planning_decision__three_day_main_effect__main_jitter_j050__run5__97b27f5c.json,97b27f5c,planning_decision,5,three_day_main_effect,main_jitter_j050,main_effect,50,0,50,0,,jitter,,,True,3,0,96.66,240,5,5,True,0,0,0,heuristic,655,3
planning_decision__three_day_main_effect__main_jitter_j075__run1__97bf6932.json,97bf6932,planning_decision,1,three_day_main_effect,main_jitter_j075,main_effect,50,0,75,0,,jitter,,,True,3,0,71.62,288,5,4,True,0,0,0,heuristic,766,3
planning_decision__three_day_main_effect__main_jitter_j075__run2__34c447b4.json,34c447b4,planning_decision,2,three_day_main_effect,main_jitter_j075,main_effect,50,0,75,0,,jitter,,,True,3,0,63.48,166,5,5,True,0,0,0,heuristic,392,3
planning_decision__three_day_main_effect__main_jitter_j075__run3__fbfc7878.json,fbfc7878,planning_decision,3,three_day_main_effect,main_jitter_j075,main_effect,50,0,75,0,,jitter,,,True,3,0,99.82,339,5,5,True,0,0,0,heuristic,969,3
planning_decision__three_day_main_effect__main_jitter_j075__run4__f8291d06.json,f8291d06,planning_decision,4,three_day_main_effect,main_jitter_j075,main_effect,50,0,75,0,,jitter,,,True,3,0,56.01,195,5,4,True,0,0,0,heuristic,547,3
planning_decision__three_day_main_effect__main_jitter_j075__run5__269779de.json,269779de,planning_decision,5,three_day_main_effect,main_jitter_j075,main_effect,50,0,75,0,,jitter,,,True,3,0,105.42,155,5,4,True,0,0,0,heuristic,438,3
planning_decision__three_day_main_effect__main_loss_loss0__run1__5441c34a.json,5441c34a,planning_decision,1,three_day_main_effect,main_loss_loss0,main_effect,0,0,0,0,,loss,,,True,3,0,61.93,169,5,3,False,0,0,0,heuristic,424,3
planning_decision__three_day_main_effect__main_loss_loss0__run2__5dec69f4.json,5dec69f4,planning_decision,2,three_day_main_effect,main_loss_loss0,main_effect,0,0,0,0,,loss,,,True,3,0,79.73,272,4,4,True,0,0,0,heuristic,813,3
planning_decision__three_day_main_effect__main_loss_loss0__run3__c4b583cb.json,c4b583cb,planning_decision,3,three_day_main_effect,main_loss_loss0,main_effect,0,0,0,0,,loss,,,True,3,0,63.28,237,4,5,True,0,0,0,heuristic,718,3
planning_decision__three_day_main_effect__main_loss_loss0__run4__fcfaf192.json,fcfaf192,planning_decision,4,three_day_main_effect,main_loss_loss0,main_effect,0,0,0,0,,loss,,,True,3,0,72.64,265,5,4,True,0,0,0,heuristic,809,3
planning_decision__three_day_main_effect__main_loss_loss0__run5__10e47c1d.json,10e47c1d,planning_decision,5,three_day_main_effect,main_loss_loss0,main_effect,0,0,0,0,,loss,,,True,3,0,80.86,224,5,5,True,0,0,0,heuristic,663,3
planning_decision__three_day_main_effect__main_loss_loss10__run1__520677d7.json,520677d7,planning_decision,1,three_day_main_effect,main_loss_loss10,main_effect,0,0,0,10,,loss,,,True,3,0,62.92,308,5,5,True,0,0,0,heuristic,987,3
planning_decision__three_day_main_effect__main_loss_loss10__run2__2921f773.json,2921f773,planning_decision,2,three_day_main_effect,main_loss_loss10,main_effect,0,0,0,10,,loss,,,True,3,0,84.52,271,5,5,True,0,0,0,heuristic,821,3
planning_decision__three_day_main_effect__main_loss_loss10__run3__ff5bdf76.json,ff5bdf76,planning_decision,3,three_day_main_effect,main_loss_loss10,main_effect,0,0,0,10,,loss,,,True,6,1,608.7,733,5,5,True,0,0,1,heuristic,691,6
planning_decision__three_day_main_effect__main_loss_loss10__run4__4a017691.json,4a017691,planning_decision,4,three_day_main_effect,main_loss_loss10,main_effect,0,0,0,10,,loss,,,True,3,0,63.74,315,5,5,True,0,0,0,heuristic,935,3
planning_decision__three_day_main_effect__main_loss_loss10__run5__0a3ba6a6.json,0a3ba6a6,planning_decision,5,three_day_main_effect,main_loss_loss10,main_effect,0,0,0,10,,loss,,,True,3,0,68.48,269,5,5,True,0,0,0,heuristic,754,3
planning_decision__three_day_main_effect__main_loss_loss15__run1__ad574017.json,ad574017,planning_decision,1,three_day_main_effect,main_loss_loss15,main_effect,0,0,0,15,,loss,,,True,3,0,57.94,240,5,5,True,0,0,0,heuristic,679,3
planning_decision__three_day_main_effect__main_loss_loss15__run2__a4a66445.json,a4a66445,planning_decision,2,three_day_main_effect,main_loss_loss15,main_effect,0,0,0,15,,loss,,,True,3,0,78.31,258,5,5,True,0,0,0,heuristic,797,3
planning_decision__three_day_main_effect__main_loss_loss15__run3__508552ba.json,508552ba,planning_decision,3,three_day_main_effect,main_loss_loss15,main_effect,0,0,0,15,,loss,,,True,3,0,128.33,281,5,5,True,0,0,0,heuristic,794,3
planning_decision__three_day_main_effect__main_loss_loss15__run4__10a48d92.json,10a48d92,planning_decision,4,three_day_main_effect,main_loss_loss15,main_effect,0,0,0,15,,loss,,,True,3,0,57.54,223,5,4,True,0,0,0,heuristic,659,3
planning_decision__three_day_main_effect__main_loss_loss15__run5__65b041bc.json,65b041bc,planning_decision,5,three_day_main_effect,main_loss_loss15,main_effect,0,0,0,15,,loss,,,True,3,0,55.49,267,5,5,True,0,0,0,heuristic,821,3
planning_decision__three_day_main_effect__main_loss_loss1__run1__c4f21444.json,c4f21444,planning_decision,1,three_day_main_effect,main_loss_loss1,main_effect,0,0,0,1,,loss,,,True,3,0,70.14,206,5,4,True,0,0,0,heuristic,589,3
planning_decision__three_day_main_effect__main_loss_loss1__run2__b213e527.json,b213e527,planning_decision,2,three_day_main_effect,main_loss_loss1,main_effect,0,0,0,1,,loss,,,True,3,0,77.19,141,5,4,True,0,0,0,heuristic,334,3
planning_decision__three_day_main_effect__main_loss_loss1__run3__8d40bb5c.json,8d40bb5c,planning_decision,3,three_day_main_effect,main_loss_loss1,main_effect,0,0,0,1,,loss,,,True,3,0,65.44,185,5,5,True,0,0,0,heuristic,521,3
planning_decision__three_day_main_effect__main_loss_loss1__run4__56d1b234.json,56d1b234,planning_decision,4,three_day_main_effect,main_loss_loss1,main_effect,0,0,0,1,,loss,,,True,3,0,79.18,281,5,5,True,0,0,0,heuristic,888,3
planning_decision__three_day_main_effect__main_loss_loss1__run5__a1915fd3.json,a1915fd3,planning_decision,5,three_day_main_effect,main_loss_loss1,main_effect,0,0,0,1,,loss,,,True,3,0,74.38,253,5,5,True,0,0,0,heuristic,763,3
planning_decision__three_day_main_effect__main_loss_loss20__run1__d4c08084.json,d4c08084,planning_decision,1,three_day_main_effect,main_loss_loss20,main_effect,0,0,0,20,,loss,,,True,3,0,70.13,281,5,5,True,0,0,0,heuristic,889,3
planning_decision__three_day_main_effect__main_loss_loss20__run2__f8cb6a41.json,f8cb6a41,planning_decision,2,three_day_main_effect,main_loss_loss20,main_effect,0,0,0,20,,loss,,,True,3,0,82.06,173,5,5,True,0,0,0,heuristic,408,3
planning_decision__three_day_main_effect__main_loss_loss20__run3__c492f81a.json,c492f81a,planning_decision,3,three_day_main_effect,main_loss_loss20,main_effect,0,0,0,20,,loss,,,True,3,0,87.79,230,5,5,True,0,0,0,heuristic,679,3
planning_decision__three_day_main_effect__main_loss_loss20__run4__f087730d.json,f087730d,planning_decision,4,three_day_main_effect,main_loss_loss20,main_effect,0,0,0,20,,loss,,,True,3,0,67.8,258,5,5,True,0,0,0,heuristic,802,3
planning_decision__three_day_main_effect__main_loss_loss20__run5__683344e0.json,683344e0,planning_decision,5,three_day_main_effect,main_loss_loss20,main_effect,0,0,0,20,,loss,,,True,3,0,61.01,260,5,5,True,0,0,0,heuristic,739,3
planning_decision__three_day_main_effect__main_loss_loss25__run1__1c2d67cd.json,1c2d67cd,planning_decision,1,three_day_main_effect,main_loss_loss25,main_effect,0,0,0,25,,loss,,,True,3,0,85.69,247,5,5,True,0,0,0,heuristic,712,3
planning_decision__three_day_main_effect__main_loss_loss25__run2__f5590cec.json,f5590cec,planning_decision,2,three_day_main_effect,main_loss_loss25,main_effect,0,0,0,25,,loss,,,True,3,0,61.98,253,5,4,True,0,0,0,heuristic,778,3
planning_decision__three_day_main_effect__main_loss_loss25__run3__ee09c677.json,ee09c677,planning_decision,3,three_day_main_effect,main_loss_loss25,main_effect,0,0,0,25,,loss,,,True,3,0,305.89,278,5,4,True,0,0,0,heuristic,800,3
planning_decision__three_day_main_effect__main_loss_loss25__run4__0488273d.json,0488273d,planning_decision,4,three_day_main_effect,main_loss_loss25,main_effect,0,0,0,25,,loss,,,True,3,0,133.99,320,5,4,True,0,0,0,heuristic,977,3
planning_decision__three_day_main_effect__main_loss_loss25__run5__85f95c4b.json,85f95c4b,planning_decision,5,three_day_main_effect,main_loss_loss25,main_effect,0,0,0,25,,loss,,,True,3,0,79.0,240,5,5,True,0,0,0,heuristic,720,3
planning_decision__three_day_main_effect__main_loss_loss30__run1__1eeb36d5.json,1eeb36d5,planning_decision,1,three_day_main_effect,main_loss_loss30,main_effect,0,0,0,30,,loss,,,True,3,0,262.33,234,5,5,True,0,0,0,heuristic,703,3
planning_decision__three_day_main_effect__main_loss_loss30__run2__147b2c22.json,147b2c22,planning_decision,2,three_day_main_effect,main_loss_loss30,main_effect,0,0,0,30,,loss,,,True,3,0,90.46,250,5,5,True,0,0,0,heuristic,767,3
planning_decision__three_day_main_effect__main_loss_loss30__run3__1d87e3c8.json,1d87e3c8,planning_decision,3,three_day_main_effect,main_loss_loss30,main_effect,0,0,0,30,,loss,,,True,3,0,105.84,294,5,5,True,0,0,0,heuristic,941,3
planning_decision__three_day_main_effect__main_loss_loss30__run4__9e9a2e2b.json,9e9a2e2b,planning_decision,4,three_day_main_effect,main_loss_loss30,main_effect,0,0,0,30,,loss,,,True,6,1,297.93,782,4,5,True,0,0,1,heuristic,661,6
planning_decision__three_day_main_effect__main_loss_loss30__run5__a31ae0de.json,a31ae0de,planning_decision,5,three_day_main_effect,main_loss_loss30,main_effect,0,0,0,30,,loss,,,True,3,0,65.74,244,5,5,True,0,0,0,heuristic,697,3
planning_decision__three_day_main_effect__main_loss_loss40__run1__6cdde740.json,6cdde740,planning_decision,1,three_day_main_effect,main_loss_loss40,main_effect,0,0,0,40,,loss,,,True,3,0,83.4,173,5,5,True,0,0,0,heuristic,458,3
planning_decision__three_day_main_effect__main_loss_loss40__run2__3f024125.json,3f024125,planning_decision,2,three_day_main_effect,main_loss_loss40,main_effect,0,0,0,40,,loss,,,True,6,1,218.71,575,5,5,True,0,0,1,heuristic,371,6
planning_decision__three_day_main_effect__main_loss_loss40__run3__636f6493.json,636f6493,planning_decision,3,three_day_main_effect,main_loss_loss40,main_effect,0,0,0,40,,loss,,,True,3,0,92.74,276,5,4,True,0,0,0,heuristic,870,3
planning_decision__three_day_main_effect__main_loss_loss40__run4__a3d6d439.json,a3d6d439,planning_decision,4,three_day_main_effect,main_loss_loss40,main_effect,0,0,0,40,,loss,,,True,3,0,64.76,253,5,4,True,0,0,0,heuristic,778,3
planning_decision__three_day_main_effect__main_loss_loss40__run5__f4884dd9.json,f4884dd9,planning_decision,5,three_day_main_effect,main_loss_loss40,main_effect,0,0,0,40,,loss,,,True,3,0,77.3,308,5,5,True,0,0,0,heuristic,920,3
planning_decision__three_day_main_effect__main_loss_loss50__run1__267d03db.json,267d03db,planning_decision,1,three_day_main_effect,main_loss_loss50,main_effect,0,0,0,50,,loss,,,True,3,0,179.39,271,5,5,True,0,0,0,heuristic,683,3
planning_decision__three_day_main_effect__main_loss_loss50__run2__b2993bcb.json,b2993bcb,planning_decision,2,three_day_main_effect,main_loss_loss50,main_effect,0,0,0,50,,loss,,,True,3,0,85.61,257,5,5,True,0,0,0,heuristic,780,3
planning_decision__three_day_main_effect__main_loss_loss50__run3__6284714e.json,6284714e,planning_decision,3,three_day_main_effect,main_loss_loss50,main_effect,0,0,0,50,,loss,,,True,6,1,293.54,716,5,5,True,0,0,1,heuristic,829,6
planning_decision__three_day_main_effect__main_loss_loss50__run4__47b79bd7.json,47b79bd7,planning_decision,4,three_day_main_effect,main_loss_loss50,main_effect,0,0,0,50,,loss,,,True,3,0,80.12,237,5,4,True,0,0,0,heuristic,702,3
planning_decision__three_day_main_effect__main_loss_loss50__run5__54393dd2.json,54393dd2,planning_decision,5,three_day_main_effect,main_loss_loss50,main_effect,0,0,0,50,,loss,,,True,3,0,195.75,216,5,4,True,0,0,0,heuristic,631,3
planning_decision__three_day_main_effect__main_loss_loss5__run1__aafcbc44.json,aafcbc44,planning_decision,1,three_day_main_effect,main_loss_loss5,main_effect,0,0,0,5,,loss,,,True,3,0,68.24,219,5,5,True,0,0,0,heuristic,625,3
planning_decision__three_day_main_effect__main_loss_loss5__run2__ec0a0063.json,ec0a0063,planning_decision,2,three_day_main_effect,main_loss_loss5,main_effect,0,0,0,5,,loss,,,True,3,0,62.78,256,5,5,True,0,0,0,heuristic,721,3
planning_decision__three_day_main_effect__main_loss_loss5__run3__f05d4872.json,f05d4872,planning_decision,3,three_day_main_effect,main_loss_loss5,main_effect,0,0,0,5,,loss,,,True,3,0,76.69,275,5,5,True,0,0,0,heuristic,735,3
planning_decision__three_day_main_effect__main_loss_loss5__run4__e1b61410.json,e1b61410,planning_decision,4,three_day_main_effect,main_loss_loss5,main_effect,0,0,0,5,,loss,,,True,3,0,79.49,289,5,5,True,0,0,0,heuristic,903,3
planning_decision__three_day_main_effect__main_loss_loss5__run5__7922c123.json,7922c123,planning_decision,5,three_day_main_effect,main_loss_loss5,main_effect,0,0,0,5,,loss,,,True,3,0,67.73,280,5,5,True,0,0,0,heuristic,834,3
planning_decision__three_day_main_effect__main_loss_loss75__run1__5722c62a.json,5722c62a,planning_decision,1,three_day_main_effect,main_loss_loss75,main_effect,0,0,0,75,,loss,,,True,3,0,228.76,232,5,5,True,0,0,0,heuristic,652,3
planning_decision__three_day_main_effect__main_loss_loss75__run2__fe0ce9bc.json,fe0ce9bc,planning_decision,2,three_day_main_effect,main_loss_loss75,main_effect,0,0,0,75,,loss,,,False,1,0,485.8,222,,1,False,2,0,5,heuristic,387,4
planning_decision__three_day_main_effect__main_loss_loss75__run3__dc912337.json,dc912337,planning_decision,3,three_day_main_effect,main_loss_loss75,main_effect,0,0,0,75,,loss,,,True,3,0,502.47,278,5,5,True,0,1,2,heuristic,683,4
planning_decision__three_day_main_effect__main_loss_loss75__run4__d94c7714.json,d94c7714,planning_decision,4,three_day_main_effect,main_loss_loss75,main_effect,0,0,0,75,,loss,,,True,3,0,776.59,488,5,4,True,0,0,2,heuristic,829,5
planning_decision__three_day_main_effect__main_loss_loss75__run5__6ffc87e3.json,6ffc87e3,planning_decision,5,three_day_main_effect,main_loss_loss75,main_effect,0,0,0,75,,loss,,,True,3,0,183.51,265,5,4,True,0,0,0,heuristic,804,3
research_summary__r01_m01__sideA__three_day_tournament__factorial_baseline__run1__f227114b.json,f227114b,research_summary,1,three_day_tournament,factorial_baseline,factorial,0,0,0,0,,,r01_m01,A,True,3,0,99.76,327,5,5,True,0,0,0,heuristic,1096,3
research_summary__r01_m01__sideB__three_day_tournament__factorial_delay_loss_jitter__run1__3c411d17.json,3c411d17,research_summary,1,three_day_tournament,factorial_delay_loss_jitter,factorial,300,300,30,5,,,r01_m01,B,True,3,0,109.8,290,5,2,False,0,0,0,heuristic,973,3
research_summary__r01_m02__sideA__three_day_tournament__factorial_jitter__run1__6e9bb78e.json,6e9bb78e,research_summary,1,three_day_tournament,factorial_jitter,factorial,50,0,30,0,,,r01_m02,A,True,3,0,155.86,302,5,4,True,0,0,0,heuristic,1007,3
research_summary__r01_m02__sideB__three_day_tournament__factorial_delay_loss__run1__f5337e0a.json,f5337e0a,research_summary,1,three_day_tournament,factorial_delay_loss,factorial,300,300,0,5,,,r01_m02,B,True,6,1,267.75,803,5,4,True,0,0,1,heuristic,796,6
research_summary__r01_m03__sideA__three_day_tournament__factorial_loss__run1__2e8589bc.json,2e8589bc,research_summary,1,three_day_tournament,factorial_loss,factorial,0,0,0,5,,,r01_m03,A,True,3,0,108.01,397,5,4,True,0,0,0,heuristic,1350,3
research_summary__r01_m03__sideB__three_day_tournament__factorial_delay_jitter__run1__d40137a9.json,d40137a9,research_summary,1,three_day_tournament,factorial_delay_jitter,factorial,300,300,30,0,,,r01_m03,B,True,3,0,116.98,308,5,4,True,0,0,0,heuristic,995,3
research_summary__r01_m04__sideA__three_day_tournament__factorial_loss_jitter__run1__8eac3705.json,8eac3705,research_summary,1,three_day_tournament,factorial_loss_jitter,factorial,50,0,30,5,,,r01_m04,A,True,6,1,351.61,409,5,2,False,0,0,1,heuristic,401,6
research_summary__r01_m04__sideB__three_day_tournament__factorial_delay__run1__9828f8f3.json,9828f8f3,research_summary,1,three_day_tournament,factorial_delay,factorial,300,300,0,0,,,r01_m04,B,True,3,0,256.12,242,5,3,False,0,0,0,heuristic,732,3
research_summary__r02_m01__sideA__three_day_tournament__factorial_baseline__run1__379f4314.json,379f4314,research_summary,1,three_day_tournament,factorial_baseline,factorial,0,0,0,0,,,r02_m01,A,True,3,0,117.46,312,5,4,True,0,0,0,heuristic,1010,3
research_summary__r02_m01__sideB__three_day_tournament__factorial_delay_loss__run1__fccd3431.json,fccd3431,research_summary,1,three_day_tournament,factorial_delay_loss,factorial,300,300,0,5,,,r02_m01,B,True,3,0,245.57,446,5,5,True,0,0,0,heuristic,1594,3
research_summary__r02_m02__sideA__three_day_tournament__factorial_delay_loss_jitter__run1__6ee8196b.json,6ee8196b,research_summary,1,three_day_tournament,factorial_delay_loss_jitter,factorial,300,300,30,5,,,r02_m02,A,True,3,0,135.61,254,5,4,True,0,0,0,heuristic,829,3
research_summary__r02_m02__sideB__three_day_tournament__factorial_delay_jitter__run1__a7a2b612.json,a7a2b612,research_summary,1,three_day_tournament,factorial_delay_jitter,factorial,300,300,30,0,,,r02_m02,B,True,3,0,249.18,288,5,5,True,0,0,0,heuristic,934,3
research_summary__r02_m03__sideA__three_day_tournament__factorial_jitter__run1__96e35cc7.json,96e35cc7,research_summary,1,three_day_tournament,factorial_jitter,factorial,50,0,30,0,,,r02_m03,A,True,3,0,146.31,401,5,4,True,0,0,0,heuristic,1394,3
research_summary__r02_m03__sideB__three_day_tournament__factorial_delay__run1__acc4a33d.json,acc4a33d,research_summary,1,three_day_tournament,factorial_delay,factorial,300,300,0,0,,,r02_m03,B,True,3,0,151.26,612,5,5,True,0,0,0,heuristic,2226,3
research_summary__r02_m04__sideA__three_day_tournament__factorial_loss__run1__3fb588fa.json,3fb588fa,research_summary,1,three_day_tournament,factorial_loss,factorial,0,0,0,5,,,r02_m04,A,True,3,0,132.59,436,5,4,True,0,0,0,heuristic,1536,3
research_summary__r02_m04__sideB__three_day_tournament__factorial_loss_jitter__run1__90aa58d4.json,90aa58d4,research_summary,1,three_day_tournament,factorial_loss_jitter,factorial,50,0,30,5,,,r02_m04,B,True,3,0,262.89,382,5,5,True,0,0,0,heuristic,1298,3
research_summary__r03_m01__sideA__three_day_tournament__factorial_baseline__run1__af3a3da9.json,af3a3da9,research_summary,1,three_day_tournament,factorial_baseline,factorial,0,0,0,0,,,r03_m01,A,True,3,0,164.42,292,5,4,True,0,0,0,heuristic,966,3
research_summary__r03_m01__sideB__three_day_tournament__factorial_delay_jitter__run1__dd350203.json,dd350203,research_summary,1,three_day_tournament,factorial_delay_jitter,factorial,300,300,30,0,,,r03_m01,B,True,3,0,224.47,240,5,3,False,0,0,0,heuristic,748,3
research_summary__r03_m02__sideA__three_day_tournament__factorial_delay_loss__run1__b8eac740.json,b8eac740,research_summary,1,three_day_tournament,factorial_delay_loss,factorial,300,300,0,5,,,r03_m02,A,True,3,0,113.66,312,5,4,True,0,0,0,heuristic,996,3
research_summary__r03_m02__sideB__three_day_tournament__factorial_delay__run1__41a8db53.json,41a8db53,research_summary,1,three_day_tournament,factorial_delay,factorial,300,300,0,0,,,r03_m02,B,True,3,0,121.65,328,5,4,True,0,0,0,heuristic,1130,3
research_summary__r03_m03__sideA__three_day_tournament__factorial_delay_loss_jitter__run1__89986eae.json,89986eae,research_summary,1,three_day_tournament,factorial_delay_loss_jitter,factorial,300,300,30,5,,,r03_m03,A,True,3,0,108.2,252,5,4,True,0,0,0,heuristic,787,3
research_summary__r03_m03__sideB__three_day_tournament__factorial_loss_jitter__run1__d61bf400.json,d61bf400,research_summary,1,three_day_tournament,factorial_loss_jitter,factorial,50,0,30,5,,,r03_m03,B,True,3,0,145.83,359,5,4,True,0,0,0,heuristic,1217,3
research_summary__r03_m04__sideA__three_day_tournament__factorial_jitter__run1__e041eada.json,e041eada,research_summary,1,three_day_tournament,factorial_jitter,factorial,50,0,30,0,,,r03_m04,A,True,3,0,116.75,210,5,4,True,0,0,0,heuristic,624,3
research_summary__r03_m04__sideB__three_day_tournament__factorial_loss__run1__94c84001.json,94c84001,research_summary,1,three_day_tournament,factorial_loss,factorial,0,0,0,5,,,r03_m04,B,True,3,0,115.46,226,5,3,False,0,0,0,heuristic,682,3
research_summary__r04_m01__sideA__three_day_tournament__factorial_baseline__run1__d68dfb97.json,d68dfb97,research_summary,1,three_day_tournament,factorial_baseline,factorial,0,0,0,0,,,r04_m01,A,True,3,0,144.07,395,5,4,True,0,0,0,heuristic,1355,3
research_summary__r04_m01__sideB__three_day_tournament__factorial_delay__run1__3067f242.json,3067f242,research_summary,1,three_day_tournament,factorial_delay,factorial,300,300,0,0,,,r04_m01,B,True,3,0,219.24,184,5,4,True,0,0,0,heuristic,506,3
research_summary__r04_m02__sideA__three_day_tournament__factorial_delay_jitter__run1__c6b798de.json,c6b798de,research_summary,1,three_day_tournament,factorial_delay_jitter,factorial,300,300,30,0,,,r04_m02,A,True,6,1,634.08,883,5,5,True,0,0,1,heuristic,798,6
research_summary__r04_m02__sideB__three_day_tournament__factorial_loss_jitter__run1__7e2fb95c.json,7e2fb95c,research_summary,1,three_day_tournament,factorial_loss_jitter,factorial,50,0,30,5,,,r04_m02,B,True,3,0,149.5,211,5,2,False,0,0,0,heuristic,589,3
research_summary__r04_m03__sideA__three_day_tournament__factorial_delay_loss__run1__16936ac7.json,16936ac7,research_summary,1,three_day_tournament,factorial_delay_loss,factorial,300,300,0,5,,,r04_m03,A,True,3,0,166.37,219,4,2,False,0,0,0,heuristic,582,3
research_summary__r04_m03__sideB__three_day_tournament__factorial_loss__run1__b10e1a1e.json,b10e1a1e,research_summary,1,three_day_tournament,factorial_loss,factorial,0,0,0,5,,,r04_m03,B,True,3,0,141.25,218,5,2,False,0,0,0,heuristic,660,3
research_summary__r04_m04__sideA__three_day_tournament__factorial_delay_loss_jitter__run1__72acbc42.json,72acbc42,research_summary,1,three_day_tournament,factorial_delay_loss_jitter,factorial,300,300,30,5,,,r04_m04,A,True,3,0,140.42,429,5,4,True,0,0,0,heuristic,1473,3
research_summary__r04_m04__sideB__three_day_tournament__factorial_jitter__run1__8cf54de5.json,8cf54de5,research_summary,1,three_day_tournament,factorial_jitter,factorial,50,0,30,0,,,r04_m04,B,True,6,1,330.41,880,5,4,True,0,0,1,heuristic,1387,6
research_summary__r05_m01__sideA__three_day_tournament__factorial_baseline__run1__55503afe.json,55503afe,research_summary,1,three_day_tournament,factorial_baseline,factorial,0,0,0,0,,,r05_m01,A,True,3,0,155.15,220,5,4,True,0,0,0,heuristic,661,3
research_summary__r05_m01__sideB__three_day_tournament__factorial_loss_jitter__run1__208ff2ee.json,208ff2ee,research_summary,1,three_day_tournament,factorial_loss_jitter,factorial,50,0,30,5,,,r05_m01,B,True,3,0,175.58,205,5,4,True,0,0,0,heuristic,555,3
research_summary__r05_m02__sideA__three_day_tournament__factorial_delay__run1__5891a623.json,5891a623,research_summary,1,three_day_tournament,factorial_delay,factorial,300,300,0,0,,,r05_m02,A,True,3,0,136.27,244,4,3,False,0,0,0,heuristic,773,3
research_summary__r05_m02__sideB__three_day_tournament__factorial_loss__run1__01f8f4e4.json,01f8f4e4,research_summary,1,three_day_tournament,factorial_loss,factorial,0,0,0,5,,,r05_m02,B,True,3,0,114.42,238,4,4,True,0,0,0,heuristic,754,3
research_summary__r05_m03__sideA__three_day_tournament__factorial_delay_jitter__run1__fcbd5297.json,fcbd5297,research_summary,1,three_day_tournament,factorial_delay_jitter,factorial,300,300,30,0,,,r05_m03,A,True,3,0,103.54,208,5,3,False,0,0,0,heuristic,634,3
research_summary__r05_m03__sideB__three_day_tournament__factorial_jitter__run1__f262fb43.json,f262fb43,research_summary,1,three_day_tournament,factorial_jitter,factorial,50,0,30,0,,,r05_m03,B,True,3,0,218.55,294,5,5,True,0,0,0,heuristic,980,3
research_summary__r05_m04__sideA__three_day_tournament__factorial_delay_loss__run1__5b3503ef.json,5b3503ef,research_summary,1,three_day_tournament,factorial_delay_loss,factorial,300,300,0,5,,,r05_m04,A,True,3,0,96.03,239,5,4,True,0,0,0,heuristic,730,3
research_summary__r05_m04__sideB__three_day_tournament__factorial_delay_loss_jitter__run1__43a8ef57.json,43a8ef57,research_summary,1,three_day_tournament,factorial_delay_loss_jitter,factorial,300,300,30,5,,,r05_m04,B,True,3,0,110.68,307,5,4,True,0,0,0,heuristic,1002,3
research_summary__r06_m01__sideA__three_day_tournament__factorial_baseline__run1__ce62b431.json,ce62b431,research_summary,1,three_day_tournament,factorial_baseline,factorial,0,0,0,0,,,r06_m01,A,True,3,0,117.84,252,5,4,True,0,0,0,heuristic,767,3
research_summary__r06_m01__sideB__three_day_tournament__factorial_loss__run1__001730d4.json,001730d4,research_summary,1,three_day_tournament,factorial_loss,factorial,0,0,0,5,,,r06_m01,B,True,3,0,252.05,365,5,5,True,0,0,0,heuristic,1265,3
research_summary__r06_m02__sideA__three_day_tournament__factorial_loss_jitter__run1__d512ca87.json,d512ca87,research_summary,1,three_day_tournament,factorial_loss_jitter,factorial,50,0,30,5,,,r06_m02,A,True,3,0,265.05,393,5,4,True,0,0,0,heuristic,1367,3
research_summary__r06_m02__sideB__three_day_tournament__factorial_jitter__run1__72d97cda.json,72d97cda,research_summary,1,three_day_tournament,factorial_jitter,factorial,50,0,30,0,,,r06_m02,B,True,3,0,111.56,263,5,4,True,0,0,0,heuristic,847,3
research_summary__r06_m03__sideA__three_day_tournament__factorial_delay__run1__03bc7585.json,03bc7585,research_summary,1,three_day_tournament,factorial_delay,factorial,300,300,0,0,,,r06_m03,A,True,6,1,358.66,733,5,4,True,0,0,1,heuristic,875,6
research_summary__r06_m03__sideB__three_day_tournament__factorial_delay_loss_jitter__run1__3f04f148.json,3f04f148,research_summary,1,three_day_tournament,factorial_delay_loss_jitter,factorial,300,300,30,5,,,r06_m03,B,True,3,0,115.14,205,5,3,False,0,0,0,heuristic,607,3
research_summary__r06_m04__sideA__three_day_tournament__factorial_delay_jitter__run1__c1e3ac62.json,c1e3ac62,research_summary,1,three_day_tournament,factorial_delay_jitter,factorial,300,300,30,0,,,r06_m04,A,True,3,0,119.6,288,5,4,True,0,0,0,heuristic,906,3
research_summary__r06_m04__sideB__three_day_tournament__factorial_delay_loss__run1__c214815a.json,c214815a,research_summary,1,three_day_tournament,factorial_delay_loss,factorial,300,300,0,5,,,r06_m04,B,True,3,0,123.03,228,5,4,True,0,0,0,heuristic,722,3
research_summary__r07_m01__sideA__three_day_tournament__factorial_baseline__run1__1ef2e4b1.json,1ef2e4b1,research_summary,1,three_day_tournament,factorial_baseline,factorial,0,0,0,0,,,r07_m01,A,True,3,0,117.31,233,5,2,False,0,0,0,heuristic,745,3
research_summary__r07_m01__sideB__three_day_tournament__factorial_jitter__run1__cb3428a5.json,cb3428a5,research_summary,1,three_day_tournament,factorial_jitter,factorial,50,0,30,0,,,r07_m01,B,True,3,0,138.02,299,5,4,True,0,0,0,heuristic,960,3
research_summary__r07_m02__sideA__three_day_tournament__factorial_loss__run1__5d52de15.json,5d52de15,research_summary,1,three_day_tournament,factorial_loss,factorial,0,0,0,5,,,r07_m02,A,True,3,0,128.5,278,5,4,True,0,0,0,heuristic,891,3
research_summary__r07_m02__sideB__three_day_tournament__factorial_delay_loss_jitter__run1__3c472777.json,3c472777,research_summary,1,three_day_tournament,factorial_delay_loss_jitter,factorial,300,300,30,5,,,r07_m02,B,True,3,0,103.47,248,5,3,False,0,0,0,heuristic,804,3
research_summary__r07_m03__sideA__three_day_tournament__factorial_loss_jitter__run1__51c3c367.json,51c3c367,research_summary,1,three_day_tournament,factorial_loss_jitter,factorial,50,0,30,5,,,r07_m03,A,True,3,0,113.96,432,5,4,True,0,0,0,heuristic,1523,3
research_summary__r07_m03__sideB__three_day_tournament__factorial_delay_loss__run1__47ad176f.json,47ad176f,research_summary,1,three_day_tournament,factorial_delay_loss,factorial,300,300,0,5,,,r07_m03,B,True,3,0,108.97,298,5,2,False,0,0,0,heuristic,979,3
research_summary__r07_m04__sideA__three_day_tournament__factorial_delay__run1__daca8ffb.json,daca8ffb,research_summary,1,three_day_tournament,factorial_delay,factorial,300,300,0,0,,,r07_m04,A,True,3,0,146.79,345,5,5,True,0,0,0,heuristic,1145,3
research_summary__r07_m04__sideB__three_day_tournament__factorial_delay_jitter__run1__bbc0f03a.json,bbc0f03a,research_summary,1,three_day_tournament,factorial_delay_jitter,factorial,300,300,30,0,,,r07_m04,B,True,3,0,106.13,263,5,3,False,0,0,0,heuristic,837,3
research_summary__three_day_baseline_extra__combined_d0000_loss0_j000__run10__279092f0.json,279092f0,research_summary,10,three_day_baseline_extra,combined_d0000_loss0_j000,combined,0,0,0,0,,,,,True,3,0,111.83,368,5,4,True,0,0,0,heuristic,1269,3
research_summary__three_day_baseline_extra__combined_d0000_loss0_j000__run11__b9ecc55e.json,b9ecc55e,research_summary,11,three_day_baseline_extra,combined_d0000_loss0_j000,combined,0,0,0,0,,,,,True,3,0,116.29,353,5,5,True,0,0,0,heuristic,1204,3
research_summary__three_day_baseline_extra__combined_d0000_loss0_j000__run12__1c6868fc.json,1c6868fc,research_summary,12,three_day_baseline_extra,combined_d0000_loss0_j000,combined,0,0,0,0,,,,,True,6,1,289.98,528,5,2,False,0,0,1,heuristic,830,6
research_summary__three_day_baseline_extra__combined_d0000_loss0_j000__run13__97222505.json,97222505,research_summary,13,three_day_baseline_extra,combined_d0000_loss0_j000,combined,0,0,0,0,,,,,True,3,0,138.73,324,5,5,True,0,0,0,heuristic,1069,3
research_summary__three_day_baseline_extra__combined_d0000_loss0_j000__run14__bf236286.json,bf236286,research_summary,14,three_day_baseline_extra,combined_d0000_loss0_j000,combined,0,0,0,0,,,,,True,3,0,95.07,211,5,3,False,0,0,0,heuristic,651,3
research_summary__three_day_baseline_extra__combined_d0000_loss0_j000__run15__4c344b3d.json,4c344b3d,research_summary,15,three_day_baseline_extra,combined_d0000_loss0_j000,combined,0,0,0,0,,,,,True,3,0,104.19,231,5,5,True,0,0,0,heuristic,718,3
research_summary__three_day_baseline_extra__combined_d0000_loss0_j000__run16__53801750.json,53801750,research_summary,16,three_day_baseline_extra,combined_d0000_loss0_j000,combined,0,0,0,0,,,,,True,3,0,89.0,230,4,3,False,0,0,0,heuristic,729,3
research_summary__three_day_baseline_extra__combined_d0000_loss0_j000__run17__5563e4fc.json,5563e4fc,research_summary,17,three_day_baseline_extra,combined_d0000_loss0_j000,combined,0,0,0,0,,,,,True,3,0,122.09,207,5,3,False,0,0,0,heuristic,612,3
research_summary__three_day_baseline_extra__combined_d0000_loss0_j000__run18__47a781f4.json,47a781f4,research_summary,18,three_day_baseline_extra,combined_d0000_loss0_j000,combined,0,0,0,0,,,,,True,6,1,373.01,1366,5,5,True,0,0,1,heuristic,1576,6
research_summary__three_day_baseline_extra__combined_d0000_loss0_j000__run19__ef8faca6.json,ef8faca6,research_summary,19,three_day_baseline_extra,combined_d0000_loss0_j000,combined,0,0,0,0,,,,,True,3,0,145.55,464,5,4,True,0,0,0,heuristic,1648,3
research_summary__three_day_baseline_extra__combined_d0000_loss0_j000__run1__c314bd7f.json,c314bd7f,research_summary,1,three_day_baseline_extra,combined_d0000_loss0_j000,combined,0,0,0,0,,,,,True,3,0,95.8,277,5,4,True,0,0,0,heuristic,893,3
research_summary__three_day_baseline_extra__combined_d0000_loss0_j000__run20__721a1bd3.json,721a1bd3,research_summary,20,three_day_baseline_extra,combined_d0000_loss0_j000,combined,0,0,0,0,,,,,True,3,0,136.2,211,5,4,True,0,0,0,heuristic,643,3
research_summary__three_day_baseline_extra__combined_d0000_loss0_j000__run2__5cab6b67.json,5cab6b67,research_summary,2,three_day_baseline_extra,combined_d0000_loss0_j000,combined,0,0,0,0,,,,,True,3,0,92.63,229,5,3,False,0,0,0,heuristic,686,3
research_summary__three_day_baseline_extra__combined_d0000_loss0_j000__run3__c25a122c.json,c25a122c,research_summary,3,three_day_baseline_extra,combined_d0000_loss0_j000,combined,0,0,0,0,,,,,True,3,0,95.1,289,5,3,False,0,0,0,heuristic,941,3
research_summary__three_day_baseline_extra__combined_d0000_loss0_j000__run4__2404ab34.json,2404ab34,research_summary,4,three_day_baseline_extra,combined_d0000_loss0_j000,combined,0,0,0,0,,,,,True,3,0,217.65,256,5,4,True,0,0,0,heuristic,799,3
research_summary__three_day_baseline_extra__combined_d0000_loss0_j000__run5__3630a40e.json,3630a40e,research_summary,5,three_day_baseline_extra,combined_d0000_loss0_j000,combined,0,0,0,0,,,,,True,3,0,115.75,251,5,3,False,0,0,0,heuristic,774,3
research_summary__three_day_baseline_extra__combined_d0000_loss0_j000__run6__28b65ee1.json,28b65ee1,research_summary,6,three_day_baseline_extra,combined_d0000_loss0_j000,combined,0,0,0,0,,,,,True,3,0,131.29,462,5,4,True,0,0,0,heuristic,1626,3
research_summary__three_day_baseline_extra__combined_d0000_loss0_j000__run7__e463c71f.json,e463c71f,research_summary,7,three_day_baseline_extra,combined_d0000_loss0_j000,combined,0,0,0,0,,,,,True,3,0,102.87,352,5,5,True,0,0,0,heuristic,1202,3
research_summary__three_day_baseline_extra__combined_d0000_loss0_j000__run8__a007f7c8.json,a007f7c8,research_summary,8,three_day_baseline_extra,combined_d0000_loss0_j000,combined,0,0,0,0,,,,,True,3,0,202.89,274,5,4,True,0,0,0,heuristic,895,3
research_summary__three_day_baseline_extra__combined_d0000_loss0_j000__run9__5abe05a8.json,5abe05a8,research_summary,9,three_day_baseline_extra,combined_d0000_loss0_j000,combined,0,0,0,0,,,,,True,3,0,95.42,287,5,3,False,0,0,0,heuristic,931,3
research_summary__three_day_combined_sample__combined_d0000_loss0_j000__run1__87eeb4ac.json,87eeb4ac,research_summary,1,three_day_combined_sample,combined_d0000_loss0_j000,combined,0,0,0,0,,,,,True,3,0,110.76,226,5,3,False,0,0,0,heuristic,711,3
research_summary__three_day_combined_sample__combined_d0000_loss0_j001__run1__8cedf308.json,8cedf308,research_summary,1,three_day_combined_sample,combined_d0000_loss0_j001,combined,50,0,1,0,,,,,True,3,0,100.19,288,5,4,True,0,0,0,heuristic,940,3
research_summary__three_day_combined_sample__combined_d0000_loss0_j020__run1__b29ec395.json,b29ec395,research_summary,1,three_day_combined_sample,combined_d0000_loss0_j020,combined,50,0,20,0,,,,,True,3,0,152.73,760,5,5,True,0,0,0,heuristic,2817,3
research_summary__three_day_combined_sample__combined_d0000_loss0_j075__run1__6034e466.json,6034e466,research_summary,1,three_day_combined_sample,combined_d0000_loss0_j075,combined,50,0,75,0,,,,,True,3,0,107.94,411,5,4,True,0,0,0,heuristic,1415,3
research_summary__three_day_combined_sample__combined_d0000_loss10_j020__run1__412d9dc1.json,412d9dc1,research_summary,1,three_day_combined_sample,combined_d0000_loss10_j020,combined,50,0,20,10,,,,,True,3,0,110.34,251,5,4,True,0,0,0,heuristic,779,3
research_summary__three_day_combined_sample__combined_d0000_loss20_j000__run1__edfdc742.json,edfdc742,research_summary,1,three_day_combined_sample,combined_d0000_loss20_j000,combined,0,0,0,20,,,,,True,3,0,100.56,335,5,4,True,0,0,0,heuristic,1131,3
research_summary__three_day_combined_sample__combined_d0000_loss20_j020__run1__f7fe1332.json,f7fe1332,research_summary,1,three_day_combined_sample,combined_d0000_loss20_j020,combined,50,0,20,20,,,,,True,3,0,104.42,256,5,3,False,0,0,0,heuristic,876,3
research_summary__three_day_combined_sample__combined_d0000_loss20_j075__run1__da4f4f29.json,da4f4f29,research_summary,1,three_day_combined_sample,combined_d0000_loss20_j075,combined,50,0,75,20,,,,,True,3,0,100.75,282,5,4,True,0,0,0,heuristic,940,3
research_summary__three_day_combined_sample__combined_d0000_loss25_j075__run1__274df571.json,274df571,research_summary,1,three_day_combined_sample,combined_d0000_loss25_j075,combined,50,0,75,25,,,,,True,6,1,511.47,897,4,3,False,0,0,1,heuristic,1410,6
research_summary__three_day_combined_sample__combined_d0000_loss75_j000__run1__55b70372.json,55b70372,research_summary,1,three_day_combined_sample,combined_d0000_loss75_j000,combined,0,0,0,75,,,,,True,3,0,776.51,413,5,4,True,1,1,4,heuristic,1152,5
research_summary__three_day_combined_sample__combined_d0000_loss75_j005__run1__cdbd40c5.json,cdbd40c5,research_summary,1,three_day_combined_sample,combined_d0000_loss75_j005,combined,50,0,5,75,,,,,False,2,0,1146.14,717,,4,True,2,2,5,heuristic,1556,5
research_summary__three_day_combined_sample__combined_d0000_loss75_j020__run1__d69e9a03.json,d69e9a03,research_summary,1,three_day_combined_sample,combined_d0000_loss75_j020,combined,50,0,20,75,,,,,True,3,0,891.75,635,5,5,True,0,1,2,heuristic,1584,5
research_summary__three_day_combined_sample__combined_d0000_loss75_j075__run1__63e7f3e0.json,63e7f3e0,research_summary,1,three_day_combined_sample,combined_d0000_loss75_j075,combined,50,0,75,75,,,,,True,3,0,394.7,300,5,4,True,0,1,2,heuristic,863,4
research_summary__three_day_combined_sample__combined_d0050_loss20_j030__run1__c5b8ba0a.json,c5b8ba0a,research_summary,1,three_day_combined_sample,combined_d0050_loss20_j030,combined,50,50,30,20,,,,,True,3,0,234.41,463,5,5,True,0,0,0,heuristic,1621,3
research_summary__three_day_combined_sample__combined_d0050_loss40_j075__run1__c607bcbd.json,c607bcbd,research_summary,1,three_day_combined_sample,combined_d0050_loss40_j075,combined,50,50,75,40,,,,,True,3,0,138.48,236,5,4,True,0,0,0,heuristic,698,3
research_summary__three_day_combined_sample__combined_d0050_loss5_j025__run1__c5beb376.json,c5beb376,research_summary,1,three_day_combined_sample,combined_d0050_loss5_j025,combined,50,50,25,5,,,,,True,3,0,107.44,293,5,4,True,0,0,0,heuristic,984,3
research_summary__three_day_combined_sample__combined_d0100_loss15_j010__run1__c2212e3b.json,c2212e3b,research_summary,1,three_day_combined_sample,combined_d0100_loss15_j010,combined,100,100,10,15,,,,,True,3,0,110.66,243,5,3,False,0,0,0,heuristic,788,3
research_summary__three_day_combined_sample__combined_d0100_loss1_j001__run1__261d6cdd.json,261d6cdd,research_summary,1,three_day_combined_sample,combined_d0100_loss1_j001,combined,100,100,1,1,,,,,True,3,0,100.56,165,5,3,False,0,0,0,heuristic,454,3
research_summary__three_day_combined_sample__combined_d0100_loss30_j015__run1__191e8d59.json,191e8d59,research_summary,1,three_day_combined_sample,combined_d0100_loss30_j015,combined,100,100,15,30,,,,,True,3,0,125.8,206,4,3,False,0,0,0,heuristic,590,3
research_summary__three_day_combined_sample__combined_d0100_loss75_j025__run1__f5db83cc.json,f5db83cc,research_summary,1,three_day_combined_sample,combined_d0100_loss75_j025,combined,100,100,25,75,,,,,True,3,0,542.22,327,5,4,True,0,0,0,heuristic,1085,3
research_summary__three_day_combined_sample__combined_d0150_loss20_j075__run1__15c789e0.json,15c789e0,research_summary,1,three_day_combined_sample,combined_d0150_loss20_j075,combined,150,150,75,20,,,,,True,3,0,101.03,229,5,3,False,0,0,0,heuristic,712,3
research_summary__three_day_combined_sample__combined_d0150_loss50_j001__run1__0ce6a459.json,0ce6a459,research_summary,1,three_day_combined_sample,combined_d0150_loss50_j001,combined,150,150,1,50,,,,,True,3,0,89.49,237,5,3,False,0,0,0,heuristic,732,3
research_summary__three_day_combined_sample__combined_d0150_loss5_j050__run1__664aa1aa.json,664aa1aa,research_summary,1,three_day_combined_sample,combined_d0150_loss5_j050,combined,150,150,50,5,,,,,True,3,0,89.59,359,5,4,True,0,0,0,heuristic,1173,3
research_summary__three_day_combined_sample__combined_d0200_loss15_j015__run1__534075f0.json,534075f0,research_summary,1,three_day_combined_sample,combined_d0200_loss15_j015,combined,200,200,15,15,,,,,True,3,0,107.49,409,5,3,False,0,0,0,heuristic,1401,3
research_summary__three_day_combined_sample__combined_d0200_loss1_j010__run1__74778615.json,74778615,research_summary,1,three_day_combined_sample,combined_d0200_loss1_j010,combined,200,200,10,1,,,,,True,3,0,122.42,355,5,3,False,0,0,0,heuristic,1192,3
research_summary__three_day_combined_sample__combined_d0200_loss30_j025__run1__b7b04012.json,b7b04012,research_summary,1,three_day_combined_sample,combined_d0200_loss30_j025,combined,200,200,25,30,,,,,True,3,0,115.47,297,5,3,False,0,0,0,heuristic,1004,3
research_summary__three_day_combined_sample__combined_d0200_loss75_j050__run1__5c5c339e.json,5c5c339e,research_summary,1,three_day_combined_sample,combined_d0200_loss75_j050,combined,200,200,50,75,,,,,False,2,0,955.86,348,,5,True,2,2,5,heuristic,997,4
research_summary__three_day_combined_sample__combined_d0250_loss25_j001__run1__4d5c2152.json,4d5c2152,research_summary,1,three_day_combined_sample,combined_d0250_loss25_j001,combined,250,250,1,25,,,,,True,3,0,120.27,215,5,3,False,0,0,0,heuristic,635,3
research_summary__three_day_combined_sample__combined_d0250_loss50_j010__run1__ee40657c.json,ee40657c,research_summary,1,three_day_combined_sample,combined_d0250_loss50_j010,combined,250,250,10,50,,,,,True,3,0,112.84,363,5,3,False,0,0,0,heuristic,1222,3
research_summary__three_day_combined_sample__combined_d0250_loss5_j075__run1__c8642c11.json,c8642c11,research_summary,1,three_day_combined_sample,combined_d0250_loss5_j075,combined,250,250,75,5,,,,,True,3,0,96.61,332,5,4,True,0,0,0,heuristic,1137,3
research_summary__three_day_combined_sample__combined_d0300_loss15_j025__run1__49e85c42.json,49e85c42,research_summary,1,three_day_combined_sample,combined_d0300_loss15_j025,combined,300,300,25,15,,,,,True,3,0,106.35,310,5,4,True,0,0,0,heuristic,1007,3
research_summary__three_day_combined_sample__combined_d0300_loss1_j020__run1__80741b98.json,80741b98,research_summary,1,three_day_combined_sample,combined_d0300_loss1_j020,combined,300,300,20,1,,,,,True,3,0,95.76,208,4,3,False,0,0,0,heuristic,627,3
research_summary__three_day_combined_sample__combined_d0300_loss30_j050__run1__70b728f5.json,70b728f5,research_summary,1,three_day_combined_sample,combined_d0300_loss30_j050,combined,300,300,50,30,,,,,True,3,0,103.05,255,5,4,True,0,0,0,heuristic,812,3
research_summary__three_day_combined_sample__combined_d0350_loss0_j000__run1__9585a02c.json,9585a02c,research_summary,1,three_day_combined_sample,combined_d0350_loss0_j000,combined,350,350,0,0,,,,,True,3,0,130.04,288,4,2,False,0,0,0,heuristic,903,3
research_summary__three_day_combined_sample__combined_d0350_loss10_j001__run1__07f0484d.json,07f0484d,research_summary,1,three_day_combined_sample,combined_d0350_loss10_j001,combined,350,350,1,10,,,,,True,3,0,125.24,407,5,5,True,0,0,0,heuristic,1407,3
research_summary__three_day_combined_sample__combined_d0350_loss25_j010__run1__d1aa5b8c.json,d1aa5b8c,research_summary,1,three_day_combined_sample,combined_d0350_loss25_j010,combined,350,350,10,25,,,,,True,3,0,143.94,207,5,5,True,0,0,0,heuristic,682,3
research_summary__three_day_combined_sample__combined_d0350_loss50_j020__run1__43e57908.json,43e57908,research_summary,1,three_day_combined_sample,combined_d0350_loss50_j020,combined,350,350,20,50,,,,,True,3,0,127.83,426,5,5,True,0,0,0,heuristic,1492,3
research_summary__three_day_combined_sample__combined_d0400_loss15_j050__run1__9b93f974.json,9b93f974,research_summary,1,three_day_combined_sample,combined_d0400_loss15_j050,combined,400,400,50,15,,,,,True,3,0,98.67,231,5,4,True,0,0,0,heuristic,722,3
research_summary__three_day_combined_sample__combined_d0400_loss1_j025__run1__49de1617.json,49de1617,research_summary,1,three_day_combined_sample,combined_d0400_loss1_j025,combined,400,400,25,1,,,,,True,3,0,123.3,334,5,5,True,0,0,0,heuristic,1133,3
research_summary__three_day_combined_sample__combined_d0400_loss40_j000__run1__ce21e084.json,ce21e084,research_summary,1,three_day_combined_sample,combined_d0400_loss40_j000,combined,400,400,0,40,,,,,True,3,0,139.61,290,5,4,True,0,0,0,heuristic,933,3
research_summary__three_day_combined_sample__combined_d0450_loss0_j005__run1__27ba025a.json,27ba025a,research_summary,1,three_day_combined_sample,combined_d0450_loss0_j005,combined,450,450,5,0,,,,,True,3,0,112.97,323,5,5,True,0,0,0,heuristic,1111,3
research_summary__three_day_combined_sample__combined_d0450_loss10_j010__run1__ae08fc31.json,ae08fc31,research_summary,1,three_day_combined_sample,combined_d0450_loss10_j010,combined,450,450,10,10,,,,,True,3,0,131.0,406,5,4,True,0,0,0,heuristic,1391,3
research_summary__three_day_combined_sample__combined_d0450_loss25_j020__run1__a8909f1c.json,a8909f1c,research_summary,1,three_day_combined_sample,combined_d0450_loss25_j020,combined,450,450,20,25,,,,,True,3,0,110.02,351,5,4,True,0,0,0,heuristic,1179,3
research_summary__three_day_combined_sample__combined_d0450_loss50_j030__run1__14023497.json,14023497,research_summary,1,three_day_combined_sample,combined_d0450_loss50_j030,combined,450,450,30,50,,,,,True,3,0,182.25,626,5,5,True,0,0,0,heuristic,2279,3
research_summary__three_day_combined_sample__combined_d0500_loss0_j000__run1__e021dd28.json,e021dd28,research_summary,1,three_day_combined_sample,combined_d0500_loss0_j000,combined,500,500,0,0,,,,,True,3,0,1016.06,275,5,3,False,1,2,4,heuristic,638,5
research_summary__three_day_combined_sample__combined_d0500_loss0_j020__run1__c717b833.json,c717b833,research_summary,1,three_day_combined_sample,combined_d0500_loss0_j020,combined,500,500,20,0,,,,,True,3,0,125.64,244,5,5,True,0,0,0,heuristic,762,3
research_summary__three_day_combined_sample__combined_d0500_loss0_j075__run1__15b4d231.json,15b4d231,research_summary,1,three_day_combined_sample,combined_d0500_loss0_j075,combined,500,500,75,0,,,,,True,3,0,106.44,370,5,5,True,0,0,0,heuristic,1293,3
research_summary__three_day_combined_sample__combined_d0500_loss20_j000__run1__7e1843f7.json,7e1843f7,research_summary,1,three_day_combined_sample,combined_d0500_loss20_j000,combined,500,500,0,20,,,,,True,3,0,121.74,184,5,2,False,0,0,0,heuristic,520,3
research_summary__three_day_combined_sample__combined_d0500_loss20_j015__run1__dbf4ad59.json,dbf4ad59,research_summary,1,three_day_combined_sample,combined_d0500_loss20_j015,combined,500,500,15,20,,,,,True,3,0,115.21,255,5,3,False,0,0,0,heuristic,780,3
research_summary__three_day_combined_sample__combined_d0500_loss20_j020__run1__4c7c8168.json,4c7c8168,research_summary,1,three_day_combined_sample,combined_d0500_loss20_j020,combined,500,500,20,20,,,,,True,3,0,106.63,257,5,4,True,0,0,0,heuristic,797,3
research_summary__three_day_combined_sample__combined_d0500_loss20_j075__run1__3b497627.json,3b497627,research_summary,1,three_day_combined_sample,combined_d0500_loss20_j075,combined,500,500,75,20,,,,,True,3,0,118.74,374,5,4,True,0,0,0,heuristic,1270,3
research_summary__three_day_combined_sample__combined_d0500_loss40_j050__run1__a487de80.json,a487de80,research_summary,1,three_day_combined_sample,combined_d0500_loss40_j050,combined,500,500,50,40,,,,,True,3,0,93.44,224,5,4,True,0,0,0,heuristic,688,3
research_summary__three_day_combined_sample__combined_d0500_loss5_j001__run1__3000e918.json,3000e918,research_summary,1,three_day_combined_sample,combined_d0500_loss5_j001,combined,500,500,1,5,,,,,True,3,0,101.74,254,5,4,True,0,0,0,heuristic,800,3
research_summary__three_day_combined_sample__combined_d0500_loss75_j000__run1__0493201c.json,0493201c,research_summary,1,three_day_combined_sample,combined_d0500_loss75_j000,combined,500,500,0,75,,,,,True,3,0,1030.82,506,5,3,False,1,1,4,heuristic,556,6
research_summary__three_day_combined_sample__combined_d0500_loss75_j020__run1__7808bd30.json,7808bd30,research_summary,1,three_day_combined_sample,combined_d0500_loss75_j020,combined,500,500,20,75,,,,,False,1,0,1361.43,292,,1,False,2,3,5,heuristic,775,4
research_summary__three_day_combined_sample__combined_d0500_loss75_j075__run1__b6407850.json,b6407850,research_summary,1,three_day_combined_sample,combined_d0500_loss75_j075,combined,500,500,75,75,,,,,True,3,0,1609.28,706,5,2,False,1,2,4,heuristic,860,7
research_summary__three_day_combined_sample__combined_d0550_loss15_j015__run1__219383c6.json,219383c6,research_summary,1,three_day_combined_sample,combined_d0550_loss15_j015,combined,550,550,15,15,,,,,True,3,0,120.08,224,5,5,True,0,0,0,heuristic,748,3
research_summary__three_day_combined_sample__combined_d0550_loss1_j005__run1__20e40940.json,20e40940,research_summary,1,three_day_combined_sample,combined_d0550_loss1_j005,combined,550,550,5,1,,,,,True,3,0,104.0,429,5,5,True,0,0,0,heuristic,1494,3
research_summary__three_day_combined_sample__combined_d0550_loss30_j025__run1__4773bcc2.json,4773bcc2,research_summary,1,three_day_combined_sample,combined_d0550_loss30_j025,combined,550,550,25,30,,,,,True,3,0,87.81,297,5,3,False,0,0,0,heuristic,981,3
research_summary__three_day_combined_sample__combined_d0550_loss75_j030__run1__d038ac9b.json,d038ac9b,research_summary,1,three_day_combined_sample,combined_d0550_loss75_j030,combined,550,550,30,75,,,,,False,1,0,1011.02,99,,1,False,2,2,5,heuristic,0,3
research_summary__three_day_combined_sample__combined_d0600_loss25_j001__run1__098df1ee.json,098df1ee,research_summary,1,three_day_combined_sample,combined_d0600_loss25_j001,combined,600,600,1,25,,,,,True,3,0,117.78,204,5,4,True,0,0,0,heuristic,584,3
research_summary__three_day_combined_sample__combined_d0600_loss50_j010__run1__d30d2eb2.json,d30d2eb2,research_summary,1,three_day_combined_sample,combined_d0600_loss50_j010,combined,600,600,10,50,,,,,True,3,0,111.54,347,5,4,True,0,0,0,heuristic,1153,3
research_summary__three_day_combined_sample__combined_d0600_loss5_j075__run1__86bced31.json,86bced31,research_summary,1,three_day_combined_sample,combined_d0600_loss5_j075,combined,600,600,75,5,,,,,True,3,0,97.86,257,5,4,True,0,0,0,heuristic,828,3
research_summary__three_day_combined_sample__combined_d0650_loss15_j025__run1__40fdfa0e.json,40fdfa0e,research_summary,1,three_day_combined_sample,combined_d0650_loss15_j025,combined,650,650,25,15,,,,,True,3,0,99.7,344,5,5,True,0,0,0,heuristic,1138,3
research_summary__three_day_combined_sample__combined_d0650_loss1_j015__run1__d9748286.json,d9748286,research_summary,1,three_day_combined_sample,combined_d0650_loss1_j015,combined,650,650,15,1,,,,,True,3,0,101.82,423,5,4,True,0,0,0,heuristic,1484,3
research_summary__three_day_combined_sample__combined_d0650_loss30_j050__run1__03e6c1c9.json,03e6c1c9,research_summary,1,three_day_combined_sample,combined_d0650_loss30_j050,combined,650,650,50,30,,,,,True,3,0,124.7,217,5,3,False,0,0,0,heuristic,649,3
research_summary__three_day_combined_sample__combined_d0650_loss75_j075__run1__636d4e04.json,636d4e04,research_summary,1,three_day_combined_sample,combined_d0650_loss75_j075,combined,650,650,75,75,,,,,False,2,0,1483.58,519,,4,True,2,3,5,heuristic,1083,5
research_summary__three_day_combined_sample__combined_d0700_loss10_j001__run1__b3b02092.json,b3b02092,research_summary,1,three_day_combined_sample,combined_d0700_loss10_j001,combined,700,700,1,10,,,,,True,3,0,96.58,236,5,3,False,0,0,0,heuristic,731,3
research_summary__three_day_combined_sample__combined_d0700_loss25_j010__run1__2fe52b29.json,2fe52b29,research_summary,1,three_day_combined_sample,combined_d0700_loss25_j010,combined,700,700,10,25,,,,,True,3,0,212.01,270,5,4,True,0,0,0,heuristic,882,3
research_summary__three_day_combined_sample__combined_d0700_loss50_j015__run1__8d897f24.json,8d897f24,research_summary,1,three_day_combined_sample,combined_d0700_loss50_j015,combined,700,700,15,50,,,,,True,3,0,224.14,322,5,3,False,0,0,0,heuristic,1082,3
research_summary__three_day_combined_sample__combined_d0750_loss15_j050__run1__7b6ca0da.json,7b6ca0da,research_summary,1,three_day_combined_sample,combined_d0750_loss15_j050,combined,750,750,50,15,,,,,True,3,0,106.44,406,5,5,True,0,0,0,heuristic,1433,3
research_summary__three_day_combined_sample__combined_d0750_loss1_j025__run1__42ae5d14.json,42ae5d14,research_summary,1,three_day_combined_sample,combined_d0750_loss1_j025,combined,750,750,25,1,,,,,True,3,0,107.31,295,5,3,False,0,0,0,heuristic,941,3
research_summary__three_day_combined_sample__combined_d0750_loss40_j000__run1__ea1c5593.json,ea1c5593,research_summary,1,three_day_combined_sample,combined_d0750_loss40_j000,combined,750,750,0,40,,,,,True,3,0,157.49,458,5,3,False,0,0,0,heuristic,1604,3
research_summary__three_day_combined_sample__combined_d0800_loss0_j001__run1__f3143062.json,f3143062,research_summary,1,three_day_combined_sample,combined_d0800_loss0_j001,combined,800,800,1,0,,,,,True,3,0,119.64,419,5,5,True,0,0,0,heuristic,1468,3
research_summary__three_day_combined_sample__combined_d0800_loss10_j010__run1__0120bbe9.json,0120bbe9,research_summary,1,three_day_combined_sample,combined_d0800_loss10_j010,combined,800,800,10,10,,,,,True,3,0,121.34,474,5,5,True,0,0,0,heuristic,1687,3
research_summary__three_day_combined_sample__combined_d0800_loss25_j020__run1__cc0cc27d.json,cc0cc27d,research_summary,1,three_day_combined_sample,combined_d0800_loss25_j020,combined,800,800,20,25,,,,,True,3,0,138.81,226,5,5,True,0,0,0,heuristic,698,3
research_summary__three_day_combined_sample__combined_d0800_loss50_j025__run1__1b61f60e.json,1b61f60e,research_summary,1,three_day_combined_sample,combined_d0800_loss50_j025,combined,800,800,25,50,,,,,True,3,0,309.25,230,5,3,False,0,0,0,heuristic,721,3
research_summary__three_day_combined_sample__combined_d0850_loss1_j050__run1__18bcfe61.json,18bcfe61,research_summary,1,three_day_combined_sample,combined_d0850_loss1_j050,combined,850,850,50,1,,,,,True,3,0,96.64,260,5,3,False,0,0,0,heuristic,805,3
research_summary__three_day_combined_sample__combined_d0850_loss20_j000__run1__c017972b.json,c017972b,research_summary,1,three_day_combined_sample,combined_d0850_loss20_j000,combined,850,850,0,20,,,,,True,3,0,127.23,326,5,4,True,0,0,0,heuristic,1092,3
research_summary__three_day_combined_sample__combined_d0850_loss40_j001__run1__3c6f6cf2.json,3c6f6cf2,research_summary,1,three_day_combined_sample,combined_d0850_loss40_j001,combined,850,850,1,40,,,,,True,3,0,130.53,250,5,3,False,0,0,0,heuristic,794,3
research_summary__three_day_combined_sample__combined_d0900_loss0_j010__run1__12616c7e.json,12616c7e,research_summary,1,three_day_combined_sample,combined_d0900_loss0_j010,combined,900,900,10,0,,,,,True,3,0,93.98,311,5,3,False,0,0,0,heuristic,1028,3
research_summary__three_day_combined_sample__combined_d0900_loss10_j020__run1__4a3995de.json,4a3995de,research_summary,1,three_day_combined_sample,combined_d0900_loss10_j020,combined,900,900,20,10,,,,,True,3,0,115.7,427,5,4,True,0,0,0,heuristic,1464,3
research_summary__three_day_combined_sample__combined_d0900_loss25_j025__run1__0c03c551.json,0c03c551,research_summary,1,three_day_combined_sample,combined_d0900_loss25_j025,combined,900,900,25,25,,,,,True,3,0,132.85,449,5,4,True,0,0,0,heuristic,1570,3
research_summary__three_day_combined_sample__combined_d0900_loss50_j050__run1__597cbcb9.json,597cbcb9,research_summary,1,three_day_combined_sample,combined_d0900_loss50_j050,combined,900,900,50,50,,,,,True,3,0,161.05,229,5,3,False,0,0,0,heuristic,700,3
research_summary__three_day_combined_sample__combined_d0950_loss20_j005__run1__8442d603.json,8442d603,research_summary,1,three_day_combined_sample,combined_d0950_loss20_j005,combined,950,950,5,20,,,,,True,3,0,156.04,355,5,4,True,0,0,0,heuristic,1186,3
research_summary__three_day_combined_sample__combined_d0950_loss40_j010__run1__c4eb7821.json,c4eb7821,research_summary,1,three_day_combined_sample,combined_d0950_loss40_j010,combined,950,950,10,40,,,,,True,3,0,142.52,243,5,4,True,0,0,0,heuristic,775,3
research_summary__three_day_combined_sample__combined_d0950_loss5_j000__run1__d1d78e68.json,d1d78e68,research_summary,1,three_day_combined_sample,combined_d0950_loss5_j000,combined,950,950,0,5,,,,,True,3,0,259.5,207,5,3,False,0,0,0,heuristic,649,3
research_summary__three_day_combined_sample__combined_d1000_loss0_j000__run1__dc0505d9.json,dc0505d9,research_summary,1,three_day_combined_sample,combined_d1000_loss0_j000,combined,1000,1000,0,0,,,,,True,3,0,141.55,481,5,4,True,0,0,0,heuristic,1692,3
research_summary__three_day_combined_sample__combined_d1000_loss0_j020__run1__477cd5f5.json,477cd5f5,research_summary,1,three_day_combined_sample,combined_d1000_loss0_j020,combined,1000,1000,20,0,,,,,True,3,0,99.26,334,5,4,True,0,0,0,heuristic,1112,3
research_summary__three_day_combined_sample__combined_d1000_loss0_j030__run1__b8c1513e.json,b8c1513e,research_summary,1,three_day_combined_sample,combined_d1000_loss0_j030,combined,1000,1000,30,0,,,,,True,3,0,103.14,260,5,3,False,0,0,0,heuristic,818,3
research_summary__three_day_combined_sample__combined_d1000_loss0_j075__run1__2ba72c20.json,2ba72c20,research_summary,1,three_day_combined_sample,combined_d1000_loss0_j075,combined,1000,1000,75,0,,,,,True,3,0,114.01,214,5,3,False,0,0,0,heuristic,629,3
research_summary__three_day_combined_sample__combined_d1000_loss15_j000__run1__36bdb860.json,36bdb860,research_summary,1,three_day_combined_sample,combined_d1000_loss15_j000,combined,1000,1000,0,15,,,,,True,3,0,131.26,211,5,5,True,0,0,0,heuristic,696,3
research_summary__three_day_combined_sample__combined_d1000_loss20_j000__run1__11e00487.json,11e00487,research_summary,1,three_day_combined_sample,combined_d1000_loss20_j000,combined,1000,1000,0,20,,,,,True,3,0,108.57,204,5,3,False,0,0,0,heuristic,587,3
research_summary__three_day_combined_sample__combined_d1000_loss20_j020__run1__47b58de3.json,47b58de3,research_summary,1,three_day_combined_sample,combined_d1000_loss20_j020,combined,1000,1000,20,20,,,,,True,3,0,122.55,282,5,2,False,0,0,0,heuristic,896,3
research_summary__three_day_combined_sample__combined_d1000_loss20_j075__run1__5a1366ed.json,5a1366ed,research_summary,1,three_day_combined_sample,combined_d1000_loss20_j075,combined,1000,1000,75,20,,,,,True,3,0,119.84,264,5,5,True,0,0,0,heuristic,874,3
research_summary__three_day_combined_sample__combined_d1000_loss30_j015__run1__7d741e4d.json,7d741e4d,research_summary,1,three_day_combined_sample,combined_d1000_loss30_j015,combined,1000,1000,15,30,,,,,True,3,0,154.78,388,5,5,True,0,0,0,heuristic,1347,3
research_summary__three_day_combined_sample__combined_d1000_loss75_j000__run1__27366fa4.json,27366fa4,research_summary,1,three_day_combined_sample,combined_d1000_loss75_j000,combined,1000,1000,0,75,,,,,True,3,0,1152.92,340,5,5,True,1,1,4,heuristic,880,5
research_summary__three_day_combined_sample__combined_d1000_loss75_j020__run1__8721195f.json,8721195f,research_summary,1,three_day_combined_sample,combined_d1000_loss75_j020,combined,1000,1000,20,75,,,,,True,3,0,744.44,830,5,5,True,0,1,2,heuristic,871,5
research_summary__three_day_combined_sample__combined_d1000_loss75_j050__run1__2cc7d963.json,2cc7d963,research_summary,1,three_day_combined_sample,combined_d1000_loss75_j050,combined,1000,1000,50,75,,,,,True,3,0,121.83,214,5,3,False,0,0,0,heuristic,647,3
research_summary__three_day_combined_sample__combined_d1000_loss75_j075__run1__ea702dce.json,ea702dce,research_summary,1,three_day_combined_sample,combined_d1000_loss75_j075,combined,1000,1000,75,75,,,,,True,3,0,765.14,502,5,5,True,0,1,2,heuristic,1059,5
research_summary__three_day_main_effect__main_delay_d0000__run1__a97957ee.json,a97957ee,research_summary,1,three_day_main_effect,main_delay_d0000,main_effect,0,0,0,0,,delay,,,True,3,0,112.17,282,5,5,True,0,0,0,heuristic,902,3
research_summary__three_day_main_effect__main_delay_d0000__run2__9a07c59c.json,9a07c59c,research_summary,2,three_day_main_effect,main_delay_d0000,main_effect,0,0,0,0,,delay,,,True,3,0,112.22,279,5,5,True,0,0,0,heuristic,918,3
research_summary__three_day_main_effect__main_delay_d0000__run3__1fb18870.json,1fb18870,research_summary,3,three_day_main_effect,main_delay_d0000,main_effect,0,0,0,0,,delay,,,True,3,0,124.19,285,5,4,True,0,0,0,heuristic,937,3
research_summary__three_day_main_effect__main_delay_d0000__run4__0747a973.json,0747a973,research_summary,4,three_day_main_effect,main_delay_d0000,main_effect,0,0,0,0,,delay,,,True,3,0,122.47,211,5,4,True,0,0,0,heuristic,667,3
research_summary__three_day_main_effect__main_delay_d0000__run5__ed9a390c.json,ed9a390c,research_summary,5,three_day_main_effect,main_delay_d0000,main_effect,0,0,0,0,,delay,,,True,3,0,122.51,208,5,2,False,0,0,0,heuristic,619,3
research_summary__three_day_main_effect__main_delay_d0050__run1__ea043d9a.json,ea043d9a,research_summary,1,three_day_main_effect,main_delay_d0050,main_effect,50,50,0,0,,delay,,,True,3,0,189.25,229,5,3,False,0,0,0,heuristic,687,3
research_summary__three_day_main_effect__main_delay_d0050__run2__beaad6fb.json,beaad6fb,research_summary,2,three_day_main_effect,main_delay_d0050,main_effect,50,50,0,0,,delay,,,True,3,0,104.91,204,5,2,False,0,0,0,heuristic,609,3
research_summary__three_day_main_effect__main_delay_d0050__run3__16470abc.json,16470abc,research_summary,3,three_day_main_effect,main_delay_d0050,main_effect,50,50,0,0,,delay,,,True,3,0,97.51,269,5,3,False,0,0,0,heuristic,930,3
research_summary__three_day_main_effect__main_delay_d0050__run4__2c022ca0.json,2c022ca0,research_summary,4,three_day_main_effect,main_delay_d0050,main_effect,50,50,0,0,,delay,,,True,3,0,113.69,267,5,5,True,0,0,0,heuristic,871,3
research_summary__three_day_main_effect__main_delay_d0050__run5__28bebaf2.json,28bebaf2,research_summary,5,three_day_main_effect,main_delay_d0050,main_effect,50,50,0,0,,delay,,,True,3,0,109.59,279,5,3,False,0,0,0,heuristic,907,3
research_summary__three_day_main_effect__main_delay_d0100__run1__36c12313.json,36c12313,research_summary,1,three_day_main_effect,main_delay_d0100,main_effect,100,100,0,0,,delay,,,True,3,0,144.72,182,5,5,True,0,0,0,heuristic,524,3
research_summary__three_day_main_effect__main_delay_d0100__run2__d699ed8d.json,d699ed8d,research_summary,2,three_day_main_effect,main_delay_d0100,main_effect,100,100,0,0,,delay,,,True,3,0,127.32,352,5,4,True,0,0,0,heuristic,1187,3
research_summary__three_day_main_effect__main_delay_d0100__run3__ced28357.json,ced28357,research_summary,3,three_day_main_effect,main_delay_d0100,main_effect,100,100,0,0,,delay,,,True,3,0,90.88,238,4,3,False,0,0,0,heuristic,765,3
research_summary__three_day_main_effect__main_delay_d0100__run4__8e746077.json,8e746077,research_summary,4,three_day_main_effect,main_delay_d0100,main_effect,100,100,0,0,,delay,,,True,3,0,115.08,265,5,4,True,0,0,0,heuristic,836,3
research_summary__three_day_main_effect__main_delay_d0100__run5__fbc59d07.json,fbc59d07,research_summary,5,three_day_main_effect,main_delay_d0100,main_effect,100,100,0,0,,delay,,,True,3,0,123.76,305,5,4,True,0,0,0,heuristic,1001,3
research_summary__three_day_main_effect__main_delay_d0150__run1__d4d1c564.json,d4d1c564,research_summary,1,three_day_main_effect,main_delay_d0150,main_effect,150,150,0,0,,delay,,,True,3,0,116.56,226,5,4,True,0,0,0,heuristic,682,3
research_summary__three_day_main_effect__main_delay_d0150__run2__cb43983c.json,cb43983c,research_summary,2,three_day_main_effect,main_delay_d0150,main_effect,150,150,0,0,,delay,,,True,3,0,122.57,270,5,4,True,0,0,0,heuristic,869,3
research_summary__three_day_main_effect__main_delay_d0150__run3__0b0c34f5.json,0b0c34f5,research_summary,3,three_day_main_effect,main_delay_d0150,main_effect,150,150,0,0,,delay,,,True,3,0,105.98,233,5,4,True,0,0,0,heuristic,739,3
research_summary__three_day_main_effect__main_delay_d0150__run4__4d57612c.json,4d57612c,research_summary,4,three_day_main_effect,main_delay_d0150,main_effect,150,150,0,0,,delay,,,True,3,0,91.78,406,5,4,True,0,0,0,heuristic,1430,3
research_summary__three_day_main_effect__main_delay_d0150__run5__c26fbd19.json,c26fbd19,research_summary,5,three_day_main_effect,main_delay_d0150,main_effect,150,150,0,0,,delay,,,True,3,0,112.86,281,5,4,True,0,0,0,heuristic,895,3
research_summary__three_day_main_effect__main_delay_d0200__run1__fc5581f7.json,fc5581f7,research_summary,1,three_day_main_effect,main_delay_d0200,main_effect,200,200,0,0,,delay,,,True,3,0,161.49,422,5,5,True,0,0,0,heuristic,1450,3
research_summary__three_day_main_effect__main_delay_d0200__run2__67f041a7.json,67f041a7,research_summary,2,three_day_main_effect,main_delay_d0200,main_effect,200,200,0,0,,delay,,,True,3,0,110.31,204,5,3,False,0,0,0,heuristic,608,3
research_summary__three_day_main_effect__main_delay_d0200__run3__27e3fe13.json,27e3fe13,research_summary,3,three_day_main_effect,main_delay_d0200,main_effect,200,200,0,0,,delay,,,True,3,0,270.1,381,5,4,True,0,0,0,heuristic,1287,3
research_summary__three_day_main_effect__main_delay_d0200__run4__7dc51e62.json,7dc51e62,research_summary,4,three_day_main_effect,main_delay_d0200,main_effect,200,200,0,0,,delay,,,True,3,0,360.59,244,5,4,True,0,0,0,heuristic,765,3
research_summary__three_day_main_effect__main_delay_d0200__run5__1746def9.json,1746def9,research_summary,5,three_day_main_effect,main_delay_d0200,main_effect,200,200,0,0,,delay,,,True,3,0,104.0,243,5,3,False,0,0,0,heuristic,763,3
research_summary__three_day_main_effect__main_delay_d0250__run1__a9308d05.json,a9308d05,research_summary,1,three_day_main_effect,main_delay_d0250,main_effect,250,250,0,0,,delay,,,True,3,0,762.32,279,5,4,True,0,1,2,heuristic,781,4
research_summary__three_day_main_effect__main_delay_d0250__run2__0b5f8f31.json,0b5f8f31,research_summary,2,three_day_main_effect,main_delay_d0250,main_effect,250,250,0,0,,delay,,,True,3,0,122.16,215,5,3,False,0,0,0,heuristic,647,3
research_summary__three_day_main_effect__main_delay_d0250__run3__83f6f98d.json,83f6f98d,research_summary,3,three_day_main_effect,main_delay_d0250,main_effect,250,250,0,0,,delay,,,True,6,1,515.34,1066,4,5,True,0,0,1,heuristic,1715,6
research_summary__three_day_main_effect__main_delay_d0250__run4__4e2e4b25.json,4e2e4b25,research_summary,4,three_day_main_effect,main_delay_d0250,main_effect,250,250,0,0,,delay,,,True,3,0,110.4,357,5,5,True,0,0,0,heuristic,1212,3
research_summary__three_day_main_effect__main_delay_d0250__run5__ce37582f.json,ce37582f,research_summary,5,three_day_main_effect,main_delay_d0250,main_effect,250,250,0,0,,delay,,,True,3,0,132.7,497,5,4,True,0,0,0,heuristic,1750,3
research_summary__three_day_main_effect__main_delay_d0300__run1__c6dee7cf.json,c6dee7cf,research_summary,1,three_day_main_effect,main_delay_d0300,main_effect,300,300,0,0,,delay,,,True,3,0,115.2,232,5,3,False,0,0,0,heuristic,695,3
research_summary__three_day_main_effect__main_delay_d0300__run2__0ded8bde.json,0ded8bde,research_summary,2,three_day_main_effect,main_delay_d0300,main_effect,300,300,0,0,,delay,,,True,3,0,166.94,202,4,4,True,0,0,0,heuristic,586,3
research_summary__three_day_main_effect__main_delay_d0300__run3__e8881e66.json,e8881e66,research_summary,3,three_day_main_effect,main_delay_d0300,main_effect,300,300,0,0,,delay,,,True,3,0,124.48,238,5,3,False,0,0,0,heuristic,744,3
research_summary__three_day_main_effect__main_delay_d0300__run4__666b4043.json,666b4043,research_summary,4,three_day_main_effect,main_delay_d0300,main_effect,300,300,0,0,,delay,,,True,3,0,105.88,599,5,4,True,0,0,0,heuristic,2177,3
research_summary__three_day_main_effect__main_delay_d0300__run5__5444c239.json,5444c239,research_summary,5,three_day_main_effect,main_delay_d0300,main_effect,300,300,0,0,,delay,,,True,3,0,108.94,184,5,3,False,0,0,0,heuristic,530,3
research_summary__three_day_main_effect__main_delay_d0350__run1__b92a63f7.json,b92a63f7,research_summary,1,three_day_main_effect,main_delay_d0350,main_effect,350,350,0,0,,delay,,,True,3,0,118.0,290,5,3,False,0,0,0,heuristic,956,3
research_summary__three_day_main_effect__main_delay_d0350__run2__8c530704.json,8c530704,research_summary,2,three_day_main_effect,main_delay_d0350,main_effect,350,350,0,0,,delay,,,True,3,0,101.29,243,5,4,True,0,0,0,heuristic,784,3
research_summary__three_day_main_effect__main_delay_d0350__run3__12d3970a.json,12d3970a,research_summary,3,three_day_main_effect,main_delay_d0350,main_effect,350,350,0,0,,delay,,,True,3,0,146.08,314,5,4,True,0,0,0,heuristic,1047,3
research_summary__three_day_main_effect__main_delay_d0350__run4__dd291d00.json,dd291d00,research_summary,4,three_day_main_effect,main_delay_d0350,main_effect,350,350,0,0,,delay,,,True,3,0,125.06,643,5,5,True,0,0,0,heuristic,2342,3
research_summary__three_day_main_effect__main_delay_d0350__run5__9b7f31ce.json,9b7f31ce,research_summary,5,three_day_main_effect,main_delay_d0350,main_effect,350,350,0,0,,delay,,,True,3,0,104.89,292,5,4,True,0,0,0,heuristic,948,3
research_summary__three_day_main_effect__main_delay_d0400__run1__51911b7f.json,51911b7f,research_summary,1,three_day_main_effect,main_delay_d0400,main_effect,400,400,0,0,,delay,,,True,3,0,145.18,620,5,5,True,0,0,0,heuristic,2251,3
research_summary__three_day_main_effect__main_delay_d0400__run2__0149838e.json,0149838e,research_summary,2,three_day_main_effect,main_delay_d0400,main_effect,400,400,0,0,,delay,,,True,3,0,140.65,422,5,4,True,0,0,0,heuristic,1477,3
research_summary__three_day_main_effect__main_delay_d0400__run3__b4019803.json,b4019803,research_summary,3,three_day_main_effect,main_delay_d0400,main_effect,400,400,0,0,,delay,,,True,3,0,133.03,221,5,3,False,0,0,0,heuristic,684,3
research_summary__three_day_main_effect__main_delay_d0400__run4__2cf2173c.json,2cf2173c,research_summary,4,three_day_main_effect,main_delay_d0400,main_effect,400,400,0,0,,delay,,,True,3,0,90.58,285,5,5,True,0,0,0,heuristic,917,3
research_summary__three_day_main_effect__main_delay_d0400__run5__2bf5d8a1.json,2bf5d8a1,research_summary,5,three_day_main_effect,main_delay_d0400,main_effect,400,400,0,0,,delay,,,True,3,0,119.44,288,5,5,True,0,0,0,heuristic,893,3
research_summary__three_day_main_effect__main_delay_d0450__run1__1a471c2f.json,1a471c2f,research_summary,1,three_day_main_effect,main_delay_d0450,main_effect,450,450,0,0,,delay,,,True,3,0,112.83,223,5,4,True,0,0,0,heuristic,713,3
research_summary__three_day_main_effect__main_delay_d0450__run2__5c603eb5.json,5c603eb5,research_summary,2,three_day_main_effect,main_delay_d0450,main_effect,450,450,0,0,,delay,,,True,3,0,100.28,215,5,2,False,0,0,0,heuristic,665,3
research_summary__three_day_main_effect__main_delay_d0450__run3__c65f7c05.json,c65f7c05,research_summary,3,three_day_main_effect,main_delay_d0450,main_effect,450,450,0,0,,delay,,,True,3,0,135.44,392,5,5,True,0,0,0,heuristic,1333,3
research_summary__three_day_main_effect__main_delay_d0450__run4__20b96b7e.json,20b96b7e,research_summary,4,three_day_main_effect,main_delay_d0450,main_effect,450,450,0,0,,delay,,,True,3,0,107.04,257,5,3,False,0,0,0,heuristic,819,3
research_summary__three_day_main_effect__main_delay_d0450__run5__a9f2c466.json,a9f2c466,research_summary,5,three_day_main_effect,main_delay_d0450,main_effect,450,450,0,0,,delay,,,True,3,0,137.78,246,5,4,True,0,0,0,heuristic,783,3
research_summary__three_day_main_effect__main_delay_d0500__run1__b56cd397.json,b56cd397,research_summary,1,three_day_main_effect,main_delay_d0500,main_effect,500,500,0,0,,delay,,,True,3,0,96.48,204,5,4,True,0,0,0,heuristic,600,3
research_summary__three_day_main_effect__main_delay_d0500__run2__8012fe5d.json,8012fe5d,research_summary,2,three_day_main_effect,main_delay_d0500,main_effect,500,500,0,0,,delay,,,True,3,0,125.72,367,5,4,True,0,0,0,heuristic,1259,3
research_summary__three_day_main_effect__main_delay_d0500__run3__bc494f9d.json,bc494f9d,research_summary,3,three_day_main_effect,main_delay_d0500,main_effect,500,500,0,0,,delay,,,True,3,0,743.96,559,5,4,True,0,1,3,heuristic,1173,6
research_summary__three_day_main_effect__main_delay_d0500__run4__3ff1b4c9.json,3ff1b4c9,research_summary,4,three_day_main_effect,main_delay_d0500,main_effect,500,500,0,0,,delay,,,True,3,0,131.44,224,5,4,True,0,0,0,heuristic,704,3
research_summary__three_day_main_effect__main_delay_d0500__run5__416688b3.json,416688b3,research_summary,5,three_day_main_effect,main_delay_d0500,main_effect,500,500,0,0,,delay,,,True,3,0,97.37,323,5,5,True,0,0,0,heuristic,1104,3
research_summary__three_day_main_effect__main_delay_d0550__run1__17cdbc24.json,17cdbc24,research_summary,1,three_day_main_effect,main_delay_d0550,main_effect,550,550,0,0,,delay,,,True,3,0,101.49,340,5,4,True,0,0,0,heuristic,1147,3
research_summary__three_day_main_effect__main_delay_d0550__run2__d6b1053c.json,d6b1053c,research_summary,2,three_day_main_effect,main_delay_d0550,main_effect,550,550,0,0,,delay,,,True,3,0,118.17,246,5,4,True,0,0,0,heuristic,750,3
research_summary__three_day_main_effect__main_delay_d0550__run3__054c8d94.json,054c8d94,research_summary,3,three_day_main_effect,main_delay_d0550,main_effect,550,550,0,0,,delay,,,True,3,0,123.83,379,5,5,True,0,0,0,heuristic,1310,3
research_summary__three_day_main_effect__main_delay_d0550__run4__747c17d8.json,747c17d8,research_summary,4,three_day_main_effect,main_delay_d0550,main_effect,550,550,0,0,,delay,,,True,3,0,145.91,626,5,5,True,0,0,0,heuristic,2277,3
research_summary__three_day_main_effect__main_delay_d0550__run5__0da199bd.json,0da199bd,research_summary,5,three_day_main_effect,main_delay_d0550,main_effect,550,550,0,0,,delay,,,True,3,0,121.58,232,5,4,True,0,0,0,heuristic,714,3
research_summary__three_day_main_effect__main_delay_d0600__run1__cbc913df.json,cbc913df,research_summary,1,three_day_main_effect,main_delay_d0600,main_effect,600,600,0,0,,delay,,,True,3,0,107.22,204,5,4,True,0,0,0,heuristic,599,3
research_summary__three_day_main_effect__main_delay_d0600__run2__6f426e04.json,6f426e04,research_summary,2,three_day_main_effect,main_delay_d0600,main_effect,600,600,0,0,,delay,,,True,3,0,140.79,479,5,4,True,0,0,0,heuristic,1689,3
research_summary__three_day_main_effect__main_delay_d0600__run3__fbd7a63e.json,fbd7a63e,research_summary,3,three_day_main_effect,main_delay_d0600,main_effect,600,600,0,0,,delay,,,True,3,0,110.86,243,4,2,False,0,0,0,heuristic,737,3
research_summary__three_day_main_effect__main_delay_d0600__run4__6d6e1970.json,6d6e1970,research_summary,4,three_day_main_effect,main_delay_d0600,main_effect,600,600,0,0,,delay,,,True,3,0,90.73,316,5,4,True,0,0,0,heuristic,1013,3
research_summary__three_day_main_effect__main_delay_d0600__run5__e2bec102.json,e2bec102,research_summary,5,three_day_main_effect,main_delay_d0600,main_effect,600,600,0,0,,delay,,,True,3,0,113.56,194,5,5,True,0,0,0,heuristic,587,3
research_summary__three_day_main_effect__main_delay_d0650__run1__89e7e3d1.json,89e7e3d1,research_summary,1,three_day_main_effect,main_delay_d0650,main_effect,650,650,0,0,,delay,,,True,3,0,218.07,421,5,4,True,0,0,0,heuristic,1449,3
research_summary__three_day_main_effect__main_delay_d0650__run2__0ecc19ce.json,0ecc19ce,research_summary,2,three_day_main_effect,main_delay_d0650,main_effect,650,650,0,0,,delay,,,True,3,0,227.66,235,5,4,True,0,0,0,heuristic,750,3
research_summary__three_day_main_effect__main_delay_d0650__run3__87238dad.json,87238dad,research_summary,3,three_day_main_effect,main_delay_d0650,main_effect,650,650,0,0,,delay,,,True,3,0,121.99,230,5,2,False,0,0,0,heuristic,718,3
research_summary__three_day_main_effect__main_delay_d0650__run4__5edf181c.json,5edf181c,research_summary,4,three_day_main_effect,main_delay_d0650,main_effect,650,650,0,0,,delay,,,True,3,0,122.95,604,5,5,True,0,0,0,heuristic,2198,3
research_summary__three_day_main_effect__main_delay_d0650__run5__c871219b.json,c871219b,research_summary,5,three_day_main_effect,main_delay_d0650,main_effect,650,650,0,0,,delay,,,True,3,0,127.0,250,5,4,True,0,0,0,heuristic,783,3
research_summary__three_day_main_effect__main_delay_d0700__run1__f2520cb1.json,f2520cb1,research_summary,1,three_day_main_effect,main_delay_d0700,main_effect,700,700,0,0,,delay,,,True,3,0,100.9,321,5,4,True,0,0,0,heuristic,1060,3
research_summary__three_day_main_effect__main_delay_d0700__run2__71e3c978.json,71e3c978,research_summary,2,three_day_main_effect,main_delay_d0700,main_effect,700,700,0,0,,delay,,,True,3,0,111.76,277,5,4,True,0,0,0,heuristic,879,3
research_summary__three_day_main_effect__main_delay_d0700__run3__5c4d2d06.json,5c4d2d06,research_summary,3,three_day_main_effect,main_delay_d0700,main_effect,700,700,0,0,,delay,,,True,6,1,337.72,571,4,4,True,0,0,1,heuristic,819,6
research_summary__three_day_main_effect__main_delay_d0700__run4__bc9f9862.json,bc9f9862,research_summary,4,three_day_main_effect,main_delay_d0700,main_effect,700,700,0,0,,delay,,,True,3,0,96.26,210,5,3,False,0,0,0,heuristic,614,3
research_summary__three_day_main_effect__main_delay_d0700__run5__a4bc08b8.json,a4bc08b8,research_summary,5,three_day_main_effect,main_delay_d0700,main_effect,700,700,0,0,,delay,,,True,3,0,147.39,329,5,4,True,0,0,0,heuristic,1072,3
research_summary__three_day_main_effect__main_delay_d0750__run1__ff166f71.json,ff166f71,research_summary,1,three_day_main_effect,main_delay_d0750,main_effect,750,750,0,0,,delay,,,True,3,0,90.82,347,5,4,True,0,0,0,heuristic,1165,3
research_summary__three_day_main_effect__main_delay_d0750__run2__5a3ad5a2.json,5a3ad5a2,research_summary,2,three_day_main_effect,main_delay_d0750,main_effect,750,750,0,0,,delay,,,True,3,0,224.18,289,5,5,True,0,0,0,heuristic,945,3
research_summary__three_day_main_effect__main_delay_d0750__run3__d4a4d912.json,d4a4d912,research_summary,3,three_day_main_effect,main_delay_d0750,main_effect,750,750,0,0,,delay,,,True,3,0,90.52,252,5,4,True,0,0,0,heuristic,800,3
research_summary__three_day_main_effect__main_delay_d0750__run4__b9d0a0dc.json,b9d0a0dc,research_summary,4,three_day_main_effect,main_delay_d0750,main_effect,750,750,0,0,,delay,,,True,3,0,84.86,282,5,4,True,0,0,0,heuristic,892,3
research_summary__three_day_main_effect__main_delay_d0750__run5__b8d6bb26.json,b8d6bb26,research_summary,5,three_day_main_effect,main_delay_d0750,main_effect,750,750,0,0,,delay,,,True,3,0,145.43,227,4,3,False,0,0,0,heuristic,703,3
research_summary__three_day_main_effect__main_delay_d0800__run1__f61661cc.json,f61661cc,research_summary,1,three_day_main_effect,main_delay_d0800,main_effect,800,800,0,0,,delay,,,True,3,0,110.41,210,5,4,True,0,0,0,heuristic,630,3
research_summary__three_day_main_effect__main_delay_d0800__run2__9c885a04.json,9c885a04,research_summary,2,three_day_main_effect,main_delay_d0800,main_effect,800,800,0,0,,delay,,,True,3,0,122.22,261,5,5,True,0,0,0,heuristic,865,3
research_summary__three_day_main_effect__main_delay_d0800__run3__e5bf0d9f.json,e5bf0d9f,research_summary,3,three_day_main_effect,main_delay_d0800,main_effect,800,800,0,0,,delay,,,True,3,0,111.7,384,5,4,True,0,0,0,heuristic,1317,3
research_summary__three_day_main_effect__main_delay_d0800__run4__4f814ce0.json,4f814ce0,research_summary,4,three_day_main_effect,main_delay_d0800,main_effect,800,800,0,0,,delay,,,True,3,0,85.94,274,5,5,True,0,0,0,heuristic,894,3
research_summary__three_day_main_effect__main_delay_d0800__run5__cb99530c.json,cb99530c,research_summary,5,three_day_main_effect,main_delay_d0800,main_effect,800,800,0,0,,delay,,,True,3,0,106.14,259,5,3,False,0,0,0,heuristic,825,3
research_summary__three_day_main_effect__main_delay_d0850__run1__c259f8be.json,c259f8be,research_summary,1,three_day_main_effect,main_delay_d0850,main_effect,850,850,0,0,,delay,,,True,3,0,91.11,257,5,4,True,0,0,0,heuristic,811,3
research_summary__three_day_main_effect__main_delay_d0850__run2__2aafba93.json,2aafba93,research_summary,2,three_day_main_effect,main_delay_d0850,main_effect,850,850,0,0,,delay,,,True,3,0,117.42,288,5,3,False,0,0,0,heuristic,934,3
research_summary__three_day_main_effect__main_delay_d0850__run3__1ab17eb3.json,1ab17eb3,research_summary,3,three_day_main_effect,main_delay_d0850,main_effect,850,850,0,0,,delay,,,True,3,0,141.54,292,5,2,False,0,0,0,heuristic,982,3
research_summary__three_day_main_effect__main_delay_d0850__run4__dbec7e9c.json,dbec7e9c,research_summary,4,three_day_main_effect,main_delay_d0850,main_effect,850,850,0,0,,delay,,,True,3,0,106.95,291,5,4,True,0,0,0,heuristic,929,3
research_summary__three_day_main_effect__main_delay_d0850__run5__cdf5cf55.json,cdf5cf55,research_summary,5,three_day_main_effect,main_delay_d0850,main_effect,850,850,0,0,,delay,,,True,3,0,104.34,314,5,4,True,0,0,0,heuristic,1061,3
research_summary__three_day_main_effect__main_delay_d0900__run1__cdd65840.json,cdd65840,research_summary,1,three_day_main_effect,main_delay_d0900,main_effect,900,900,0,0,,delay,,,True,3,0,93.3,241,5,3,False,0,0,0,heuristic,776,3
research_summary__three_day_main_effect__main_delay_d0900__run2__2a0f91b7.json,2a0f91b7,research_summary,2,three_day_main_effect,main_delay_d0900,main_effect,900,900,0,0,,delay,,,True,3,0,108.77,214,5,2,False,0,0,0,heuristic,667,3
research_summary__three_day_main_effect__main_delay_d0900__run3__ca7873e7.json,ca7873e7,research_summary,3,three_day_main_effect,main_delay_d0900,main_effect,900,900,0,0,,delay,,,True,3,0,133.33,263,5,3,False,0,0,0,heuristic,819,3
research_summary__three_day_main_effect__main_delay_d0900__run4__25f32dd3.json,25f32dd3,research_summary,4,three_day_main_effect,main_delay_d0900,main_effect,900,900,0,0,,delay,,,True,3,0,112.65,293,5,4,True,0,0,0,heuristic,983,3
research_summary__three_day_main_effect__main_delay_d0900__run5__7d1d1e4c.json,7d1d1e4c,research_summary,5,three_day_main_effect,main_delay_d0900,main_effect,900,900,0,0,,delay,,,True,3,0,91.5,255,4,3,False,0,0,0,heuristic,796,3
research_summary__three_day_main_effect__main_delay_d0950__run1__c6d3aa0e.json,c6d3aa0e,research_summary,1,three_day_main_effect,main_delay_d0950,main_effect,950,950,0,0,,delay,,,True,3,0,113.12,480,5,4,True,0,0,0,heuristic,1678,3
research_summary__three_day_main_effect__main_delay_d0950__run2__eb69d8e5.json,eb69d8e5,research_summary,2,three_day_main_effect,main_delay_d0950,main_effect,950,950,0,0,,delay,,,True,3,0,117.17,229,5,4,True,0,0,0,heuristic,739,3
research_summary__three_day_main_effect__main_delay_d0950__run3__31c51c8e.json,31c51c8e,research_summary,3,three_day_main_effect,main_delay_d0950,main_effect,950,950,0,0,,delay,,,True,3,0,95.85,266,5,5,True,0,0,0,heuristic,855,3
research_summary__three_day_main_effect__main_delay_d0950__run4__3aa4ee3b.json,3aa4ee3b,research_summary,4,three_day_main_effect,main_delay_d0950,main_effect,950,950,0,0,,delay,,,True,3,0,105.23,282,5,4,True,0,0,0,heuristic,917,3
research_summary__three_day_main_effect__main_delay_d0950__run5__261aeed8.json,261aeed8,research_summary,5,three_day_main_effect,main_delay_d0950,main_effect,950,950,0,0,,delay,,,True,3,0,111.06,349,5,4,True,0,0,0,heuristic,1161,3
research_summary__three_day_main_effect__main_delay_d1000__run1__59bcd72c.json,59bcd72c,research_summary,1,three_day_main_effect,main_delay_d1000,main_effect,1000,1000,0,0,,delay,,,True,3,0,128.83,238,5,3,False,0,0,0,heuristic,718,3
research_summary__three_day_main_effect__main_delay_d1000__run2__e0b36ad1.json,e0b36ad1,research_summary,2,three_day_main_effect,main_delay_d1000,main_effect,1000,1000,0,0,,delay,,,True,3,0,122.56,454,5,5,True,0,0,0,heuristic,1611,3
research_summary__three_day_main_effect__main_delay_d1000__run3__6f4179e8.json,6f4179e8,research_summary,3,three_day_main_effect,main_delay_d1000,main_effect,1000,1000,0,0,,delay,,,True,3,0,115.78,381,5,3,False,0,0,0,heuristic,1291,3
research_summary__three_day_main_effect__main_delay_d1000__run4__61d4c1c2.json,61d4c1c2,research_summary,4,three_day_main_effect,main_delay_d1000,main_effect,1000,1000,0,0,,delay,,,True,3,0,143.35,265,5,3,False,0,0,0,heuristic,847,3
research_summary__three_day_main_effect__main_delay_d1000__run5__cec80681.json,cec80681,research_summary,5,three_day_main_effect,main_delay_d1000,main_effect,1000,1000,0,0,,delay,,,True,3,0,109.97,269,5,4,True,0,0,0,heuristic,837,3
research_summary__three_day_main_effect__main_jitter_j000__run1__e0018afc.json,e0018afc,research_summary,1,three_day_main_effect,main_jitter_j000,main_effect,0,0,0,0,,jitter,,,True,3,0,105.72,376,5,4,True,0,0,0,heuristic,1282,3
research_summary__three_day_main_effect__main_jitter_j000__run2__e9c5f8b3.json,e9c5f8b3,research_summary,2,three_day_main_effect,main_jitter_j000,main_effect,0,0,0,0,,jitter,,,True,3,0,126.3,402,5,5,True,0,0,0,heuristic,1426,3
research_summary__three_day_main_effect__main_jitter_j000__run3__500a8d20.json,500a8d20,research_summary,3,three_day_main_effect,main_jitter_j000,main_effect,0,0,0,0,,jitter,,,True,3,0,103.76,212,5,5,True,0,0,0,heuristic,648,3
research_summary__three_day_main_effect__main_jitter_j000__run4__a0c016ea.json,a0c016ea,research_summary,4,three_day_main_effect,main_jitter_j000,main_effect,0,0,0,0,,jitter,,,True,3,0,88.21,391,5,3,False,0,0,0,heuristic,1326,3
research_summary__three_day_main_effect__main_jitter_j000__run5__52416e9d.json,52416e9d,research_summary,5,three_day_main_effect,main_jitter_j000,main_effect,0,0,0,0,,jitter,,,True,3,0,105.99,338,5,5,True,0,0,0,heuristic,1138,3
research_summary__three_day_main_effect__main_jitter_j001__run1__31ea39e9.json,31ea39e9,research_summary,1,three_day_main_effect,main_jitter_j001,main_effect,50,0,1,0,,jitter,,,True,3,0,98.74,363,5,5,True,0,0,0,heuristic,1259,3
research_summary__three_day_main_effect__main_jitter_j001__run2__ea9c3a42.json,ea9c3a42,research_summary,2,three_day_main_effect,main_jitter_j001,main_effect,50,0,1,0,,jitter,,,True,3,0,139.31,277,5,4,True,0,0,0,heuristic,963,3
research_summary__three_day_main_effect__main_jitter_j001__run3__141b672c.json,141b672c,research_summary,3,three_day_main_effect,main_jitter_j001,main_effect,50,0,1,0,,jitter,,,True,3,0,113.15,462,5,5,True,0,0,0,heuristic,1612,3
research_summary__three_day_main_effect__main_jitter_j001__run4__a403c0d3.json,a403c0d3,research_summary,4,three_day_main_effect,main_jitter_j001,main_effect,50,0,1,0,,jitter,,,True,3,0,86.36,275,5,4,True,0,0,0,heuristic,862,3
research_summary__three_day_main_effect__main_jitter_j001__run5__7da9fc70.json,7da9fc70,research_summary,5,three_day_main_effect,main_jitter_j001,main_effect,50,0,1,0,,jitter,,,True,3,0,134.81,233,4,4,True,0,0,0,heuristic,785,3
research_summary__three_day_main_effect__main_jitter_j005__run1__d7f208e1.json,d7f208e1,research_summary,1,three_day_main_effect,main_jitter_j005,main_effect,50,0,5,0,,jitter,,,True,3,0,108.01,290,5,3,False,0,0,0,heuristic,966,3
research_summary__three_day_main_effect__main_jitter_j005__run2__bf773ad4.json,bf773ad4,research_summary,2,three_day_main_effect,main_jitter_j005,main_effect,50,0,5,0,,jitter,,,True,3,0,106.19,285,5,3,False,0,0,0,heuristic,946,3
research_summary__three_day_main_effect__main_jitter_j005__run3__9058c14c.json,9058c14c,research_summary,3,three_day_main_effect,main_jitter_j005,main_effect,50,0,5,0,,jitter,,,True,3,0,236.57,478,5,4,True,0,0,0,heuristic,1676,3
research_summary__three_day_main_effect__main_jitter_j005__run4__15cf3320.json,15cf3320,research_summary,4,three_day_main_effect,main_jitter_j005,main_effect,50,0,5,0,,jitter,,,True,6,1,416.21,530,5,3,False,0,0,1,heuristic,806,6
research_summary__three_day_main_effect__main_jitter_j005__run5__3b3ef6bd.json,3b3ef6bd,research_summary,5,three_day_main_effect,main_jitter_j005,main_effect,50,0,5,0,,jitter,,,True,3,0,102.59,235,5,4,True,0,0,0,heuristic,735,3
research_summary__three_day_main_effect__main_jitter_j010__run1__b61c32de.json,b61c32de,research_summary,1,three_day_main_effect,main_jitter_j010,main_effect,50,0,10,0,,jitter,,,True,3,0,164.11,377,5,5,True,0,0,0,heuristic,1286,3
research_summary__three_day_main_effect__main_jitter_j010__run2__a07d02e5.json,a07d02e5,research_summary,2,three_day_main_effect,main_jitter_j010,main_effect,50,0,10,0,,jitter,,,True,3,0,118.27,359,5,4,True,0,0,0,heuristic,1205,3
research_summary__three_day_main_effect__main_jitter_j010__run3__62cb56db.json,62cb56db,research_summary,3,three_day_main_effect,main_jitter_j010,main_effect,50,0,10,0,,jitter,,,True,3,0,94.67,262,5,3,False,0,0,0,heuristic,814,3
research_summary__three_day_main_effect__main_jitter_j010__run4__7bb370bd.json,7bb370bd,research_summary,4,three_day_main_effect,main_jitter_j010,main_effect,50,0,10,0,,jitter,,,True,3,0,114.45,209,5,3,False,0,0,0,heuristic,626,3
research_summary__three_day_main_effect__main_jitter_j010__run5__f64bc7ab.json,f64bc7ab,research_summary,5,three_day_main_effect,main_jitter_j010,main_effect,50,0,10,0,,jitter,,,True,3,0,95.88,242,5,4,True,0,0,0,heuristic,738,3
research_summary__three_day_main_effect__main_jitter_j015__run1__392614b1.json,392614b1,research_summary,1,three_day_main_effect,main_jitter_j015,main_effect,50,0,15,0,,jitter,,,True,3,0,87.14,213,5,5,True,0,0,0,heuristic,623,3
research_summary__three_day_main_effect__main_jitter_j015__run2__1314f0fb.json,1314f0fb,research_summary,2,three_day_main_effect,main_jitter_j015,main_effect,50,0,15,0,,jitter,,,True,3,0,142.67,409,5,5,True,0,0,0,heuristic,1414,3
research_summary__three_day_main_effect__main_jitter_j015__run3__2fe1df07.json,2fe1df07,research_summary,3,three_day_main_effect,main_jitter_j015,main_effect,50,0,15,0,,jitter,,,True,3,0,124.74,376,5,5,True,0,0,0,heuristic,1279,3
research_summary__three_day_main_effect__main_jitter_j015__run4__34088439.json,34088439,research_summary,4,three_day_main_effect,main_jitter_j015,main_effect,50,0,15,0,,jitter,,,True,3,0,92.47,208,5,3,False,0,0,0,heuristic,619,3
research_summary__three_day_main_effect__main_jitter_j015__run5__b8cbc941.json,b8cbc941,research_summary,5,three_day_main_effect,main_jitter_j015,main_effect,50,0,15,0,,jitter,,,True,3,0,133.27,263,5,3,False,0,0,0,heuristic,848,3
research_summary__three_day_main_effect__main_jitter_j020__run1__46ca3737.json,46ca3737,research_summary,1,three_day_main_effect,main_jitter_j020,main_effect,50,0,20,0,,jitter,,,True,3,0,105.33,221,5,2,False,0,0,0,heuristic,699,3
research_summary__three_day_main_effect__main_jitter_j020__run2__1befb4e3.json,1befb4e3,research_summary,2,three_day_main_effect,main_jitter_j020,main_effect,50,0,20,0,,jitter,,,True,3,0,91.55,278,5,5,True,0,0,0,heuristic,896,3
research_summary__three_day_main_effect__main_jitter_j020__run3__a3ef97b2.json,a3ef97b2,research_summary,3,three_day_main_effect,main_jitter_j020,main_effect,50,0,20,0,,jitter,,,True,3,0,135.52,368,5,4,True,0,0,0,heuristic,1245,3
research_summary__three_day_main_effect__main_jitter_j020__run4__383a5542.json,383a5542,research_summary,4,three_day_main_effect,main_jitter_j020,main_effect,50,0,20,0,,jitter,,,True,3,0,86.45,254,5,4,True,0,0,0,heuristic,801,3
research_summary__three_day_main_effect__main_jitter_j020__run5__2bfc6710.json,2bfc6710,research_summary,5,three_day_main_effect,main_jitter_j020,main_effect,50,0,20,0,,jitter,,,True,3,0,109.85,342,5,5,True,0,0,0,heuristic,1156,3
research_summary__three_day_main_effect__main_jitter_j025__run1__bdc6f25d.json,bdc6f25d,research_summary,1,three_day_main_effect,main_jitter_j025,main_effect,50,0,25,0,,jitter,,,True,3,0,101.31,271,5,3,False,0,0,0,heuristic,876,3
research_summary__three_day_main_effect__main_jitter_j025__run2__18da3461.json,18da3461,research_summary,2,three_day_main_effect,main_jitter_j025,main_effect,50,0,25,0,,jitter,,,True,3,0,128.26,264,5,4,True,0,0,0,heuristic,837,3
research_summary__three_day_main_effect__main_jitter_j025__run3__851a16b7.json,851a16b7,research_summary,3,three_day_main_effect,main_jitter_j025,main_effect,50,0,25,0,,jitter,,,True,3,0,143.97,313,5,5,True,0,0,0,heuristic,1043,3
research_summary__three_day_main_effect__main_jitter_j025__run4__75675821.json,75675821,research_summary,4,three_day_main_effect,main_jitter_j025,main_effect,50,0,25,0,,jitter,,,True,3,0,94.29,210,5,4,True,0,0,0,heuristic,641,3
research_summary__three_day_main_effect__main_jitter_j025__run5__169d0383.json,169d0383,research_summary,5,three_day_main_effect,main_jitter_j025,main_effect,50,0,25,0,,jitter,,,True,3,0,129.59,202,5,3,False,0,0,0,heuristic,549,3
research_summary__three_day_main_effect__main_jitter_j030__run1__0b7800c9.json,0b7800c9,research_summary,1,three_day_main_effect,main_jitter_j030,main_effect,50,0,30,0,,jitter,,,True,3,0,158.85,228,5,4,True,0,0,0,heuristic,764,3
research_summary__three_day_main_effect__main_jitter_j030__run2__f6c36f49.json,f6c36f49,research_summary,2,three_day_main_effect,main_jitter_j030,main_effect,50,0,30,0,,jitter,,,True,3,0,111.42,222,5,3,False,0,0,0,heuristic,700,3
research_summary__three_day_main_effect__main_jitter_j030__run3__1f0eaefd.json,1f0eaefd,research_summary,3,three_day_main_effect,main_jitter_j030,main_effect,50,0,30,0,,jitter,,,True,3,0,270.02,418,5,5,True,0,0,0,heuristic,1433,3
research_summary__three_day_main_effect__main_jitter_j030__run4__63cc6606.json,63cc6606,research_summary,4,three_day_main_effect,main_jitter_j030,main_effect,50,0,30,0,,jitter,,,True,3,0,122.62,270,5,4,True,0,0,0,heuristic,852,3
research_summary__three_day_main_effect__main_jitter_j030__run5__c14cccc1.json,c14cccc1,research_summary,5,three_day_main_effect,main_jitter_j030,main_effect,50,0,30,0,,jitter,,,True,3,0,136.25,234,5,3,False,0,0,0,heuristic,681,3
research_summary__three_day_main_effect__main_jitter_j050__run1__e36c9cf2.json,e36c9cf2,research_summary,1,three_day_main_effect,main_jitter_j050,main_effect,50,0,50,0,,jitter,,,True,3,0,125.67,403,5,5,True,0,0,0,heuristic,1407,3
research_summary__three_day_main_effect__main_jitter_j050__run2__a28d35b6.json,a28d35b6,research_summary,2,three_day_main_effect,main_jitter_j050,main_effect,50,0,50,0,,jitter,,,True,3,0,135.63,272,5,5,True,0,0,0,heuristic,882,3
research_summary__three_day_main_effect__main_jitter_j050__run3__753029bd.json,753029bd,research_summary,3,three_day_main_effect,main_jitter_j050,main_effect,50,0,50,0,,jitter,,,True,3,0,292.61,225,5,3,False,0,0,0,heuristic,720,3
research_summary__three_day_main_effect__main_jitter_j050__run4__5663ea80.json,5663ea80,research_summary,4,three_day_main_effect,main_jitter_j050,main_effect,50,0,50,0,,jitter,,,True,3,0,118.92,244,5,3,False,0,0,0,heuristic,772,3
research_summary__three_day_main_effect__main_jitter_j050__run5__3b8b19f7.json,3b8b19f7,research_summary,5,three_day_main_effect,main_jitter_j050,main_effect,50,0,50,0,,jitter,,,True,3,0,142.41,263,5,3,False,0,0,0,heuristic,858,3
research_summary__three_day_main_effect__main_jitter_j075__run1__19edf01e.json,19edf01e,research_summary,1,three_day_main_effect,main_jitter_j075,main_effect,50,0,75,0,,jitter,,,True,3,0,104.01,469,5,4,True,0,0,0,heuristic,1640,3
research_summary__three_day_main_effect__main_jitter_j075__run2__23c476e1.json,23c476e1,research_summary,2,three_day_main_effect,main_jitter_j075,main_effect,50,0,75,0,,jitter,,,True,3,0,102.17,211,5,4,True,0,0,0,heuristic,658,3
research_summary__three_day_main_effect__main_jitter_j075__run3__7940b188.json,7940b188,research_summary,3,three_day_main_effect,main_jitter_j075,main_effect,50,0,75,0,,jitter,,,True,3,0,155.93,447,5,5,True,0,0,0,heuristic,1586,3
research_summary__three_day_main_effect__main_jitter_j075__run4__1cc96c7b.json,1cc96c7b,research_summary,4,three_day_main_effect,main_jitter_j075,main_effect,50,0,75,0,,jitter,,,True,3,0,110.89,362,5,4,True,0,0,0,heuristic,1241,3
research_summary__three_day_main_effect__main_jitter_j075__run5__638c6df4.json,638c6df4,research_summary,5,three_day_main_effect,main_jitter_j075,main_effect,50,0,75,0,,jitter,,,True,3,0,183.23,300,5,4,True,0,0,0,heuristic,965,3
research_summary__three_day_main_effect__main_loss_loss0__run1__993a6c88.json,993a6c88,research_summary,1,three_day_main_effect,main_loss_loss0,main_effect,0,0,0,0,,loss,,,True,3,0,98.19,378,5,4,True,0,0,0,heuristic,1306,3
research_summary__three_day_main_effect__main_loss_loss0__run2__fc347ea2.json,fc347ea2,research_summary,2,three_day_main_effect,main_loss_loss0,main_effect,0,0,0,0,,loss,,,True,3,0,138.57,205,5,3,False,0,0,0,heuristic,604,3
research_summary__three_day_main_effect__main_loss_loss0__run3__0f8e27d1.json,0f8e27d1,research_summary,3,three_day_main_effect,main_loss_loss0,main_effect,0,0,0,0,,loss,,,True,3,0,123.47,342,5,4,True,0,0,0,heuristic,1175,3
research_summary__three_day_main_effect__main_loss_loss0__run4__ea70f48d.json,ea70f48d,research_summary,4,three_day_main_effect,main_loss_loss0,main_effect,0,0,0,0,,loss,,,True,3,0,106.67,214,5,2,False,0,0,0,heuristic,652,3
research_summary__three_day_main_effect__main_loss_loss0__run5__b5592e3d.json,b5592e3d,research_summary,5,three_day_main_effect,main_loss_loss0,main_effect,0,0,0,0,,loss,,,True,3,0,573.07,522,5,3,False,0,1,3,heuristic,1001,6
research_summary__three_day_main_effect__main_loss_loss10__run1__f5476dbe.json,f5476dbe,research_summary,1,three_day_main_effect,main_loss_loss10,main_effect,0,0,0,10,,loss,,,True,3,0,107.53,432,5,4,True,0,0,0,heuristic,1488,3
research_summary__three_day_main_effect__main_loss_loss10__run2__862b39db.json,862b39db,research_summary,2,three_day_main_effect,main_loss_loss10,main_effect,0,0,0,10,,loss,,,True,3,0,114.9,207,5,3,False,0,0,0,heuristic,607,3
research_summary__three_day_main_effect__main_loss_loss10__run3__6ef8e664.json,6ef8e664,research_summary,3,three_day_main_effect,main_loss_loss10,main_effect,0,0,0,10,,loss,,,True,3,0,157.51,295,5,4,True,0,0,0,heuristic,956,3
research_summary__three_day_main_effect__main_loss_loss10__run4__24f9f541.json,24f9f541,research_summary,4,three_day_main_effect,main_loss_loss10,main_effect,0,0,0,10,,loss,,,True,3,0,135.08,243,5,4,True,0,0,0,heuristic,824,3
research_summary__three_day_main_effect__main_loss_loss10__run5__049e234a.json,049e234a,research_summary,5,three_day_main_effect,main_loss_loss10,main_effect,0,0,0,10,,loss,,,True,3,0,110.44,219,5,2,False,0,0,0,heuristic,629,3
research_summary__three_day_main_effect__main_loss_loss15__run1__7318eb3d.json,7318eb3d,research_summary,1,three_day_main_effect,main_loss_loss15,main_effect,0,0,0,15,,loss,,,True,3,0,95.45,368,5,5,True,0,0,0,heuristic,1265,3
research_summary__three_day_main_effect__main_loss_loss15__run2__c737987c.json,c737987c,research_summary,2,three_day_main_effect,main_loss_loss15,main_effect,0,0,0,15,,loss,,,True,3,0,159.29,615,5,4,True,0,0,0,heuristic,2212,3
research_summary__three_day_main_effect__main_loss_loss15__run3__f0abdbe3.json,f0abdbe3,research_summary,3,three_day_main_effect,main_loss_loss15,main_effect,0,0,0,15,,loss,,,True,3,0,186.34,209,5,3,False,0,0,0,heuristic,688,3
research_summary__three_day_main_effect__main_loss_loss15__run4__c6ea3508.json,c6ea3508,research_summary,4,three_day_main_effect,main_loss_loss15,main_effect,0,0,0,15,,loss,,,True,3,0,119.77,217,5,3,False,0,0,0,heuristic,654,3
research_summary__three_day_main_effect__main_loss_loss15__run5__9683e884.json,9683e884,research_summary,5,three_day_main_effect,main_loss_loss15,main_effect,0,0,0,15,,loss,,,True,3,0,73.48,209,5,3,False,0,0,0,heuristic,630,3
research_summary__three_day_main_effect__main_loss_loss1__run1__31809100.json,31809100,research_summary,1,three_day_main_effect,main_loss_loss1,main_effect,0,0,0,1,,loss,,,True,3,0,122.89,464,5,4,True,0,0,0,heuristic,1653,3
research_summary__three_day_main_effect__main_loss_loss1__run2__2b038349.json,2b038349,research_summary,2,three_day_main_effect,main_loss_loss1,main_effect,0,0,0,1,,loss,,,True,3,0,144.31,211,5,5,True,0,0,0,heuristic,616,3
research_summary__three_day_main_effect__main_loss_loss1__run3__e089ef8f.json,e089ef8f,research_summary,3,three_day_main_effect,main_loss_loss1,main_effect,0,0,0,1,,loss,,,True,6,1,469.42,463,5,2,False,0,0,1,heuristic,399,6
research_summary__three_day_main_effect__main_loss_loss1__run4__44811c7f.json,44811c7f,research_summary,4,three_day_main_effect,main_loss_loss1,main_effect,0,0,0,1,,loss,,,True,3,0,94.21,349,5,4,True,0,0,0,heuristic,1175,3
research_summary__three_day_main_effect__main_loss_loss1__run5__ff949985.json,ff949985,research_summary,5,three_day_main_effect,main_loss_loss1,main_effect,0,0,0,1,,loss,,,True,3,0,93.59,378,5,5,True,0,0,0,heuristic,1299,3
research_summary__three_day_main_effect__main_loss_loss20__run1__0d9de592.json,0d9de592,research_summary,1,three_day_main_effect,main_loss_loss20,main_effect,0,0,0,20,,loss,,,True,3,0,125.57,217,5,4,True,0,0,0,heuristic,657,3
research_summary__three_day_main_effect__main_loss_loss20__run2__6352759d.json,6352759d,research_summary,2,three_day_main_effect,main_loss_loss20,main_effect,0,0,0,20,,loss,,,True,3,0,97.71,250,5,3,False,0,0,0,heuristic,790,3
research_summary__three_day_main_effect__main_loss_loss20__run3__097c8b66.json,097c8b66,research_summary,3,three_day_main_effect,main_loss_loss20,main_effect,0,0,0,20,,loss,,,True,3,0,126.91,239,5,3,False,0,0,0,heuristic,742,3
research_summary__three_day_main_effect__main_loss_loss20__run4__1b0e48aa.json,1b0e48aa,research_summary,4,three_day_main_effect,main_loss_loss20,main_effect,0,0,0,20,,loss,,,True,3,0,183.87,213,5,4,True,0,0,0,heuristic,624,3
research_summary__three_day_main_effect__main_loss_loss20__run5__7b5756b9.json,7b5756b9,research_summary,5,three_day_main_effect,main_loss_loss20,main_effect,0,0,0,20,,loss,,,True,3,0,112.47,278,5,4,True,0,0,0,heuristic,924,3
research_summary__three_day_main_effect__main_loss_loss25__run1__9e2ece67.json,9e2ece67,research_summary,1,three_day_main_effect,main_loss_loss25,main_effect,0,0,0,25,,loss,,,True,3,0,117.21,205,5,3,False,0,0,0,heuristic,624,3
research_summary__three_day_main_effect__main_loss_loss25__run2__9502bbff.json,9502bbff,research_summary,2,three_day_main_effect,main_loss_loss25,main_effect,0,0,0,25,,loss,,,True,3,0,117.16,253,5,4,True,0,0,0,heuristic,799,3
research_summary__three_day_main_effect__main_loss_loss25__run3__38b2eb7f.json,38b2eb7f,research_summary,3,three_day_main_effect,main_loss_loss25,main_effect,0,0,0,25,,loss,,,True,3,0,151.57,319,5,3,False,0,0,0,heuristic,1067,3
research_summary__three_day_main_effect__main_loss_loss25__run4__1f049d48.json,1f049d48,research_summary,4,three_day_main_effect,main_loss_loss25,main_effect,0,0,0,25,,loss,,,True,3,0,87.57,247,5,4,True,0,0,0,heuristic,808,3
research_summary__three_day_main_effect__main_loss_loss25__run5__70e7d47b.json,70e7d47b,research_summary,5,three_day_main_effect,main_loss_loss25,main_effect,0,0,0,25,,loss,,,True,3,0,124.92,262,5,2,False,0,0,0,heuristic,846,3
research_summary__three_day_main_effect__main_loss_loss30__run1__0ed097fb.json,0ed097fb,research_summary,1,three_day_main_effect,main_loss_loss30,main_effect,0,0,0,30,,loss,,,True,3,0,165.46,300,5,4,True,0,0,0,heuristic,1015,3
research_summary__three_day_main_effect__main_loss_loss30__run2__112939ac.json,112939ac,research_summary,2,three_day_main_effect,main_loss_loss30,main_effect,0,0,0,30,,loss,,,True,3,0,131.92,232,5,3,False,0,0,0,heuristic,716,3
research_summary__three_day_main_effect__main_loss_loss30__run3__7ea3eb8c.json,7ea3eb8c,research_summary,3,three_day_main_effect,main_loss_loss30,main_effect,0,0,0,30,,loss,,,True,3,0,197.56,230,4,2,False,0,0,0,heuristic,682,3
research_summary__three_day_main_effect__main_loss_loss30__run4__b7d41318.json,b7d41318,research_summary,4,three_day_main_effect,main_loss_loss30,main_effect,0,0,0,30,,loss,,,True,3,0,148.0,313,5,2,False,0,0,0,heuristic,1023,3
research_summary__three_day_main_effect__main_loss_loss30__run5__357e27c0.json,357e27c0,research_summary,5,three_day_main_effect,main_loss_loss30,main_effect,0,0,0,30,,loss,,,True,3,0,91.78,277,5,5,True,0,0,0,heuristic,873,3
research_summary__three_day_main_effect__main_loss_loss40__run1__93914524.json,93914524,research_summary,1,three_day_main_effect,main_loss_loss40,main_effect,0,0,0,40,,loss,,,True,3,0,371.0,277,5,4,True,0,0,0,heuristic,912,3
research_summary__three_day_main_effect__main_loss_loss40__run2__6c2a3143.json,6c2a3143,research_summary,2,three_day_main_effect,main_loss_loss40,main_effect,0,0,0,40,,loss,,,True,3,0,121.36,395,5,5,True,0,0,0,heuristic,1367,3
research_summary__three_day_main_effect__main_loss_loss40__run3__44c40fd0.json,44c40fd0,research_summary,3,three_day_main_effect,main_loss_loss40,main_effect,0,0,0,40,,loss,,,True,3,0,233.52,286,5,4,True,0,0,0,heuristic,944,3
research_summary__three_day_main_effect__main_loss_loss40__run4__49dcccaa.json,49dcccaa,research_summary,4,three_day_main_effect,main_loss_loss40,main_effect,0,0,0,40,,loss,,,True,3,0,96.21,366,5,5,True,0,0,0,heuristic,1265,3
research_summary__three_day_main_effect__main_loss_loss40__run5__6f89b58b.json,6f89b58b,research_summary,5,three_day_main_effect,main_loss_loss40,main_effect,0,0,0,40,,loss,,,True,3,0,108.55,234,5,3,False,0,0,0,heuristic,730,3
research_summary__three_day_main_effect__main_loss_loss50__run1__bb57dbe6.json,bb57dbe6,research_summary,1,three_day_main_effect,main_loss_loss50,main_effect,0,0,0,50,,loss,,,True,3,0,92.79,285,5,5,True,0,0,0,heuristic,927,3
research_summary__three_day_main_effect__main_loss_loss50__run2__bc32cbd3.json,bc32cbd3,research_summary,2,three_day_main_effect,main_loss_loss50,main_effect,0,0,0,50,,loss,,,True,3,0,243.63,213,5,3,False,0,0,0,heuristic,658,3
research_summary__three_day_main_effect__main_loss_loss50__run3__a255e104.json,a255e104,research_summary,3,three_day_main_effect,main_loss_loss50,main_effect,0,0,0,50,,loss,,,True,3,0,93.19,235,5,5,True,0,0,0,heuristic,733,3
research_summary__three_day_main_effect__main_loss_loss50__run4__cdd18ee3.json,cdd18ee3,research_summary,4,three_day_main_effect,main_loss_loss50,main_effect,0,0,0,50,,loss,,,True,3,0,96.36,251,5,4,True,0,0,0,heuristic,803,3
research_summary__three_day_main_effect__main_loss_loss50__run5__a367d6e7.json,a367d6e7,research_summary,5,three_day_main_effect,main_loss_loss50,main_effect,0,0,0,50,,loss,,,False,6,2,992.33,547,2,3,False,0,1,4,heuristic,648,7
research_summary__three_day_main_effect__main_loss_loss5__run1__e7822745.json,e7822745,research_summary,1,three_day_main_effect,main_loss_loss5,main_effect,0,0,0,5,,loss,,,True,3,0,95.11,436,5,4,True,0,0,0,heuristic,1534,3
research_summary__three_day_main_effect__main_loss_loss5__run2__641d7fa3.json,641d7fa3,research_summary,2,three_day_main_effect,main_loss_loss5,main_effect,0,0,0,5,,loss,,,True,3,0,112.77,348,5,3,False,0,0,0,heuristic,1177,3
research_summary__three_day_main_effect__main_loss_loss5__run3__8f9a0342.json,8f9a0342,research_summary,3,three_day_main_effect,main_loss_loss5,main_effect,0,0,0,5,,loss,,,True,3,0,110.64,240,5,5,True,0,0,0,heuristic,727,3
research_summary__three_day_main_effect__main_loss_loss5__run4__43f0a540.json,43f0a540,research_summary,4,three_day_main_effect,main_loss_loss5,main_effect,0,0,0,5,,loss,,,True,3,0,203.58,311,5,3,False,0,0,0,heuristic,1008,3
research_summary__three_day_main_effect__main_loss_loss5__run5__233ac524.json,233ac524,research_summary,5,three_day_main_effect,main_loss_loss5,main_effect,0,0,0,5,,loss,,,True,3,0,99.65,434,5,4,True,0,0,0,heuristic,1490,3
research_summary__three_day_main_effect__main_loss_loss75__run1__1e1bef85.json,1e1bef85,research_summary,1,three_day_main_effect,main_loss_loss75,main_effect,0,0,0,75,,loss,,,False,1,0,831.04,1011,,1,False,2,0,5,heuristic,1134,5
research_summary__three_day_main_effect__main_loss_loss75__run2__23764014.json,23764014,research_summary,2,three_day_main_effect,main_loss_loss75,main_effect,0,0,0,75,,loss,,,True,3,0,117.07,375,5,4,True,0,0,0,heuristic,1272,3
research_summary__three_day_main_effect__main_loss_loss75__run3__29d9908e.json,29d9908e,research_summary,3,three_day_main_effect,main_loss_loss75,main_effect,0,0,0,75,,loss,,,True,3,0,1063.35,437,5,3,False,1,2,4,heuristic,613,6
research_summary__three_day_main_effect__main_loss_loss75__run4__bd702d0f.json,bd702d0f,research_summary,4,three_day_main_effect,main_loss_loss75,main_effect,0,0,0,75,,loss,,,True,3,0,163.55,677,5,5,True,0,0,0,heuristic,2476,3
research_summary__three_day_main_effect__main_loss_loss75__run5__bf7ac66c.json,bf7ac66c,research_summary,5,three_day_main_effect,main_loss_loss75,main_effect,0,0,0,75,,loss,,,False,1,0,887.05,99,,1,False,2,2,5,heuristic,0,3
