log_file,run_id,task_name,run_index,phase,scenario_name,scenario_type,delay_ms,requested_delay_ms,jitter_ms,loss_pct,bandwidth_kbit,main_effect_axis,match_id,side,success,rounds,reviewer_rejections,elapsed_seconds,total_tokens,quality_score,ground_truth_score,ground_truth_passed,retry_count,timeout_count,total_error_count,eval_mode,final_answer_length,n_messages
coding_task__tier4_main_effect_replicate__llama3.1_8b__main_delay_d0000__run1__d3c8d965.json,d3c8d965,coding_task,1,tier4_main_effect_replicate__llama3.1_8b,main_delay_d0000,main_effect,0,0,0,0,,delay,,,True,3,0,32.99,336,5,4,True,0,0,0,heuristic,1189,3
coding_task__tier4_main_effect_replicate__llama3.1_8b__main_delay_d0000__run2__44f50e96.json,44f50e96,coding_task,2,tier4_main_effect_replicate__llama3.1_8b,main_delay_d0000,main_effect,0,0,0,0,,delay,,,True,3,0,30.01,330,5,4,True,0,0,0,heuristic,1164,3
coding_task__tier4_main_effect_replicate__llama3.1_8b__main_delay_d0000__run3__6734d4b7.json,6734d4b7,coding_task,3,tier4_main_effect_replicate__llama3.1_8b,main_delay_d0000,main_effect,0,0,0,0,,delay,,,True,3,0,21.88,248,5,4,True,0,0,0,heuristic,837,3
coding_task__tier4_main_effect_replicate__llama3.1_8b__main_delay_d0000__run4__13b7905c.json,13b7905c,coding_task,4,tier4_main_effect_replicate__llama3.1_8b,main_delay_d0000,main_effect,0,0,0,0,,delay,,,True,3,0,26.18,294,5,5,True,0,0,0,heuristic,1022,3
coding_task__tier4_main_effect_replicate__llama3.1_8b__main_delay_d0000__run5__032abf86.json,032abf86,coding_task,5,tier4_main_effect_replicate__llama3.1_8b,main_delay_d0000,main_effect,0,0,0,0,,delay,,,True,3,0,26.87,276,5,4,True,0,0,0,heuristic,950,3
coding_task__tier4_main_effect_replicate__llama3.1_8b__main_delay_d0050__run1__4a8f8d92.json,4a8f8d92,coding_task,1,tier4_main_effect_replicate__llama3.1_8b,main_delay_d0050,main_effect,50,50,0,0,,delay,,,True,3,0,17.06,217,5,4,True,0,0,0,heuristic,714,3
coding_task__tier4_main_effect_replicate__llama3.1_8b__main_delay_d0050__run2__1b353fb9.json,1b353fb9,coding_task,2,tier4_main_effect_replicate__llama3.1_8b,main_delay_d0050,main_effect,50,50,0,0,,delay,,,True,3,0,23.84,257,5,4,True,0,0,0,heuristic,872,3
coding_task__tier4_main_effect_replicate__llama3.1_8b__main_delay_d0050__run3__21cd10d0.json,21cd10d0,coding_task,3,tier4_main_effect_replicate__llama3.1_8b,main_delay_d0050,main_effect,50,50,0,0,,delay,,,True,3,0,24.02,251,5,4,True,0,0,0,heuristic,850,3
coding_task__tier4_main_effect_replicate__llama3.1_8b__main_delay_d0050__run4__f53fd641.json,f53fd641,coding_task,4,tier4_main_effect_replicate__llama3.1_8b,main_delay_d0050,main_effect,50,50,0,0,,delay,,,True,3,0,31.35,325,5,4,True,0,0,0,heuristic,1145,3
coding_task__tier4_main_effect_replicate__llama3.1_8b__main_delay_d0050__run5__783bf4f2.json,783bf4f2,coding_task,5,tier4_main_effect_replicate__llama3.1_8b,main_delay_d0050,main_effect,50,50,0,0,,delay,,,True,3,0,24.64,263,5,4,True,0,0,0,heuristic,898,3
coding_task__tier4_main_effect_replicate__llama3.1_8b__main_delay_d0100__run1__673901c7.json,673901c7,coding_task,1,tier4_main_effect_replicate__llama3.1_8b,main_delay_d0100,main_effect,100,100,0,0,,delay,,,True,3,0,150.93,269,5,3,False,0,0,0,heuristic,920,3
coding_task__tier4_main_effect_replicate__llama3.1_8b__main_delay_d0100__run2__f3c3001c.json,f3c3001c,coding_task,2,tier4_main_effect_replicate__llama3.1_8b,main_delay_d0100,main_effect,100,100,0,0,,delay,,,True,3,0,27.15,294,5,4,True,0,0,0,heuristic,1022,3
coding_task__tier4_main_effect_replicate__llama3.1_8b__main_delay_d0100__run3__120c61cd.json,120c61cd,coding_task,3,tier4_main_effect_replicate__llama3.1_8b,main_delay_d0100,main_effect,100,100,0,0,,delay,,,True,3,0,22.78,245,5,4,True,0,0,0,heuristic,826,3
coding_task__tier4_main_effect_replicate__llama3.1_8b__main_delay_d0100__run4__3cc36065.json,3cc36065,coding_task,4,tier4_main_effect_replicate__llama3.1_8b,main_delay_d0100,main_effect,100,100,0,0,,delay,,,True,3,0,32.09,321,5,4,True,0,0,0,heuristic,1129,3
coding_task__tier4_main_effect_replicate__llama3.1_8b__main_delay_d0100__run5__4a19c065.json,4a19c065,coding_task,5,tier4_main_effect_replicate__llama3.1_8b,main_delay_d0100,main_effect,100,100,0,0,,delay,,,True,3,0,22.3,244,5,4,True,0,0,0,heuristic,821,3
coding_task__tier4_main_effect_replicate__llama3.1_8b__main_delay_d0150__run1__ee583d32.json,ee583d32,coding_task,1,tier4_main_effect_replicate__llama3.1_8b,main_delay_d0150,main_effect,150,150,0,0,,delay,,,True,3,0,36.0,286,5,4,True,0,0,0,heuristic,990,3
coding_task__tier4_main_effect_replicate__llama3.1_8b__main_delay_d0150__run2__69662c42.json,69662c42,coding_task,2,tier4_main_effect_replicate__llama3.1_8b,main_delay_d0150,main_effect,150,150,0,0,,delay,,,True,3,0,26.61,291,5,5,True,0,0,0,heuristic,1009,3
coding_task__tier4_main_effect_replicate__llama3.1_8b__main_delay_d0150__run3__d2d400be.json,d2d400be,coding_task,3,tier4_main_effect_replicate__llama3.1_8b,main_delay_d0150,main_effect,150,150,0,0,,delay,,,True,3,0,28.2,306,5,5,True,0,0,0,heuristic,1068,3
coding_task__tier4_main_effect_replicate__llama3.1_8b__main_delay_d0150__run4__51f8cc1e.json,51f8cc1e,coding_task,4,tier4_main_effect_replicate__llama3.1_8b,main_delay_d0150,main_effect,150,150,0,0,,delay,,,True,3,0,29.68,294,5,4,True,0,0,0,heuristic,1021,3
coding_task__tier4_main_effect_replicate__llama3.1_8b__main_delay_d0150__run5__03689ec6.json,03689ec6,coding_task,5,tier4_main_effect_replicate__llama3.1_8b,main_delay_d0150,main_effect,150,150,0,0,,delay,,,True,3,0,22.3,249,5,4,True,0,0,0,heuristic,843,3
coding_task__tier4_main_effect_replicate__llama3.1_8b__main_delay_d0200__run1__7604170c.json,7604170c,coding_task,1,tier4_main_effect_replicate__llama3.1_8b,main_delay_d0200,main_effect,200,200,0,0,,delay,,,True,3,0,37.08,276,5,4,True,0,0,0,heuristic,951,3
coding_task__tier4_main_effect_replicate__llama3.1_8b__main_delay_d0200__run2__c7116021.json,c7116021,coding_task,2,tier4_main_effect_replicate__llama3.1_8b,main_delay_d0200,main_effect,200,200,0,0,,delay,,,True,3,0,21.93,245,5,4,True,0,0,0,heuristic,825,3
coding_task__tier4_main_effect_replicate__llama3.1_8b__main_delay_d0200__run3__5a0272c9.json,5a0272c9,coding_task,3,tier4_main_effect_replicate__llama3.1_8b,main_delay_d0200,main_effect,200,200,0,0,,delay,,,True,3,0,21.04,214,5,4,True,0,0,0,heuristic,702,3
coding_task__tier4_main_effect_replicate__llama3.1_8b__main_delay_d0200__run4__0906f634.json,0906f634,coding_task,4,tier4_main_effect_replicate__llama3.1_8b,main_delay_d0200,main_effect,200,200,0,0,,delay,,,True,3,0,30.49,307,5,4,True,0,0,0,heuristic,1073,3
coding_task__tier4_main_effect_replicate__llama3.1_8b__main_delay_d0200__run5__26b63fcc.json,26b63fcc,coding_task,5,tier4_main_effect_replicate__llama3.1_8b,main_delay_d0200,main_effect,200,200,0,0,,delay,,,True,3,0,20.36,224,5,4,True,0,0,0,heuristic,743,3
coding_task__tier4_main_effect_replicate__llama3.1_8b__main_delay_d0250__run1__bd530b13.json,bd530b13,coding_task,1,tier4_main_effect_replicate__llama3.1_8b,main_delay_d0250,main_effect,250,250,0,0,,delay,,,True,3,0,24.92,229,5,4,True,0,0,0,heuristic,761,3
coding_task__tier4_main_effect_replicate__llama3.1_8b__main_delay_d0250__run2__cd2723b1.json,cd2723b1,coding_task,2,tier4_main_effect_replicate__llama3.1_8b,main_delay_d0250,main_effect,250,250,0,0,,delay,,,True,3,0,22.2,243,5,4,True,0,0,0,heuristic,817,3
coding_task__tier4_main_effect_replicate__llama3.1_8b__main_delay_d0250__run3__19322d46.json,19322d46,coding_task,3,tier4_main_effect_replicate__llama3.1_8b,main_delay_d0250,main_effect,250,250,0,0,,delay,,,True,3,0,24.19,263,5,4,True,0,0,0,heuristic,897,3
coding_task__tier4_main_effect_replicate__llama3.1_8b__main_delay_d0250__run4__b0a53c3b.json,b0a53c3b,coding_task,4,tier4_main_effect_replicate__llama3.1_8b,main_delay_d0250,main_effect,250,250,0,0,,delay,,,True,3,0,28.15,285,5,4,True,0,0,0,heuristic,987,3
coding_task__tier4_main_effect_replicate__llama3.1_8b__main_delay_d0250__run5__8a424323.json,8a424323,coding_task,5,tier4_main_effect_replicate__llama3.1_8b,main_delay_d0250,main_effect,250,250,0,0,,delay,,,True,3,0,33.05,342,5,5,True,0,0,0,heuristic,1215,3
coding_task__tier4_main_effect_replicate__llama3.1_8b__main_delay_d0300__run1__c68370d7.json,c68370d7,coding_task,1,tier4_main_effect_replicate__llama3.1_8b,main_delay_d0300,main_effect,300,300,0,0,,delay,,,True,3,0,33.74,326,5,5,True,0,0,0,heuristic,1097,3
coding_task__tier4_main_effect_replicate__llama3.1_8b__main_delay_d0300__run2__a462c4ca.json,a462c4ca,coding_task,2,tier4_main_effect_replicate__llama3.1_8b,main_delay_d0300,main_effect,300,300,0,0,,delay,,,True,3,0,22.08,246,5,4,True,0,0,0,heuristic,830,3
coding_task__tier4_main_effect_replicate__llama3.1_8b__main_delay_d0300__run3__0287a6de.json,0287a6de,coding_task,3,tier4_main_effect_replicate__llama3.1_8b,main_delay_d0300,main_effect,300,300,0,0,,delay,,,True,3,0,23.39,254,5,4,True,0,0,0,heuristic,862,3
coding_task__tier4_main_effect_replicate__llama3.1_8b__main_delay_d0300__run4__1549b8a4.json,1549b8a4,coding_task,4,tier4_main_effect_replicate__llama3.1_8b,main_delay_d0300,main_effect,300,300,0,0,,delay,,,True,3,0,27.21,291,5,4,True,0,0,0,heuristic,1009,3
coding_task__tier4_main_effect_replicate__llama3.1_8b__main_delay_d0300__run5__6995624c.json,6995624c,coding_task,5,tier4_main_effect_replicate__llama3.1_8b,main_delay_d0300,main_effect,300,300,0,0,,delay,,,True,3,0,22.01,230,5,4,True,0,0,0,heuristic,764,3
coding_task__tier4_main_effect_replicate__llama3.1_8b__main_delay_d0350__run1__9ac10b29.json,9ac10b29,coding_task,1,tier4_main_effect_replicate__llama3.1_8b,main_delay_d0350,main_effect,350,350,0,0,,delay,,,True,3,0,27.51,259,5,4,True,0,0,0,heuristic,883,3
coding_task__tier4_main_effect_replicate__llama3.1_8b__main_delay_d0350__run2__14ee40a4.json,14ee40a4,coding_task,2,tier4_main_effect_replicate__llama3.1_8b,main_delay_d0350,main_effect,350,350,0,0,,delay,,,True,3,0,26.85,292,5,4,True,0,0,0,heuristic,1013,3
coding_task__tier4_main_effect_replicate__llama3.1_8b__main_delay_d0350__run3__66d3238d.json,66d3238d,coding_task,3,tier4_main_effect_replicate__llama3.1_8b,main_delay_d0350,main_effect,350,350,0,0,,delay,,,True,3,0,22.48,250,5,4,True,0,0,0,heuristic,844,3
coding_task__tier4_main_effect_replicate__llama3.1_8b__main_delay_d0350__run4__6666f799.json,6666f799,coding_task,4,tier4_main_effect_replicate__llama3.1_8b,main_delay_d0350,main_effect,350,350,0,0,,delay,,,True,3,0,30.37,318,5,4,True,0,0,0,heuristic,1116,3
coding_task__tier4_main_effect_replicate__llama3.1_8b__main_delay_d0350__run5__75368a93.json,75368a93,coding_task,5,tier4_main_effect_replicate__llama3.1_8b,main_delay_d0350,main_effect,350,350,0,0,,delay,,,True,3,0,24.04,249,5,5,True,0,0,0,heuristic,841,3
coding_task__tier4_main_effect_replicate__llama3.1_8b__main_delay_d0400__run1__89a9d659.json,89a9d659,coding_task,1,tier4_main_effect_replicate__llama3.1_8b,main_delay_d0400,main_effect,400,400,0,0,,delay,,,True,3,0,39.69,348,5,4,True,0,0,0,heuristic,1238,3
coding_task__tier4_main_effect_replicate__llama3.1_8b__main_delay_d0400__run2__803ab097.json,803ab097,coding_task,2,tier4_main_effect_replicate__llama3.1_8b,main_delay_d0400,main_effect,400,400,0,0,,delay,,,True,3,0,21.34,235,5,4,True,0,0,0,heuristic,787,3
coding_task__tier4_main_effect_replicate__llama3.1_8b__main_delay_d0400__run3__71b68a7f.json,71b68a7f,coding_task,3,tier4_main_effect_replicate__llama3.1_8b,main_delay_d0400,main_effect,400,400,0,0,,delay,,,True,3,0,16.16,183,5,4,True,0,0,0,heuristic,579,3
coding_task__tier4_main_effect_replicate__llama3.1_8b__main_delay_d0400__run4__6c1fe84b.json,6c1fe84b,coding_task,4,tier4_main_effect_replicate__llama3.1_8b,main_delay_d0400,main_effect,400,400,0,0,,delay,,,True,3,0,28.05,289,5,4,True,0,0,0,heuristic,1000,3
coding_task__tier4_main_effect_replicate__llama3.1_8b__main_delay_d0400__run5__6af46d19.json,6af46d19,coding_task,5,tier4_main_effect_replicate__llama3.1_8b,main_delay_d0400,main_effect,400,400,0,0,,delay,,,True,3,0,26.15,253,5,4,True,0,0,0,heuristic,857,3
coding_task__tier4_main_effect_replicate__llama3.1_8b__main_delay_d0450__run1__e37fd843.json,e37fd843,coding_task,1,tier4_main_effect_replicate__llama3.1_8b,main_delay_d0450,main_effect,450,450,0,0,,delay,,,True,3,0,25.27,238,5,5,True,0,0,0,heuristic,799,3
coding_task__tier4_main_effect_replicate__llama3.1_8b__main_delay_d0450__run2__fb5e5386.json,fb5e5386,coding_task,2,tier4_main_effect_replicate__llama3.1_8b,main_delay_d0450,main_effect,450,450,0,0,,delay,,,True,3,0,20.97,230,5,4,True,0,0,0,heuristic,765,3
coding_task__tier4_main_effect_replicate__llama3.1_8b__main_delay_d0450__run3__58b4a326.json,58b4a326,coding_task,3,tier4_main_effect_replicate__llama3.1_8b,main_delay_d0450,main_effect,450,450,0,0,,delay,,,True,3,0,144.39,254,5,4,True,0,0,0,heuristic,862,3
coding_task__tier4_main_effect_replicate__llama3.1_8b__main_delay_d0450__run4__5cc7f862.json,5cc7f862,coding_task,4,tier4_main_effect_replicate__llama3.1_8b,main_delay_d0450,main_effect,450,450,0,0,,delay,,,True,3,0,25.9,258,5,4,True,0,0,0,heuristic,879,3
coding_task__tier4_main_effect_replicate__llama3.1_8b__main_delay_d0450__run5__0c7a417a.json,0c7a417a,coding_task,5,tier4_main_effect_replicate__llama3.1_8b,main_delay_d0450,main_effect,450,450,0,0,,delay,,,True,3,0,29.31,287,5,5,True,0,0,0,heuristic,993,3
coding_task__tier4_main_effect_replicate__llama3.1_8b__main_delay_d0500__run1__7e867a31.json,7e867a31,coding_task,1,tier4_main_effect_replicate__llama3.1_8b,main_delay_d0500,main_effect,500,500,0,0,,delay,,,True,3,0,31.82,309,4,4,True,0,0,0,heuristic,1083,3
coding_task__tier4_main_effect_replicate__llama3.1_8b__main_delay_d0500__run2__83045ded.json,83045ded,coding_task,2,tier4_main_effect_replicate__llama3.1_8b,main_delay_d0500,main_effect,500,500,0,0,,delay,,,True,3,0,28.48,292,5,4,True,0,0,0,heuristic,1012,3
coding_task__tier4_main_effect_replicate__llama3.1_8b__main_delay_d0500__run3__9ed953bb.json,9ed953bb,coding_task,3,tier4_main_effect_replicate__llama3.1_8b,main_delay_d0500,main_effect,500,500,0,0,,delay,,,True,3,0,30.9,335,5,3,False,0,0,0,heuristic,1185,3
coding_task__tier4_main_effect_replicate__llama3.1_8b__main_delay_d0500__run4__ca207d63.json,ca207d63,coding_task,4,tier4_main_effect_replicate__llama3.1_8b,main_delay_d0500,main_effect,500,500,0,0,,delay,,,True,3,0,25.37,255,5,4,True,0,0,0,heuristic,866,3
coding_task__tier4_main_effect_replicate__llama3.1_8b__main_delay_d0500__run5__483ef7b2.json,483ef7b2,coding_task,5,tier4_main_effect_replicate__llama3.1_8b,main_delay_d0500,main_effect,500,500,0,0,,delay,,,True,3,0,28.51,270,5,4,True,0,0,0,heuristic,926,3
coding_task__tier4_main_effect_replicate__llama3.1_8b__main_delay_d0550__run1__f88be97c.json,f88be97c,coding_task,1,tier4_main_effect_replicate__llama3.1_8b,main_delay_d0550,main_effect,550,550,0,0,,delay,,,True,3,0,23.76,222,5,5,True,0,0,0,heuristic,734,3
coding_task__tier4_main_effect_replicate__llama3.1_8b__main_delay_d0550__run2__e69fea14.json,e69fea14,coding_task,2,tier4_main_effect_replicate__llama3.1_8b,main_delay_d0550,main_effect,550,550,0,0,,delay,,,True,3,0,27.51,291,5,5,True,0,0,0,heuristic,1011,3
coding_task__tier4_main_effect_replicate__llama3.1_8b__main_delay_d0550__run3__b0636069.json,b0636069,coding_task,3,tier4_main_effect_replicate__llama3.1_8b,main_delay_d0550,main_effect,550,550,0,0,,delay,,,True,3,0,33.42,344,5,5,True,0,0,0,heuristic,1220,3
coding_task__tier4_main_effect_replicate__llama3.1_8b__main_delay_d0550__run4__219ee46f.json,219ee46f,coding_task,4,tier4_main_effect_replicate__llama3.1_8b,main_delay_d0550,main_effect,550,550,0,0,,delay,,,True,3,0,25.78,266,5,4,True,0,0,0,heuristic,911,3
coding_task__tier4_main_effect_replicate__llama3.1_8b__main_delay_d0550__run5__71bb0049.json,71bb0049,coding_task,5,tier4_main_effect_replicate__llama3.1_8b,main_delay_d0550,main_effect,550,550,0,0,,delay,,,True,3,0,26.85,266,4,4,True,0,0,0,heuristic,910,3
coding_task__tier4_main_effect_replicate__llama3.1_8b__main_delay_d0600__run1__0d7e9034.json,0d7e9034,coding_task,1,tier4_main_effect_replicate__llama3.1_8b,main_delay_d0600,main_effect,600,600,0,0,,delay,,,True,3,0,23.48,219,5,4,True,0,0,0,heuristic,720,3
coding_task__tier4_main_effect_replicate__llama3.1_8b__main_delay_d0600__run2__c03f2e68.json,c03f2e68,coding_task,2,tier4_main_effect_replicate__llama3.1_8b,main_delay_d0600,main_effect,600,600,0,0,,delay,,,True,3,0,19.92,202,5,3,False,0,0,0,heuristic,653,3
coding_task__tier4_main_effect_replicate__llama3.1_8b__main_delay_d0600__run3__28904a17.json,28904a17,coding_task,3,tier4_main_effect_replicate__llama3.1_8b,main_delay_d0600,main_effect,600,600,0,0,,delay,,,True,3,0,26.11,280,5,5,True,0,0,0,heuristic,964,3
coding_task__tier4_main_effect_replicate__llama3.1_8b__main_delay_d0600__run4__642c200d.json,642c200d,coding_task,4,tier4_main_effect_replicate__llama3.1_8b,main_delay_d0600,main_effect,600,600,0,0,,delay,,,True,3,0,26.88,280,5,3,False,0,0,0,heuristic,965,3
coding_task__tier4_main_effect_replicate__llama3.1_8b__main_delay_d0600__run5__116fdbd2.json,116fdbd2,coding_task,5,tier4_main_effect_replicate__llama3.1_8b,main_delay_d0600,main_effect,600,600,0,0,,delay,,,True,3,0,26.98,272,5,5,True,0,0,0,heuristic,933,3
coding_task__tier4_main_effect_replicate__llama3.1_8b__main_delay_d0650__run1__74d39844.json,74d39844,coding_task,1,tier4_main_effect_replicate__llama3.1_8b,main_delay_d0650,main_effect,650,650,0,0,,delay,,,True,3,0,35.2,328,5,4,True,0,0,0,heuristic,1045,3
coding_task__tier4_main_effect_replicate__llama3.1_8b__main_delay_d0650__run2__c1f0c21b.json,c1f0c21b,coding_task,2,tier4_main_effect_replicate__llama3.1_8b,main_delay_d0650,main_effect,650,650,0,0,,delay,,,True,3,0,34.1,340,5,4,True,0,0,0,heuristic,1204,3
coding_task__tier4_main_effect_replicate__llama3.1_8b__main_delay_d0650__run3__4e31fc04.json,4e31fc04,coding_task,3,tier4_main_effect_replicate__llama3.1_8b,main_delay_d0650,main_effect,650,650,0,0,,delay,,,True,3,0,29.64,299,5,5,True,0,0,0,heuristic,1043,3
coding_task__tier4_main_effect_replicate__llama3.1_8b__main_delay_d0650__run4__47f7db20.json,47f7db20,coding_task,4,tier4_main_effect_replicate__llama3.1_8b,main_delay_d0650,main_effect,650,650,0,0,,delay,,,True,3,0,19.26,187,5,4,True,0,0,0,heuristic,592,3
coding_task__tier4_main_effect_replicate__llama3.1_8b__main_delay_d0650__run5__f77a5454.json,f77a5454,coding_task,5,tier4_main_effect_replicate__llama3.1_8b,main_delay_d0650,main_effect,650,650,0,0,,delay,,,True,3,0,25.13,248,5,4,True,0,0,0,heuristic,755,3
coding_task__tier4_main_effect_replicate__llama3.1_8b__main_delay_d0700__run1__c6309dd4.json,c6309dd4,coding_task,1,tier4_main_effect_replicate__llama3.1_8b,main_delay_d0700,main_effect,700,700,0,0,,delay,,,True,3,0,25.14,232,5,3,False,0,0,0,heuristic,774,3
coding_task__tier4_main_effect_replicate__llama3.1_8b__main_delay_d0700__run2__60b6be81.json,60b6be81,coding_task,2,tier4_main_effect_replicate__llama3.1_8b,main_delay_d0700,main_effect,700,700,0,0,,delay,,,True,3,0,23.58,243,5,4,True,0,0,0,heuristic,818,3
coding_task__tier4_main_effect_replicate__llama3.1_8b__main_delay_d0700__run3__25ba50b6.json,25ba50b6,coding_task,3,tier4_main_effect_replicate__llama3.1_8b,main_delay_d0700,main_effect,700,700,0,0,,delay,,,True,3,0,36.33,370,4,4,True,0,0,0,heuristic,1327,3
coding_task__tier4_main_effect_replicate__llama3.1_8b__main_delay_d0700__run4__d1a5e858.json,d1a5e858,coding_task,4,tier4_main_effect_replicate__llama3.1_8b,main_delay_d0700,main_effect,700,700,0,0,,delay,,,True,3,0,27.38,243,5,4,True,0,0,0,heuristic,819,3
coding_task__tier4_main_effect_replicate__llama3.1_8b__main_delay_d0700__run5__775a47db.json,775a47db,coding_task,5,tier4_main_effect_replicate__llama3.1_8b,main_delay_d0700,main_effect,700,700,0,0,,delay,,,True,3,0,28.7,275,5,4,True,0,0,0,heuristic,946,3
coding_task__tier4_main_effect_replicate__llama3.1_8b__main_delay_d0750__run1__105fb4fd.json,105fb4fd,coding_task,1,tier4_main_effect_replicate__llama3.1_8b,main_delay_d0750,main_effect,750,750,0,0,,delay,,,True,3,0,28.79,250,5,4,True,0,0,0,heuristic,845,3
coding_task__tier4_main_effect_replicate__llama3.1_8b__main_delay_d0750__run2__45714462.json,45714462,coding_task,2,tier4_main_effect_replicate__llama3.1_8b,main_delay_d0750,main_effect,750,750,0,0,,delay,,,True,3,0,23.91,231,5,4,True,0,0,0,heuristic,770,3
coding_task__tier4_main_effect_replicate__llama3.1_8b__main_delay_d0750__run3__eb5a80d6.json,eb5a80d6,coding_task,3,tier4_main_effect_replicate__llama3.1_8b,main_delay_d0750,main_effect,750,750,0,0,,delay,,,True,3,0,24.13,244,5,4,True,0,0,0,heuristic,821,3
coding_task__tier4_main_effect_replicate__llama3.1_8b__main_delay_d0750__run4__2d5fd6b7.json,2d5fd6b7,coding_task,4,tier4_main_effect_replicate__llama3.1_8b,main_delay_d0750,main_effect,750,750,0,0,,delay,,,True,3,0,30.33,275,5,4,True,0,0,0,heuristic,946,3
coding_task__tier4_main_effect_replicate__llama3.1_8b__main_delay_d0750__run5__fcb49b0e.json,fcb49b0e,coding_task,5,tier4_main_effect_replicate__llama3.1_8b,main_delay_d0750,main_effect,750,750,0,0,,delay,,,True,3,0,42.74,408,5,5,True,0,0,0,heuristic,1478,3
coding_task__tier4_main_effect_replicate__llama3.1_8b__main_delay_d0800__run1__1fd7ed19.json,1fd7ed19,coding_task,1,tier4_main_effect_replicate__llama3.1_8b,main_delay_d0800,main_effect,800,800,0,0,,delay,,,True,3,0,52.76,403,5,5,True,0,0,0,heuristic,1458,3
coding_task__tier4_main_effect_replicate__llama3.1_8b__main_delay_d0800__run2__96f37228.json,96f37228,coding_task,2,tier4_main_effect_replicate__llama3.1_8b,main_delay_d0800,main_effect,800,800,0,0,,delay,,,True,3,0,27.84,286,5,3,False,0,0,0,heuristic,990,3
coding_task__tier4_main_effect_replicate__llama3.1_8b__main_delay_d0800__run3__69b5546a.json,69b5546a,coding_task,3,tier4_main_effect_replicate__llama3.1_8b,main_delay_d0800,main_effect,800,800,0,0,,delay,,,True,3,0,29.76,323,5,4,True,0,0,0,heuristic,1139,3
coding_task__tier4_main_effect_replicate__llama3.1_8b__main_delay_d0800__run4__fa01b9b0.json,fa01b9b0,coding_task,4,tier4_main_effect_replicate__llama3.1_8b,main_delay_d0800,main_effect,800,800,0,0,,delay,,,True,3,0,26.64,234,5,4,True,0,0,0,heuristic,782,3
coding_task__tier4_main_effect_replicate__llama3.1_8b__main_delay_d0800__run5__2c9daeaf.json,2c9daeaf,coding_task,5,tier4_main_effect_replicate__llama3.1_8b,main_delay_d0800,main_effect,800,800,0,0,,delay,,,True,3,0,32.9,268,5,3,False,0,0,0,heuristic,918,3
coding_task__tier4_main_effect_replicate__llama3.1_8b__main_delay_d0850__run1__7925002f.json,7925002f,coding_task,1,tier4_main_effect_replicate__llama3.1_8b,main_delay_d0850,main_effect,850,850,0,0,,delay,,,True,3,0,28.98,227,5,4,True,0,0,0,heuristic,755,3
coding_task__tier4_main_effect_replicate__llama3.1_8b__main_delay_d0850__run2__7dd0fd97.json,7dd0fd97,coding_task,2,tier4_main_effect_replicate__llama3.1_8b,main_delay_d0850,main_effect,850,850,0,0,,delay,,,True,3,0,31.65,359,5,4,True,0,0,0,heuristic,1140,3
coding_task__tier4_main_effect_replicate__llama3.1_8b__main_delay_d0850__run3__9f963686.json,9f963686,coding_task,3,tier4_main_effect_replicate__llama3.1_8b,main_delay_d0850,main_effect,850,850,0,0,,delay,,,True,3,0,23.33,244,5,5,True,0,0,0,heuristic,820,3
coding_task__tier4_main_effect_replicate__llama3.1_8b__main_delay_d0850__run4__02b90b60.json,02b90b60,coding_task,4,tier4_main_effect_replicate__llama3.1_8b,main_delay_d0850,main_effect,850,850,0,0,,delay,,,True,3,0,22.89,183,5,4,True,0,0,0,heuristic,577,3
coding_task__tier4_main_effect_replicate__llama3.1_8b__main_delay_d0850__run5__ec6f8d1f.json,ec6f8d1f,coding_task,5,tier4_main_effect_replicate__llama3.1_8b,main_delay_d0850,main_effect,850,850,0,0,,delay,,,True,3,0,31.26,256,5,4,True,0,0,0,heuristic,870,3
coding_task__tier4_main_effect_replicate__llama3.1_8b__main_delay_d0900__run1__2bdcc15c.json,2bdcc15c,coding_task,1,tier4_main_effect_replicate__llama3.1_8b,main_delay_d0900,main_effect,900,900,0,0,,delay,,,True,3,0,26.38,186,5,4,True,0,0,0,heuristic,591,3
coding_task__tier4_main_effect_replicate__llama3.1_8b__main_delay_d0900__run2__f531f5c3.json,f531f5c3,coding_task,2,tier4_main_effect_replicate__llama3.1_8b,main_delay_d0900,main_effect,900,900,0,0,,delay,,,True,3,0,40.24,414,5,5,True,0,0,0,heuristic,1500,3
coding_task__tier4_main_effect_replicate__llama3.1_8b__main_delay_d0900__run3__9866739b.json,9866739b,coding_task,3,tier4_main_effect_replicate__llama3.1_8b,main_delay_d0900,main_effect,900,900,0,0,,delay,,,True,3,0,28.25,273,5,4,True,0,0,0,heuristic,937,3
coding_task__tier4_main_effect_replicate__llama3.1_8b__main_delay_d0900__run4__4762ff53.json,4762ff53,coding_task,4,tier4_main_effect_replicate__llama3.1_8b,main_delay_d0900,main_effect,900,900,0,0,,delay,,,True,3,0,22.91,237,5,4,True,0,0,0,heuristic,795,3
coding_task__tier4_main_effect_replicate__llama3.1_8b__main_delay_d0900__run5__37e4d441.json,37e4d441,coding_task,5,tier4_main_effect_replicate__llama3.1_8b,main_delay_d0900,main_effect,900,900,0,0,,delay,,,True,3,0,23.21,235,4,4,True,0,0,0,heuristic,786,3
coding_task__tier4_main_effect_replicate__llama3.1_8b__main_delay_d0950__run1__cefa6f49.json,cefa6f49,coding_task,1,tier4_main_effect_replicate__llama3.1_8b,main_delay_d0950,main_effect,950,950,0,0,,delay,,,True,3,0,43.09,227,5,4,True,0,0,0,heuristic,755,3
coding_task__tier4_main_effect_replicate__llama3.1_8b__main_delay_d0950__run2__ff3dbf7c.json,ff3dbf7c,coding_task,2,tier4_main_effect_replicate__llama3.1_8b,main_delay_d0950,main_effect,950,950,0,0,,delay,,,True,3,0,23.29,238,5,4,True,0,0,0,heuristic,797,3
coding_task__tier4_main_effect_replicate__llama3.1_8b__main_delay_d0950__run3__7772f03d.json,7772f03d,coding_task,3,tier4_main_effect_replicate__llama3.1_8b,main_delay_d0950,main_effect,950,950,0,0,,delay,,,True,3,0,29.01,285,5,4,True,0,0,0,heuristic,985,3
coding_task__tier4_main_effect_replicate__llama3.1_8b__main_delay_d0950__run4__4dd24537.json,4dd24537,coding_task,4,tier4_main_effect_replicate__llama3.1_8b,main_delay_d0950,main_effect,950,950,0,0,,delay,,,True,3,0,21.61,212,5,4,True,0,0,0,heuristic,695,3
coding_task__tier4_main_effect_replicate__llama3.1_8b__main_delay_d0950__run5__11788331.json,11788331,coding_task,5,tier4_main_effect_replicate__llama3.1_8b,main_delay_d0950,main_effect,950,950,0,0,,delay,,,True,3,0,27.12,276,5,5,True,0,0,0,heuristic,949,3
coding_task__tier4_main_effect_replicate__llama3.1_8b__main_delay_d1000__run1__830e2ee8.json,830e2ee8,coding_task,1,tier4_main_effect_replicate__llama3.1_8b,main_delay_d1000,main_effect,1000,1000,0,0,,delay,,,True,3,0,39.83,308,5,4,True,0,0,0,heuristic,1079,3
coding_task__tier4_main_effect_replicate__llama3.1_8b__main_delay_d1000__run2__6508c875.json,6508c875,coding_task,2,tier4_main_effect_replicate__llama3.1_8b,main_delay_d1000,main_effect,1000,1000,0,0,,delay,,,True,3,0,21.52,208,5,4,True,0,0,0,heuristic,679,3
coding_task__tier4_main_effect_replicate__llama3.1_8b__main_delay_d1000__run3__e5329480.json,e5329480,coding_task,3,tier4_main_effect_replicate__llama3.1_8b,main_delay_d1000,main_effect,1000,1000,0,0,,delay,,,True,3,0,28.89,287,5,4,True,0,0,0,heuristic,992,3
coding_task__tier4_main_effect_replicate__llama3.1_8b__main_delay_d1000__run4__40e3c689.json,40e3c689,coding_task,4,tier4_main_effect_replicate__llama3.1_8b,main_delay_d1000,main_effect,1000,1000,0,0,,delay,,,True,3,0,31.46,317,5,4,True,0,0,0,heuristic,1114,3
coding_task__tier4_main_effect_replicate__llama3.1_8b__main_delay_d1000__run5__08012506.json,08012506,coding_task,5,tier4_main_effect_replicate__llama3.1_8b,main_delay_d1000,main_effect,1000,1000,0,0,,delay,,,True,3,0,21.72,202,5,4,True,0,0,0,heuristic,652,3
coding_task__tier4_main_effect_replicate__llama3.1_8b__main_jitter_j000__run1__9ea7f1a8.json,9ea7f1a8,coding_task,1,tier4_main_effect_replicate__llama3.1_8b,main_jitter_j000,main_effect,0,0,0,0,,jitter,,,True,3,0,26.61,308,5,5,True,0,0,0,heuristic,1077,3
coding_task__tier4_main_effect_replicate__llama3.1_8b__main_jitter_j000__run2__1ec156d2.json,1ec156d2,coding_task,2,tier4_main_effect_replicate__llama3.1_8b,main_jitter_j000,main_effect,0,0,0,0,,jitter,,,True,3,0,26.27,328,5,3,False,0,0,0,heuristic,1156,3
coding_task__tier4_main_effect_replicate__llama3.1_8b__main_jitter_j000__run3__633d1301.json,633d1301,coding_task,3,tier4_main_effect_replicate__llama3.1_8b,main_jitter_j000,main_effect,0,0,0,0,,jitter,,,True,3,0,20.82,264,5,4,True,0,0,0,heuristic,902,3
coding_task__tier4_main_effect_replicate__llama3.1_8b__main_jitter_j000__run4__38cee910.json,38cee910,coding_task,4,tier4_main_effect_replicate__llama3.1_8b,main_jitter_j000,main_effect,0,0,0,0,,jitter,,,True,3,0,21.24,257,5,4,True,0,0,0,heuristic,872,3
coding_task__tier4_main_effect_replicate__llama3.1_8b__main_jitter_j000__run5__a059214f.json,a059214f,coding_task,5,tier4_main_effect_replicate__llama3.1_8b,main_jitter_j000,main_effect,0,0,0,0,,jitter,,,True,3,0,24.45,298,5,4,True,0,0,0,heuristic,1038,3
coding_task__tier4_main_effect_replicate__llama3.1_8b__main_jitter_j001__run1__97e883a3.json,97e883a3,coding_task,1,tier4_main_effect_replicate__llama3.1_8b,main_jitter_j001,main_effect,50,0,1,0,,jitter,,,True,3,0,27.97,323,5,5,True,0,0,0,heuristic,1138,3
coding_task__tier4_main_effect_replicate__llama3.1_8b__main_jitter_j001__run2__54ee653f.json,54ee653f,coding_task,2,tier4_main_effect_replicate__llama3.1_8b,main_jitter_j001,main_effect,50,0,1,0,,jitter,,,True,3,0,16.81,213,4,4,True,0,0,0,heuristic,698,3
coding_task__tier4_main_effect_replicate__llama3.1_8b__main_jitter_j001__run3__43a8cc78.json,43a8cc78,coding_task,3,tier4_main_effect_replicate__llama3.1_8b,main_jitter_j001,main_effect,50,0,1,0,,jitter,,,True,3,0,19.05,250,5,5,True,0,0,0,heuristic,847,3
coding_task__tier4_main_effect_replicate__llama3.1_8b__main_jitter_j001__run4__31d7897a.json,31d7897a,coding_task,4,tier4_main_effect_replicate__llama3.1_8b,main_jitter_j001,main_effect,50,0,1,0,,jitter,,,True,3,0,24.54,295,4,4,True,0,0,0,heuristic,1027,3
coding_task__tier4_main_effect_replicate__llama3.1_8b__main_jitter_j001__run5__d7a03b84.json,d7a03b84,coding_task,5,tier4_main_effect_replicate__llama3.1_8b,main_jitter_j001,main_effect,50,0,1,0,,jitter,,,True,3,0,22.05,265,5,5,True,0,0,0,heuristic,907,3
coding_task__tier4_main_effect_replicate__llama3.1_8b__main_jitter_j005__run1__272aae1f.json,272aae1f,coding_task,1,tier4_main_effect_replicate__llama3.1_8b,main_jitter_j005,main_effect,50,0,5,0,,jitter,,,True,3,0,21.55,200,5,4,True,0,0,0,heuristic,645,3
coding_task__tier4_main_effect_replicate__llama3.1_8b__main_jitter_j005__run2__9a596034.json,9a596034,coding_task,2,tier4_main_effect_replicate__llama3.1_8b,main_jitter_j005,main_effect,50,0,5,0,,jitter,,,True,3,0,24.79,270,5,4,True,0,0,0,heuristic,925,3
coding_task__tier4_main_effect_replicate__llama3.1_8b__main_jitter_j005__run3__99180b18.json,99180b18,coding_task,3,tier4_main_effect_replicate__llama3.1_8b,main_jitter_j005,main_effect,50,0,5,0,,jitter,,,True,3,0,22.2,242,5,4,True,0,0,0,heuristic,812,3
coding_task__tier4_main_effect_replicate__llama3.1_8b__main_jitter_j005__run4__1a4368be.json,1a4368be,coding_task,4,tier4_main_effect_replicate__llama3.1_8b,main_jitter_j005,main_effect,50,0,5,0,,jitter,,,True,3,0,30.05,289,5,4,True,0,0,0,heuristic,1002,3
coding_task__tier4_main_effect_replicate__llama3.1_8b__main_jitter_j005__run5__7d9ca498.json,7d9ca498,coding_task,5,tier4_main_effect_replicate__llama3.1_8b,main_jitter_j005,main_effect,50,0,5,0,,jitter,,,True,3,0,26.44,276,5,5,True,0,0,0,heuristic,949,3
coding_task__tier4_main_effect_replicate__llama3.1_8b__main_jitter_j010__run1__068c7918.json,068c7918,coding_task,1,tier4_main_effect_replicate__llama3.1_8b,main_jitter_j010,main_effect,50,0,10,0,,jitter,,,True,3,0,31.13,349,5,5,True,0,0,0,heuristic,1243,3
coding_task__tier4_main_effect_replicate__llama3.1_8b__main_jitter_j010__run2__feb18a69.json,feb18a69,coding_task,2,tier4_main_effect_replicate__llama3.1_8b,main_jitter_j010,main_effect,50,0,10,0,,jitter,,,True,3,0,16.46,186,5,4,True,0,0,0,heuristic,589,3
coding_task__tier4_main_effect_replicate__llama3.1_8b__main_jitter_j010__run3__41c72540.json,41c72540,coding_task,3,tier4_main_effect_replicate__llama3.1_8b,main_jitter_j010,main_effect,50,0,10,0,,jitter,,,True,3,0,20.86,239,5,4,True,0,0,0,heuristic,708,3
coding_task__tier4_main_effect_replicate__llama3.1_8b__main_jitter_j010__run4__00a6db5f.json,00a6db5f,coding_task,4,tier4_main_effect_replicate__llama3.1_8b,main_jitter_j010,main_effect,50,0,10,0,,jitter,,,True,3,0,22.85,255,5,5,True,0,0,0,heuristic,781,3
coding_task__tier4_main_effect_replicate__llama3.1_8b__main_jitter_j010__run5__bbaf4449.json,bbaf4449,coding_task,5,tier4_main_effect_replicate__llama3.1_8b,main_jitter_j010,main_effect,50,0,10,0,,jitter,,,True,3,0,24.43,279,5,5,True,0,0,0,heuristic,875,3
coding_task__tier4_main_effect_replicate__llama3.1_8b__main_jitter_j015__run1__89e4c40c.json,89e4c40c,coding_task,1,tier4_main_effect_replicate__llama3.1_8b,main_jitter_j015,main_effect,50,0,15,0,,jitter,,,True,3,0,36.29,349,5,5,True,0,0,0,heuristic,1243,3
coding_task__tier4_main_effect_replicate__llama3.1_8b__main_jitter_j015__run2__7b085ea1.json,7b085ea1,coding_task,2,tier4_main_effect_replicate__llama3.1_8b,main_jitter_j015,main_effect,50,0,15,0,,jitter,,,True,3,0,27.73,285,5,3,False,0,0,0,heuristic,985,3
coding_task__tier4_main_effect_replicate__llama3.1_8b__main_jitter_j015__run3__69c36bff.json,69c36bff,coding_task,3,tier4_main_effect_replicate__llama3.1_8b,main_jitter_j015,main_effect,50,0,15,0,,jitter,,,True,3,0,34.98,379,5,4,True,0,0,0,heuristic,1361,3
coding_task__tier4_main_effect_replicate__llama3.1_8b__main_jitter_j015__run4__828ed2a7.json,828ed2a7,coding_task,4,tier4_main_effect_replicate__llama3.1_8b,main_jitter_j015,main_effect,50,0,15,0,,jitter,,,True,3,0,29.17,322,5,5,True,0,0,0,heuristic,1132,3
coding_task__tier4_main_effect_replicate__llama3.1_8b__main_jitter_j015__run5__ffd12a28.json,ffd12a28,coding_task,5,tier4_main_effect_replicate__llama3.1_8b,main_jitter_j015,main_effect,50,0,15,0,,jitter,,,True,3,0,23.81,249,5,4,True,0,0,0,heuristic,840,3
coding_task__tier4_main_effect_replicate__llama3.1_8b__main_jitter_j020__run1__d2af061a.json,d2af061a,coding_task,1,tier4_main_effect_replicate__llama3.1_8b,main_jitter_j020,main_effect,50,0,20,0,,jitter,,,True,3,0,23.49,278,5,4,True,0,0,0,heuristic,959,3
coding_task__tier4_main_effect_replicate__llama3.1_8b__main_jitter_j020__run2__67d1e255.json,67d1e255,coding_task,2,tier4_main_effect_replicate__llama3.1_8b,main_jitter_j020,main_effect,50,0,20,0,,jitter,,,True,3,0,20.47,233,5,4,True,0,0,0,heuristic,776,3
coding_task__tier4_main_effect_replicate__llama3.1_8b__main_jitter_j020__run3__e4d2138a.json,e4d2138a,coding_task,3,tier4_main_effect_replicate__llama3.1_8b,main_jitter_j020,main_effect,50,0,20,0,,jitter,,,True,3,0,25.87,281,5,5,True,0,0,0,heuristic,970,3
coding_task__tier4_main_effect_replicate__llama3.1_8b__main_jitter_j020__run4__88ee9ad8.json,88ee9ad8,coding_task,4,tier4_main_effect_replicate__llama3.1_8b,main_jitter_j020,main_effect,50,0,20,0,,jitter,,,True,3,0,23.89,260,5,3,False,0,0,0,heuristic,886,3
coding_task__tier4_main_effect_replicate__llama3.1_8b__main_jitter_j020__run5__62c39c51.json,62c39c51,coding_task,5,tier4_main_effect_replicate__llama3.1_8b,main_jitter_j020,main_effect,50,0,20,0,,jitter,,,True,3,0,25.37,292,5,5,True,0,0,0,heuristic,1013,3
coding_task__tier4_main_effect_replicate__llama3.1_8b__main_jitter_j025__run1__3f06bb11.json,3f06bb11,coding_task,1,tier4_main_effect_replicate__llama3.1_8b,main_jitter_j025,main_effect,50,0,25,0,,jitter,,,True,3,0,20.45,239,5,4,True,0,0,0,heuristic,802,3
coding_task__tier4_main_effect_replicate__llama3.1_8b__main_jitter_j025__run2__a0442370.json,a0442370,coding_task,2,tier4_main_effect_replicate__llama3.1_8b,main_jitter_j025,main_effect,50,0,25,0,,jitter,,,True,3,0,22.69,266,5,4,True,0,0,0,heuristic,908,3
coding_task__tier4_main_effect_replicate__llama3.1_8b__main_jitter_j025__run3__66d6bf4b.json,66d6bf4b,coding_task,3,tier4_main_effect_replicate__llama3.1_8b,main_jitter_j025,main_effect,50,0,25,0,,jitter,,,True,3,0,26.49,270,5,4,True,0,0,0,heuristic,925,3
coding_task__tier4_main_effect_replicate__llama3.1_8b__main_jitter_j025__run4__dc6da972.json,dc6da972,coding_task,4,tier4_main_effect_replicate__llama3.1_8b,main_jitter_j025,main_effect,50,0,25,0,,jitter,,,True,3,0,17.47,187,5,3,False,0,0,0,heuristic,594,3
coding_task__tier4_main_effect_replicate__llama3.1_8b__main_jitter_j025__run5__9f0b66ef.json,9f0b66ef,coding_task,5,tier4_main_effect_replicate__llama3.1_8b,main_jitter_j025,main_effect,50,0,25,0,,jitter,,,True,3,0,22.33,235,5,4,True,0,0,0,heuristic,729,3
coding_task__tier4_main_effect_replicate__llama3.1_8b__main_jitter_j030__run1__524ca19f.json,524ca19f,coding_task,1,tier4_main_effect_replicate__llama3.1_8b,main_jitter_j030,main_effect,50,0,30,0,,jitter,,,True,3,0,23.57,260,5,5,True,0,0,0,heuristic,884,3
coding_task__tier4_main_effect_replicate__llama3.1_8b__main_jitter_j030__run2__675a9870.json,675a9870,coding_task,2,tier4_main_effect_replicate__llama3.1_8b,main_jitter_j030,main_effect,50,0,30,0,,jitter,,,True,3,0,14.81,181,5,3,False,0,0,0,heuristic,568,3
coding_task__tier4_main_effect_replicate__llama3.1_8b__main_jitter_j030__run3__05c9bf0f.json,05c9bf0f,coding_task,3,tier4_main_effect_replicate__llama3.1_8b,main_jitter_j030,main_effect,50,0,30,0,,jitter,,,True,3,0,29.02,314,5,4,True,0,0,0,heuristic,1102,3
coding_task__tier4_main_effect_replicate__llama3.1_8b__main_jitter_j030__run4__fe27cd70.json,fe27cd70,coding_task,4,tier4_main_effect_replicate__llama3.1_8b,main_jitter_j030,main_effect,50,0,30,0,,jitter,,,True,3,0,19.95,227,5,4,True,0,0,0,heuristic,752,3
coding_task__tier4_main_effect_replicate__llama3.1_8b__main_jitter_j030__run5__2752a0a6.json,2752a0a6,coding_task,5,tier4_main_effect_replicate__llama3.1_8b,main_jitter_j030,main_effect,50,0,30,0,,jitter,,,True,3,0,31.14,332,5,5,True,0,0,0,heuristic,1172,3
coding_task__tier4_main_effect_replicate__llama3.1_8b__main_jitter_j050__run1__7b072129.json,7b072129,coding_task,1,tier4_main_effect_replicate__llama3.1_8b,main_jitter_j050,main_effect,50,0,50,0,,jitter,,,True,3,0,23.74,264,5,4,True,0,0,0,heuristic,900,3
coding_task__tier4_main_effect_replicate__llama3.1_8b__main_jitter_j050__run2__f662f408.json,f662f408,coding_task,2,tier4_main_effect_replicate__llama3.1_8b,main_jitter_j050,main_effect,50,0,50,0,,jitter,,,True,3,0,26.61,275,5,4,True,0,0,0,heuristic,946,3
coding_task__tier4_main_effect_replicate__llama3.1_8b__main_jitter_j050__run3__7f5f80b0.json,7f5f80b0,coding_task,3,tier4_main_effect_replicate__llama3.1_8b,main_jitter_j050,main_effect,50,0,50,0,,jitter,,,True,3,0,23.04,249,5,4,True,0,0,0,heuristic,843,3
coding_task__tier4_main_effect_replicate__llama3.1_8b__main_jitter_j050__run4__fd1b37b3.json,fd1b37b3,coding_task,4,tier4_main_effect_replicate__llama3.1_8b,main_jitter_j050,main_effect,50,0,50,0,,jitter,,,True,3,0,26.13,281,5,5,True,0,0,0,heuristic,970,3
coding_task__tier4_main_effect_replicate__llama3.1_8b__main_jitter_j050__run5__569c62f4.json,569c62f4,coding_task,5,tier4_main_effect_replicate__llama3.1_8b,main_jitter_j050,main_effect,50,0,50,0,,jitter,,,True,3,0,23.64,251,5,4,True,0,0,0,heuristic,735,3
coding_task__tier4_main_effect_replicate__llama3.1_8b__main_jitter_j075__run1__5e042a25.json,5e042a25,coding_task,1,tier4_main_effect_replicate__llama3.1_8b,main_jitter_j075,main_effect,50,0,75,0,,jitter,,,True,3,0,21.16,245,4,4,True,0,0,0,heuristic,757,3
coding_task__tier4_main_effect_replicate__llama3.1_8b__main_jitter_j075__run2__fc35842a.json,fc35842a,coding_task,2,tier4_main_effect_replicate__llama3.1_8b,main_jitter_j075,main_effect,50,0,75,0,,jitter,,,True,3,0,28.34,304,5,4,True,0,0,0,heuristic,1061,3
coding_task__tier4_main_effect_replicate__llama3.1_8b__main_jitter_j075__run3__edd44af9.json,edd44af9,coding_task,3,tier4_main_effect_replicate__llama3.1_8b,main_jitter_j075,main_effect,50,0,75,0,,jitter,,,True,3,0,24.03,254,5,4,True,0,0,0,heuristic,860,3
coding_task__tier4_main_effect_replicate__llama3.1_8b__main_jitter_j075__run4__00f73c35.json,00f73c35,coding_task,4,tier4_main_effect_replicate__llama3.1_8b,main_jitter_j075,main_effect,50,0,75,0,,jitter,,,True,3,0,18.86,195,5,4,True,0,0,0,heuristic,626,3
coding_task__tier4_main_effect_replicate__llama3.1_8b__main_jitter_j075__run5__52ae5ef5.json,52ae5ef5,coding_task,5,tier4_main_effect_replicate__llama3.1_8b,main_jitter_j075,main_effect,50,0,75,0,,jitter,,,True,3,0,39.06,377,5,5,True,0,0,0,heuristic,1354,3
coding_task__tier4_main_effect_replicate__llama3.1_8b__main_loss_loss0__run1__bdf55a2f.json,bdf55a2f,coding_task,1,tier4_main_effect_replicate__llama3.1_8b,main_loss_loss0,main_effect,0,0,0,0,,loss,,,True,3,0,30.34,269,5,4,True,0,0,0,heuristic,922,3
coding_task__tier4_main_effect_replicate__llama3.1_8b__main_loss_loss0__run2__33f67a14.json,33f67a14,coding_task,2,tier4_main_effect_replicate__llama3.1_8b,main_loss_loss0,main_effect,0,0,0,0,,loss,,,True,3,0,23.96,275,5,4,True,0,0,0,heuristic,945,3
coding_task__tier4_main_effect_replicate__llama3.1_8b__main_loss_loss0__run3__e894f681.json,e894f681,coding_task,3,tier4_main_effect_replicate__llama3.1_8b,main_loss_loss0,main_effect,0,0,0,0,,loss,,,True,3,0,24.26,278,5,5,True,0,0,0,heuristic,959,3
coding_task__tier4_main_effect_replicate__llama3.1_8b__main_loss_loss0__run4__e4e86f75.json,e4e86f75,coding_task,4,tier4_main_effect_replicate__llama3.1_8b,main_loss_loss0,main_effect,0,0,0,0,,loss,,,True,3,0,22.14,224,5,3,False,0,0,0,heuristic,741,3
coding_task__tier4_main_effect_replicate__llama3.1_8b__main_loss_loss0__run5__038e76cf.json,038e76cf,coding_task,5,tier4_main_effect_replicate__llama3.1_8b,main_loss_loss0,main_effect,0,0,0,0,,loss,,,True,3,0,23.46,254,5,4,True,0,0,0,heuristic,862,3
coding_task__tier4_main_effect_replicate__llama3.1_8b__main_loss_loss10__run1__15c909b1.json,15c909b1,coding_task,1,tier4_main_effect_replicate__llama3.1_8b,main_loss_loss10,main_effect,0,0,0,10,,loss,,,True,3,0,38.12,362,5,4,True,0,0,0,heuristic,1294,3
coding_task__tier4_main_effect_replicate__llama3.1_8b__main_loss_loss10__run2__71722dff.json,71722dff,coding_task,2,tier4_main_effect_replicate__llama3.1_8b,main_loss_loss10,main_effect,0,0,0,10,,loss,,,True,3,0,28.51,287,5,5,True,0,0,0,heuristic,993,3
coding_task__tier4_main_effect_replicate__llama3.1_8b__main_loss_loss10__run3__49fb7fd0.json,49fb7fd0,coding_task,3,tier4_main_effect_replicate__llama3.1_8b,main_loss_loss10,main_effect,0,0,0,10,,loss,,,True,3,0,18.91,225,5,4,True,0,0,0,heuristic,747,3
coding_task__tier4_main_effect_replicate__llama3.1_8b__main_loss_loss10__run4__6d0c7ed3.json,6d0c7ed3,coding_task,4,tier4_main_effect_replicate__llama3.1_8b,main_loss_loss10,main_effect,0,0,0,10,,loss,,,True,3,0,26.49,290,4,4,True,0,0,0,heuristic,1007,3
coding_task__tier4_main_effect_replicate__llama3.1_8b__main_loss_loss10__run5__13f35925.json,13f35925,coding_task,5,tier4_main_effect_replicate__llama3.1_8b,main_loss_loss10,main_effect,0,0,0,10,,loss,,,True,3,0,29.09,313,5,4,True,0,0,0,heuristic,1099,3
coding_task__tier4_main_effect_replicate__llama3.1_8b__main_loss_loss15__run1__22f6fd4f.json,22f6fd4f,coding_task,1,tier4_main_effect_replicate__llama3.1_8b,main_loss_loss15,main_effect,0,0,0,15,,loss,,,True,3,0,28.01,278,5,4,True,0,0,0,heuristic,959,3
coding_task__tier4_main_effect_replicate__llama3.1_8b__main_loss_loss15__run2__c0a8eb06.json,c0a8eb06,coding_task,2,tier4_main_effect_replicate__llama3.1_8b,main_loss_loss15,main_effect,0,0,0,15,,loss,,,True,3,0,45.62,287,5,4,True,0,0,0,heuristic,994,3
coding_task__tier4_main_effect_replicate__llama3.1_8b__main_loss_loss15__run3__872ec36b.json,872ec36b,coding_task,3,tier4_main_effect_replicate__llama3.1_8b,main_loss_loss15,main_effect,0,0,0,15,,loss,,,True,3,0,26.89,309,5,5,True,0,0,0,heuristic,1081,3
coding_task__tier4_main_effect_replicate__llama3.1_8b__main_loss_loss15__run4__66005954.json,66005954,coding_task,4,tier4_main_effect_replicate__llama3.1_8b,main_loss_loss15,main_effect,0,0,0,15,,loss,,,True,3,0,32.02,354,4,3,False,0,0,0,heuristic,1262,3
coding_task__tier4_main_effect_replicate__llama3.1_8b__main_loss_loss15__run5__8a74839c.json,8a74839c,coding_task,5,tier4_main_effect_replicate__llama3.1_8b,main_loss_loss15,main_effect,0,0,0,15,,loss,,,True,3,0,21.89,233,5,4,True,0,0,0,heuristic,778,3
coding_task__tier4_main_effect_replicate__llama3.1_8b__main_loss_loss1__run1__7b77e644.json,7b77e644,coding_task,1,tier4_main_effect_replicate__llama3.1_8b,main_loss_loss1,main_effect,0,0,0,1,,loss,,,True,3,0,26.47,238,5,4,True,0,0,0,heuristic,798,3
coding_task__tier4_main_effect_replicate__llama3.1_8b__main_loss_loss1__run2__8fd5c1fd.json,8fd5c1fd,coding_task,2,tier4_main_effect_replicate__llama3.1_8b,main_loss_loss1,main_effect,0,0,0,1,,loss,,,True,3,0,25.72,267,5,4,True,0,0,0,heuristic,915,3
coding_task__tier4_main_effect_replicate__llama3.1_8b__main_loss_loss1__run3__a798c0df.json,a798c0df,coding_task,3,tier4_main_effect_replicate__llama3.1_8b,main_loss_loss1,main_effect,0,0,0,1,,loss,,,True,3,0,23.55,261,5,4,True,0,0,0,heuristic,888,3
coding_task__tier4_main_effect_replicate__llama3.1_8b__main_loss_loss1__run4__fffacb9f.json,fffacb9f,coding_task,4,tier4_main_effect_replicate__llama3.1_8b,main_loss_loss1,main_effect,0,0,0,1,,loss,,,True,3,0,25.29,277,5,4,True,0,0,0,heuristic,953,3
coding_task__tier4_main_effect_replicate__llama3.1_8b__main_loss_loss1__run5__bb34b4e8.json,bb34b4e8,coding_task,5,tier4_main_effect_replicate__llama3.1_8b,main_loss_loss1,main_effect,0,0,0,1,,loss,,,True,3,0,26.9,298,5,5,True,0,0,0,heuristic,1036,3
coding_task__tier4_main_effect_replicate__llama3.1_8b__main_loss_loss20__run1__546eec46.json,546eec46,coding_task,1,tier4_main_effect_replicate__llama3.1_8b,main_loss_loss20,main_effect,0,0,0,20,,loss,,,True,3,0,23.39,219,5,4,True,0,0,0,heuristic,722,3
coding_task__tier4_main_effect_replicate__llama3.1_8b__main_loss_loss20__run2__51ed160c.json,51ed160c,coding_task,2,tier4_main_effect_replicate__llama3.1_8b,main_loss_loss20,main_effect,0,0,0,20,,loss,,,True,3,0,23.37,289,5,4,True,0,0,0,heuristic,1000,3
coding_task__tier4_main_effect_replicate__llama3.1_8b__main_loss_loss20__run3__d6d59cf0.json,d6d59cf0,coding_task,3,tier4_main_effect_replicate__llama3.1_8b,main_loss_loss20,main_effect,0,0,0,20,,loss,,,True,3,0,24.39,263,5,4,True,0,0,0,heuristic,899,3
coding_task__tier4_main_effect_replicate__llama3.1_8b__main_loss_loss20__run4__bf294242.json,bf294242,coding_task,4,tier4_main_effect_replicate__llama3.1_8b,main_loss_loss20,main_effect,0,0,0,20,,loss,,,True,3,0,28.47,304,5,4,True,0,0,0,heuristic,1062,3
coding_task__tier4_main_effect_replicate__llama3.1_8b__main_loss_loss20__run5__45421ff1.json,45421ff1,coding_task,5,tier4_main_effect_replicate__llama3.1_8b,main_loss_loss20,main_effect,0,0,0,20,,loss,,,True,3,0,21.57,255,5,4,True,0,0,0,heuristic,780,3
coding_task__tier4_main_effect_replicate__llama3.1_8b__main_loss_loss25__run1__6873f3e2.json,6873f3e2,coding_task,1,tier4_main_effect_replicate__llama3.1_8b,main_loss_loss25,main_effect,0,0,0,25,,loss,,,True,3,0,38.41,357,5,5,True,0,0,0,heuristic,1274,3
coding_task__tier4_main_effect_replicate__llama3.1_8b__main_loss_loss25__run2__b573764d.json,b573764d,coding_task,2,tier4_main_effect_replicate__llama3.1_8b,main_loss_loss25,main_effect,0,0,0,25,,loss,,,True,3,0,35.22,349,5,5,True,0,0,0,heuristic,1243,3
coding_task__tier4_main_effect_replicate__llama3.1_8b__main_loss_loss25__run3__58cdc8d2.json,58cdc8d2,coding_task,3,tier4_main_effect_replicate__llama3.1_8b,main_loss_loss25,main_effect,0,0,0,25,,loss,,,True,3,0,24.42,254,5,4,True,0,0,0,heuristic,861,3
coding_task__tier4_main_effect_replicate__llama3.1_8b__main_loss_loss25__run4__10d4677d.json,10d4677d,coding_task,4,tier4_main_effect_replicate__llama3.1_8b,main_loss_loss25,main_effect,0,0,0,25,,loss,,,True,3,0,28.78,303,4,4,True,0,0,0,heuristic,1058,3
coding_task__tier4_main_effect_replicate__llama3.1_8b__main_loss_loss25__run5__ebbb3a5b.json,ebbb3a5b,coding_task,5,tier4_main_effect_replicate__llama3.1_8b,main_loss_loss25,main_effect,0,0,0,25,,loss,,,True,3,0,44.21,262,5,4,True,0,0,0,heuristic,893,3
coding_task__tier4_main_effect_replicate__llama3.1_8b__main_loss_loss30__run1__03bd0f72.json,03bd0f72,coding_task,1,tier4_main_effect_replicate__llama3.1_8b,main_loss_loss30,main_effect,0,0,0,30,,loss,,,True,3,0,29.2,263,5,4,True,0,0,0,heuristic,899,3
coding_task__tier4_main_effect_replicate__llama3.1_8b__main_loss_loss30__run2__3ba70433.json,3ba70433,coding_task,2,tier4_main_effect_replicate__llama3.1_8b,main_loss_loss30,main_effect,0,0,0,30,,loss,,,True,3,0,24.4,291,5,5,True,0,0,0,heuristic,1009,3
coding_task__tier4_main_effect_replicate__llama3.1_8b__main_loss_loss30__run3__c572f98f.json,c572f98f,coding_task,3,tier4_main_effect_replicate__llama3.1_8b,main_loss_loss30,main_effect,0,0,0,30,,loss,,,True,3,0,23.95,247,5,4,True,0,0,0,heuristic,834,3
coding_task__tier4_main_effect_replicate__llama3.1_8b__main_loss_loss30__run4__33ad4e3a.json,33ad4e3a,coding_task,4,tier4_main_effect_replicate__llama3.1_8b,main_loss_loss30,main_effect,0,0,0,30,,loss,,,True,3,0,30.43,319,5,4,True,0,0,0,heuristic,1123,3
coding_task__tier4_main_effect_replicate__llama3.1_8b__main_loss_loss30__run5__1e8626e7.json,1e8626e7,coding_task,5,tier4_main_effect_replicate__llama3.1_8b,main_loss_loss30,main_effect,0,0,0,30,,loss,,,True,3,0,27.44,292,5,4,True,0,0,0,heuristic,1015,3
coding_task__tier4_main_effect_replicate__llama3.1_8b__main_loss_loss40__run1__1f56a1f2.json,1f56a1f2,coding_task,1,tier4_main_effect_replicate__llama3.1_8b,main_loss_loss40,main_effect,0,0,0,40,,loss,,,True,3,0,33.43,358,4,4,True,0,0,0,heuristic,1278,3
coding_task__tier4_main_effect_replicate__llama3.1_8b__main_loss_loss40__run2__0144a1f2.json,0144a1f2,coding_task,2,tier4_main_effect_replicate__llama3.1_8b,main_loss_loss40,main_effect,0,0,0,40,,loss,,,True,3,0,22.19,256,5,4,True,0,0,0,heuristic,869,3
coding_task__tier4_main_effect_replicate__llama3.1_8b__main_loss_loss40__run3__3b4f12fa.json,3b4f12fa,coding_task,3,tier4_main_effect_replicate__llama3.1_8b,main_loss_loss40,main_effect,0,0,0,40,,loss,,,True,3,0,34.87,329,5,4,True,0,0,0,heuristic,1161,3
coding_task__tier4_main_effect_replicate__llama3.1_8b__main_loss_loss40__run4__8d0f7801.json,8d0f7801,coding_task,4,tier4_main_effect_replicate__llama3.1_8b,main_loss_loss40,main_effect,0,0,0,40,,loss,,,True,3,0,18.07,167,5,4,True,0,0,0,heuristic,513,3
coding_task__tier4_main_effect_replicate__llama3.1_8b__main_loss_loss40__run5__67e76c84.json,67e76c84,coding_task,5,tier4_main_effect_replicate__llama3.1_8b,main_loss_loss40,main_effect,0,0,0,40,,loss,,,True,3,0,21.09,241,5,5,True,0,0,0,heuristic,810,3
coding_task__tier4_main_effect_replicate__llama3.1_8b__main_loss_loss50__run1__3399aff9.json,3399aff9,coding_task,1,tier4_main_effect_replicate__llama3.1_8b,main_loss_loss50,main_effect,0,0,0,50,,loss,,,True,3,0,71.09,277,5,5,True,0,0,0,heuristic,955,3
coding_task__tier4_main_effect_replicate__llama3.1_8b__main_loss_loss50__run2__f2d62037.json,f2d62037,coding_task,2,tier4_main_effect_replicate__llama3.1_8b,main_loss_loss50,main_effect,0,0,0,50,,loss,,,True,3,0,48.09,284,5,4,True,0,0,0,heuristic,981,3
coding_task__tier4_main_effect_replicate__llama3.1_8b__main_loss_loss50__run3__95a1e44f.json,95a1e44f,coding_task,3,tier4_main_effect_replicate__llama3.1_8b,main_loss_loss50,main_effect,0,0,0,50,,loss,,,True,3,0,28.3,238,5,4,True,0,0,0,heuristic,799,3
coding_task__tier4_main_effect_replicate__llama3.1_8b__main_loss_loss50__run4__c71123e6.json,c71123e6,coding_task,4,tier4_main_effect_replicate__llama3.1_8b,main_loss_loss50,main_effect,0,0,0,50,,loss,,,True,3,0,63.89,322,5,5,True,0,0,0,heuristic,1134,3
coding_task__tier4_main_effect_replicate__llama3.1_8b__main_loss_loss50__run5__1dd71b76.json,1dd71b76,coding_task,5,tier4_main_effect_replicate__llama3.1_8b,main_loss_loss50,main_effect,0,0,0,50,,loss,,,True,3,0,117.86,379,5,4,True,0,0,0,heuristic,1287,3
coding_task__tier4_main_effect_replicate__llama3.1_8b__main_loss_loss5__run1__f03d067d.json,f03d067d,coding_task,1,tier4_main_effect_replicate__llama3.1_8b,main_loss_loss5,main_effect,0,0,0,5,,loss,,,True,3,0,31.19,266,5,5,True,0,0,0,heuristic,911,3
coding_task__tier4_main_effect_replicate__llama3.1_8b__main_loss_loss5__run2__feb76d22.json,feb76d22,coding_task,2,tier4_main_effect_replicate__llama3.1_8b,main_loss_loss5,main_effect,0,0,0,5,,loss,,,True,3,0,30.97,277,5,4,True,0,0,0,heuristic,953,3
coding_task__tier4_main_effect_replicate__llama3.1_8b__main_loss_loss5__run3__967c94b9.json,967c94b9,coding_task,3,tier4_main_effect_replicate__llama3.1_8b,main_loss_loss5,main_effect,0,0,0,5,,loss,,,True,3,0,21.85,254,5,5,True,0,0,0,heuristic,860,3
coding_task__tier4_main_effect_replicate__llama3.1_8b__main_loss_loss5__run4__fad2d17a.json,fad2d17a,coding_task,4,tier4_main_effect_replicate__llama3.1_8b,main_loss_loss5,main_effect,0,0,0,5,,loss,,,True,3,0,23.05,248,5,4,True,0,0,0,heuristic,836,3
coding_task__tier4_main_effect_replicate__llama3.1_8b__main_loss_loss5__run5__9d6d06d4.json,9d6d06d4,coding_task,5,tier4_main_effect_replicate__llama3.1_8b,main_loss_loss5,main_effect,0,0,0,5,,loss,,,True,3,0,23.39,243,5,3,False,0,0,0,heuristic,816,3
coding_task__tier4_main_effect_replicate__llama3.1_8b__main_loss_loss75__run1__aea1836f.json,aea1836f,coding_task,1,tier4_main_effect_replicate__llama3.1_8b,main_loss_loss75,main_effect,0,0,0,75,,loss,,,True,3,0,348.53,368,5,5,True,0,0,0,heuristic,1317,3
coding_task__tier4_main_effect_replicate__llama3.1_8b__main_loss_loss75__run2__bf5e0bb1.json,bf5e0bb1,coding_task,2,tier4_main_effect_replicate__llama3.1_8b,main_loss_loss75,main_effect,0,0,0,75,,loss,,,True,3,0,151.29,296,5,4,True,0,0,0,heuristic,1029,3
coding_task__tier4_main_effect_replicate__llama3.1_8b__main_loss_loss75__run3__1fa5eee5.json,1fa5eee5,coding_task,3,tier4_main_effect_replicate__llama3.1_8b,main_loss_loss75,main_effect,0,0,0,75,,loss,,,True,3,0,152.39,213,5,4,True,0,0,0,heuristic,697,3
coding_task__tier4_main_effect_replicate__llama3.1_8b__main_loss_loss75__run4__33a5dbaf.json,33a5dbaf,coding_task,4,tier4_main_effect_replicate__llama3.1_8b,main_loss_loss75,main_effect,0,0,0,75,,loss,,,True,3,0,69.1,191,5,5,True,0,0,0,heuristic,609,3
coding_task__tier4_main_effect_replicate__llama3.1_8b__main_loss_loss75__run5__29ca3f6c.json,29ca3f6c,coding_task,5,tier4_main_effect_replicate__llama3.1_8b,main_loss_loss75,main_effect,0,0,0,75,,loss,,,True,3,0,31.37,305,5,4,True,0,0,0,heuristic,940,3
data_analysis__tier4_main_effect_replicate__llama3.1_8b__main_delay_d0000__run1__cbf654b7.json,cbf654b7,data_analysis,1,tier4_main_effect_replicate__llama3.1_8b,main_delay_d0000,main_effect,0,0,0,0,,delay,,,True,3,0,27.38,346,5,2,False,0,0,0,heuristic,1089,3
data_analysis__tier4_main_effect_replicate__llama3.1_8b__main_delay_d0000__run2__13eb5d79.json,13eb5d79,data_analysis,2,tier4_main_effect_replicate__llama3.1_8b,main_delay_d0000,main_effect,0,0,0,0,,delay,,,True,3,0,35.87,410,5,3,False,0,0,0,heuristic,1495,3
data_analysis__tier4_main_effect_replicate__llama3.1_8b__main_delay_d0000__run3__54705164.json,54705164,data_analysis,3,tier4_main_effect_replicate__llama3.1_8b,main_delay_d0000,main_effect,0,0,0,0,,delay,,,True,3,0,23.53,264,5,3,False,0,0,0,heuristic,908,3
data_analysis__tier4_main_effect_replicate__llama3.1_8b__main_delay_d0000__run4__5a720263.json,5a720263,data_analysis,4,tier4_main_effect_replicate__llama3.1_8b,main_delay_d0000,main_effect,0,0,0,0,,delay,,,True,3,0,40.77,409,5,3,False,0,0,0,heuristic,1488,3
data_analysis__tier4_main_effect_replicate__llama3.1_8b__main_delay_d0000__run5__bafea843.json,bafea843,data_analysis,5,tier4_main_effect_replicate__llama3.1_8b,main_delay_d0000,main_effect,0,0,0,0,,delay,,,True,3,0,23.62,263,5,2,False,0,0,0,heuristic,765,3
data_analysis__tier4_main_effect_replicate__llama3.1_8b__main_delay_d0050__run1__aac3f37a.json,aac3f37a,data_analysis,1,tier4_main_effect_replicate__llama3.1_8b,main_delay_d0050,main_effect,50,50,0,0,,delay,,,True,3,0,41.01,397,5,5,True,0,0,0,heuristic,1442,3
data_analysis__tier4_main_effect_replicate__llama3.1_8b__main_delay_d0050__run2__814b80b3.json,814b80b3,data_analysis,2,tier4_main_effect_replicate__llama3.1_8b,main_delay_d0050,main_effect,50,50,0,0,,delay,,,True,3,0,27.86,326,5,3,False,0,0,0,heuristic,980,3
data_analysis__tier4_main_effect_replicate__llama3.1_8b__main_delay_d0050__run3__7f50552c.json,7f50552c,data_analysis,3,tier4_main_effect_replicate__llama3.1_8b,main_delay_d0050,main_effect,50,50,0,0,,delay,,,True,3,0,27.57,304,5,3,False,0,0,0,heuristic,1071,3
data_analysis__tier4_main_effect_replicate__llama3.1_8b__main_delay_d0050__run4__90a82bb2.json,90a82bb2,data_analysis,4,tier4_main_effect_replicate__llama3.1_8b,main_delay_d0050,main_effect,50,50,0,0,,delay,,,True,3,0,22.53,233,5,3,False,0,0,0,heuristic,785,3
data_analysis__tier4_main_effect_replicate__llama3.1_8b__main_delay_d0050__run5__f8e097c0.json,f8e097c0,data_analysis,5,tier4_main_effect_replicate__llama3.1_8b,main_delay_d0050,main_effect,50,50,0,0,,delay,,,True,3,0,35.5,362,4,3,False,0,0,0,heuristic,1302,3
data_analysis__tier4_main_effect_replicate__llama3.1_8b__main_delay_d0100__run1__e42c639a.json,e42c639a,data_analysis,1,tier4_main_effect_replicate__llama3.1_8b,main_delay_d0100,main_effect,100,100,0,0,,delay,,,True,3,0,22.49,184,5,4,True,0,0,0,heuristic,588,3
data_analysis__tier4_main_effect_replicate__llama3.1_8b__main_delay_d0100__run2__93bccc51.json,93bccc51,data_analysis,2,tier4_main_effect_replicate__llama3.1_8b,main_delay_d0100,main_effect,100,100,0,0,,delay,,,True,3,0,40.87,439,5,3,False,0,0,0,heuristic,1427,3
data_analysis__tier4_main_effect_replicate__llama3.1_8b__main_delay_d0100__run3__980bd505.json,980bd505,data_analysis,3,tier4_main_effect_replicate__llama3.1_8b,main_delay_d0100,main_effect,100,100,0,0,,delay,,,True,3,0,54.92,555,5,3,False,0,0,0,heuristic,2072,3
data_analysis__tier4_main_effect_replicate__llama3.1_8b__main_delay_d0100__run4__def77f3d.json,def77f3d,data_analysis,4,tier4_main_effect_replicate__llama3.1_8b,main_delay_d0100,main_effect,100,100,0,0,,delay,,,True,3,0,22.38,251,4,2,False,0,0,0,heuristic,859,3
data_analysis__tier4_main_effect_replicate__llama3.1_8b__main_delay_d0100__run5__dd52c1d5.json,dd52c1d5,data_analysis,5,tier4_main_effect_replicate__llama3.1_8b,main_delay_d0100,main_effect,100,100,0,0,,delay,,,True,3,0,36.09,398,5,3,False,0,0,0,heuristic,1282,3
data_analysis__tier4_main_effect_replicate__llama3.1_8b__main_delay_d0150__run1__342b70e6.json,342b70e6,data_analysis,1,tier4_main_effect_replicate__llama3.1_8b,main_delay_d0150,main_effect,150,150,0,0,,delay,,,True,3,0,36.27,285,4,2,False,0,0,0,heuristic,992,3
data_analysis__tier4_main_effect_replicate__llama3.1_8b__main_delay_d0150__run2__be6b3942.json,be6b3942,data_analysis,2,tier4_main_effect_replicate__llama3.1_8b,main_delay_d0150,main_effect,150,150,0,0,,delay,,,True,3,0,35.13,367,5,3,False,0,0,0,heuristic,1229,3
data_analysis__tier4_main_effect_replicate__llama3.1_8b__main_delay_d0150__run3__ad2998ac.json,ad2998ac,data_analysis,3,tier4_main_effect_replicate__llama3.1_8b,main_delay_d0150,main_effect,150,150,0,0,,delay,,,True,3,0,31.22,313,5,3,False,0,0,0,heuristic,976,3
data_analysis__tier4_main_effect_replicate__llama3.1_8b__main_delay_d0150__run4__fd05ef78.json,fd05ef78,data_analysis,4,tier4_main_effect_replicate__llama3.1_8b,main_delay_d0150,main_effect,150,150,0,0,,delay,,,True,3,0,22.16,234,5,3,False,0,0,0,heuristic,727,3
data_analysis__tier4_main_effect_replicate__llama3.1_8b__main_delay_d0150__run5__987b5848.json,987b5848,data_analysis,5,tier4_main_effect_replicate__llama3.1_8b,main_delay_d0150,main_effect,150,150,0,0,,delay,,,True,3,0,43.34,429,5,2,False,0,0,0,heuristic,1571,3
data_analysis__tier4_main_effect_replicate__llama3.1_8b__main_delay_d0200__run1__be5c0bf6.json,be5c0bf6,data_analysis,1,tier4_main_effect_replicate__llama3.1_8b,main_delay_d0200,main_effect,200,200,0,0,,delay,,,True,3,0,44.88,369,5,3,False,0,0,0,heuristic,1186,3
data_analysis__tier4_main_effect_replicate__llama3.1_8b__main_delay_d0200__run2__4e207c47.json,4e207c47,data_analysis,2,tier4_main_effect_replicate__llama3.1_8b,main_delay_d0200,main_effect,200,200,0,0,,delay,,,True,3,0,43.38,500,4,4,True,0,0,0,heuristic,1687,3
data_analysis__tier4_main_effect_replicate__llama3.1_8b__main_delay_d0200__run3__d4260d02.json,d4260d02,data_analysis,3,tier4_main_effect_replicate__llama3.1_8b,main_delay_d0200,main_effect,200,200,0,0,,delay,,,True,3,0,28.03,312,5,3,False,0,0,0,heuristic,1003,3
data_analysis__tier4_main_effect_replicate__llama3.1_8b__main_delay_d0200__run4__391ceb44.json,391ceb44,data_analysis,4,tier4_main_effect_replicate__llama3.1_8b,main_delay_d0200,main_effect,200,200,0,0,,delay,,,True,3,0,26.62,289,5,3,False,0,0,0,heuristic,1011,3
data_analysis__tier4_main_effect_replicate__llama3.1_8b__main_delay_d0200__run5__436ff978.json,436ff978,data_analysis,5,tier4_main_effect_replicate__llama3.1_8b,main_delay_d0200,main_effect,200,200,0,0,,delay,,,True,3,0,31.75,319,5,3,False,0,0,0,heuristic,1130,3
data_analysis__tier4_main_effect_replicate__llama3.1_8b__main_delay_d0250__run1__c38e12b4.json,c38e12b4,data_analysis,1,tier4_main_effect_replicate__llama3.1_8b,main_delay_d0250,main_effect,250,250,0,0,,delay,,,True,3,0,41.4,371,4,2,False,0,0,0,heuristic,1338,3
data_analysis__tier4_main_effect_replicate__llama3.1_8b__main_delay_d0250__run2__bfd832a4.json,bfd832a4,data_analysis,2,tier4_main_effect_replicate__llama3.1_8b,main_delay_d0250,main_effect,250,250,0,0,,delay,,,True,3,0,22.97,265,4,3,False,0,0,0,heuristic,857,3
data_analysis__tier4_main_effect_replicate__llama3.1_8b__main_delay_d0250__run3__873b59ea.json,873b59ea,data_analysis,3,tier4_main_effect_replicate__llama3.1_8b,main_delay_d0250,main_effect,250,250,0,0,,delay,,,True,3,0,14.56,162,4,2,False,0,0,0,heuristic,503,3
data_analysis__tier4_main_effect_replicate__llama3.1_8b__main_delay_d0250__run4__e836014b.json,e836014b,data_analysis,4,tier4_main_effect_replicate__llama3.1_8b,main_delay_d0250,main_effect,250,250,0,0,,delay,,,True,3,0,39.6,390,5,3,False,0,0,0,heuristic,1414,3
data_analysis__tier4_main_effect_replicate__llama3.1_8b__main_delay_d0250__run5__1b038c84.json,1b038c84,data_analysis,5,tier4_main_effect_replicate__llama3.1_8b,main_delay_d0250,main_effect,250,250,0,0,,delay,,,True,3,0,25.44,274,4,3,False,0,0,0,heuristic,664,3
data_analysis__tier4_main_effect_replicate__llama3.1_8b__main_delay_d0300__run1__bc64f80e.json,bc64f80e,data_analysis,1,tier4_main_effect_replicate__llama3.1_8b,main_delay_d0300,main_effect,300,300,0,0,,delay,,,True,3,0,32.48,293,4,4,True,0,0,0,heuristic,1027,3
data_analysis__tier4_main_effect_replicate__llama3.1_8b__main_delay_d0300__run2__c9cece27.json,c9cece27,data_analysis,2,tier4_main_effect_replicate__llama3.1_8b,main_delay_d0300,main_effect,300,300,0,0,,delay,,,True,3,0,29.74,326,4,3,False,0,0,0,heuristic,1065,3
data_analysis__tier4_main_effect_replicate__llama3.1_8b__main_delay_d0300__run3__f5bae835.json,f5bae835,data_analysis,3,tier4_main_effect_replicate__llama3.1_8b,main_delay_d0300,main_effect,300,300,0,0,,delay,,,True,3,0,26.81,284,5,3,False,0,0,0,heuristic,988,3
data_analysis__tier4_main_effect_replicate__llama3.1_8b__main_delay_d0300__run4__113a648b.json,113a648b,data_analysis,4,tier4_main_effect_replicate__llama3.1_8b,main_delay_d0300,main_effect,300,300,0,0,,delay,,,True,3,0,28.76,294,5,2,False,0,0,0,heuristic,1028,3
data_analysis__tier4_main_effect_replicate__llama3.1_8b__main_delay_d0300__run5__0cdee32c.json,0cdee32c,data_analysis,5,tier4_main_effect_replicate__llama3.1_8b,main_delay_d0300,main_effect,300,300,0,0,,delay,,,True,3,0,25.86,278,5,3,False,0,0,0,heuristic,964,3
data_analysis__tier4_main_effect_replicate__llama3.1_8b__main_delay_d0350__run1__f5bcf2e1.json,f5bcf2e1,data_analysis,1,tier4_main_effect_replicate__llama3.1_8b,main_delay_d0350,main_effect,350,350,0,0,,delay,,,True,3,0,23.88,238,4,2,False,0,0,0,heuristic,805,3
data_analysis__tier4_main_effect_replicate__llama3.1_8b__main_delay_d0350__run2__ee0a0714.json,ee0a0714,data_analysis,2,tier4_main_effect_replicate__llama3.1_8b,main_delay_d0350,main_effect,350,350,0,0,,delay,,,True,3,0,29.02,308,4,3,False,0,0,0,heuristic,720,3
data_analysis__tier4_main_effect_replicate__llama3.1_8b__main_delay_d0350__run3__cf2a4763.json,cf2a4763,data_analysis,3,tier4_main_effect_replicate__llama3.1_8b,main_delay_d0350,main_effect,350,350,0,0,,delay,,,True,3,0,28.21,302,5,3,False,0,0,0,heuristic,1062,3
data_analysis__tier4_main_effect_replicate__llama3.1_8b__main_delay_d0350__run4__445f816d.json,445f816d,data_analysis,4,tier4_main_effect_replicate__llama3.1_8b,main_delay_d0350,main_effect,350,350,0,0,,delay,,,True,3,0,35.12,359,5,4,True,0,0,0,heuristic,1137,3
data_analysis__tier4_main_effect_replicate__llama3.1_8b__main_delay_d0350__run5__eb67be46.json,eb67be46,data_analysis,5,tier4_main_effect_replicate__llama3.1_8b,main_delay_d0350,main_effect,350,350,0,0,,delay,,,True,3,0,31.1,313,5,3,False,0,0,0,heuristic,1105,3
data_analysis__tier4_main_effect_replicate__llama3.1_8b__main_delay_d0400__run1__a1a558fd.json,a1a558fd,data_analysis,1,tier4_main_effect_replicate__llama3.1_8b,main_delay_d0400,main_effect,400,400,0,0,,delay,,,True,3,0,39.74,382,4,3,False,0,0,0,heuristic,1173,3
data_analysis__tier4_main_effect_replicate__llama3.1_8b__main_delay_d0400__run2__17106569.json,17106569,data_analysis,2,tier4_main_effect_replicate__llama3.1_8b,main_delay_d0400,main_effect,400,400,0,0,,delay,,,True,3,0,28.76,315,4,5,True,0,0,0,heuristic,1114,3
data_analysis__tier4_main_effect_replicate__llama3.1_8b__main_delay_d0400__run3__f4e04e40.json,f4e04e40,data_analysis,3,tier4_main_effect_replicate__llama3.1_8b,main_delay_d0400,main_effect,400,400,0,0,,delay,,,True,3,0,24.6,279,5,2,False,0,0,0,heuristic,830,3
data_analysis__tier4_main_effect_replicate__llama3.1_8b__main_delay_d0400__run4__582544c5.json,582544c5,data_analysis,4,tier4_main_effect_replicate__llama3.1_8b,main_delay_d0400,main_effect,400,400,0,0,,delay,,,True,3,0,30.18,320,5,2,False,0,0,0,heuristic,977,3
data_analysis__tier4_main_effect_replicate__llama3.1_8b__main_delay_d0400__run5__670cecf9.json,670cecf9,data_analysis,5,tier4_main_effect_replicate__llama3.1_8b,main_delay_d0400,main_effect,400,400,0,0,,delay,,,True,3,0,34.68,361,4,2,False,0,0,0,heuristic,1005,3
data_analysis__tier4_main_effect_replicate__llama3.1_8b__main_delay_d0450__run1__14ce7c75.json,14ce7c75,data_analysis,1,tier4_main_effect_replicate__llama3.1_8b,main_delay_d0450,main_effect,450,450,0,0,,delay,,,True,3,0,29.45,283,5,4,True,0,0,0,heuristic,984,3
data_analysis__tier4_main_effect_replicate__llama3.1_8b__main_delay_d0450__run2__dfef8a91.json,dfef8a91,data_analysis,2,tier4_main_effect_replicate__llama3.1_8b,main_delay_d0450,main_effect,450,450,0,0,,delay,,,True,3,0,29.35,316,5,4,True,0,0,0,heuristic,1117,3
data_analysis__tier4_main_effect_replicate__llama3.1_8b__main_delay_d0450__run3__e00fcb3c.json,e00fcb3c,data_analysis,3,tier4_main_effect_replicate__llama3.1_8b,main_delay_d0450,main_effect,450,450,0,0,,delay,,,True,3,0,45.87,468,5,3,False,0,0,0,heuristic,1627,3
data_analysis__tier4_main_effect_replicate__llama3.1_8b__main_delay_d0450__run4__16f5a625.json,16f5a625,data_analysis,4,tier4_main_effect_replicate__llama3.1_8b,main_delay_d0450,main_effect,450,450,0,0,,delay,,,True,3,0,41.29,408,5,4,True,0,0,0,heuristic,1487,3
data_analysis__tier4_main_effect_replicate__llama3.1_8b__main_delay_d0450__run5__e1bf64fb.json,e1bf64fb,data_analysis,5,tier4_main_effect_replicate__llama3.1_8b,main_delay_d0450,main_effect,450,450,0,0,,delay,,,True,3,0,164.0,457,5,5,True,0,0,0,heuristic,1508,3
data_analysis__tier4_main_effect_replicate__llama3.1_8b__main_delay_d0500__run1__0a181567.json,0a181567,data_analysis,1,tier4_main_effect_replicate__llama3.1_8b,main_delay_d0500,main_effect,500,500,0,0,,delay,,,True,3,0,37.4,327,5,2,False,0,0,0,heuristic,1019,3
data_analysis__tier4_main_effect_replicate__llama3.1_8b__main_delay_d0500__run2__46d33931.json,46d33931,data_analysis,2,tier4_main_effect_replicate__llama3.1_8b,main_delay_d0500,main_effect,500,500,0,0,,delay,,,True,3,0,36.06,401,5,5,True,0,0,0,heuristic,1309,3
data_analysis__tier4_main_effect_replicate__llama3.1_8b__main_delay_d0500__run3__63eee22e.json,63eee22e,data_analysis,3,tier4_main_effect_replicate__llama3.1_8b,main_delay_d0500,main_effect,500,500,0,0,,delay,,,True,3,0,44.11,458,5,3,False,0,0,0,heuristic,1523,3
data_analysis__tier4_main_effect_replicate__llama3.1_8b__main_delay_d0500__run4__be95e91c.json,be95e91c,data_analysis,4,tier4_main_effect_replicate__llama3.1_8b,main_delay_d0500,main_effect,500,500,0,0,,delay,,,True,3,0,43.17,430,4,2,False,0,0,0,heuristic,1414,3
data_analysis__tier4_main_effect_replicate__llama3.1_8b__main_delay_d0500__run5__0b9b35a9.json,0b9b35a9,data_analysis,5,tier4_main_effect_replicate__llama3.1_8b,main_delay_d0500,main_effect,500,500,0,0,,delay,,,True,3,0,26.11,270,5,2,False,0,0,0,heuristic,934,3
data_analysis__tier4_main_effect_replicate__llama3.1_8b__main_delay_d0550__run1__c3d8f7a7.json,c3d8f7a7,data_analysis,1,tier4_main_effect_replicate__llama3.1_8b,main_delay_d0550,main_effect,550,550,0,0,,delay,,,True,3,0,39.84,353,5,3,False,0,0,0,heuristic,1265,3
data_analysis__tier4_main_effect_replicate__llama3.1_8b__main_delay_d0550__run2__dd50ecc1.json,dd50ecc1,data_analysis,2,tier4_main_effect_replicate__llama3.1_8b,main_delay_d0550,main_effect,550,550,0,0,,delay,,,True,3,0,18.96,208,5,3,False,0,0,0,heuristic,687,3
data_analysis__tier4_main_effect_replicate__llama3.1_8b__main_delay_d0550__run3__91924357.json,91924357,data_analysis,3,tier4_main_effect_replicate__llama3.1_8b,main_delay_d0550,main_effect,550,550,0,0,,delay,,,True,3,0,35.7,367,4,3,False,0,0,0,heuristic,1323,3
data_analysis__tier4_main_effect_replicate__llama3.1_8b__main_delay_d0550__run4__cfac22fc.json,cfac22fc,data_analysis,4,tier4_main_effect_replicate__llama3.1_8b,main_delay_d0550,main_effect,550,550,0,0,,delay,,,True,3,0,37.3,371,5,2,False,0,0,0,heuristic,1158,3
data_analysis__tier4_main_effect_replicate__llama3.1_8b__main_delay_d0550__run5__de939da0.json,de939da0,data_analysis,5,tier4_main_effect_replicate__llama3.1_8b,main_delay_d0550,main_effect,550,550,0,0,,delay,,,True,3,0,106.68,1029,5,3,False,0,0,0,heuristic,3969,3
data_analysis__tier4_main_effect_replicate__llama3.1_8b__main_delay_d0600__run1__6b30f8be.json,6b30f8be,data_analysis,1,tier4_main_effect_replicate__llama3.1_8b,main_delay_d0600,main_effect,600,600,0,0,,delay,,,True,3,0,43.17,397,5,3,False,0,0,0,heuristic,1325,3
data_analysis__tier4_main_effect_replicate__llama3.1_8b__main_delay_d0600__run2__e7d66025.json,e7d66025,data_analysis,2,tier4_main_effect_replicate__llama3.1_8b,main_delay_d0600,main_effect,600,600,0,0,,delay,,,True,3,0,48.22,520,5,3,False,0,0,0,heuristic,1744,3
data_analysis__tier4_main_effect_replicate__llama3.1_8b__main_delay_d0600__run3__9a46e19e.json,9a46e19e,data_analysis,3,tier4_main_effect_replicate__llama3.1_8b,main_delay_d0600,main_effect,600,600,0,0,,delay,,,True,3,0,28.18,301,5,3,False,0,0,0,heuristic,973,3
data_analysis__tier4_main_effect_replicate__llama3.1_8b__main_delay_d0600__run4__3c1c0d7c.json,3c1c0d7c,data_analysis,4,tier4_main_effect_replicate__llama3.1_8b,main_delay_d0600,main_effect,600,600,0,0,,delay,,,True,3,0,29.46,287,5,2,False,0,0,0,heuristic,1000,3
data_analysis__tier4_main_effect_replicate__llama3.1_8b__main_delay_d0600__run5__5dcac038.json,5dcac038,data_analysis,5,tier4_main_effect_replicate__llama3.1_8b,main_delay_d0600,main_effect,600,600,0,0,,delay,,,True,3,0,29.56,277,5,2,False,0,0,0,heuristic,962,3
data_analysis__tier4_main_effect_replicate__llama3.1_8b__main_delay_d0650__run1__a1f00578.json,a1f00578,data_analysis,1,tier4_main_effect_replicate__llama3.1_8b,main_delay_d0650,main_effect,650,650,0,0,,delay,,,True,3,0,57.07,517,,3,False,0,0,0,heuristic,1826,3
data_analysis__tier4_main_effect_replicate__llama3.1_8b__main_delay_d0650__run2__e18c0c08.json,e18c0c08,data_analysis,2,tier4_main_effect_replicate__llama3.1_8b,main_delay_d0650,main_effect,650,650,0,0,,delay,,,True,3,0,33.25,350,4,2,False,0,0,0,heuristic,1127,3
data_analysis__tier4_main_effect_replicate__llama3.1_8b__main_delay_d0650__run3__aaeab8a2.json,aaeab8a2,data_analysis,3,tier4_main_effect_replicate__llama3.1_8b,main_delay_d0650,main_effect,650,650,0,0,,delay,,,True,3,0,26.32,255,5,3,False,0,0,0,heuristic,875,3
data_analysis__tier4_main_effect_replicate__llama3.1_8b__main_delay_d0650__run4__576037d1.json,576037d1,data_analysis,4,tier4_main_effect_replicate__llama3.1_8b,main_delay_d0650,main_effect,650,650,0,0,,delay,,,True,3,0,41.94,415,5,4,True,0,0,0,heuristic,1336,3
data_analysis__tier4_main_effect_replicate__llama3.1_8b__main_delay_d0650__run5__f5bdb5fc.json,f5bdb5fc,data_analysis,5,tier4_main_effect_replicate__llama3.1_8b,main_delay_d0650,main_effect,650,650,0,0,,delay,,,True,3,0,32.65,319,4,3,False,0,0,0,heuristic,951,3
data_analysis__tier4_main_effect_replicate__llama3.1_8b__main_delay_d0700__run1__b836ef8c.json,b836ef8c,data_analysis,1,tier4_main_effect_replicate__llama3.1_8b,main_delay_d0700,main_effect,700,700,0,0,,delay,,,True,3,0,35.49,312,5,3,False,0,0,0,heuristic,1035,3
data_analysis__tier4_main_effect_replicate__llama3.1_8b__main_delay_d0700__run2__9f16656b.json,9f16656b,data_analysis,2,tier4_main_effect_replicate__llama3.1_8b,main_delay_d0700,main_effect,700,700,0,0,,delay,,,True,3,0,27.85,280,4,2,False,0,0,0,heuristic,972,3
data_analysis__tier4_main_effect_replicate__llama3.1_8b__main_delay_d0700__run3__fd0b8f0c.json,fd0b8f0c,data_analysis,3,tier4_main_effect_replicate__llama3.1_8b,main_delay_d0700,main_effect,700,700,0,0,,delay,,,True,3,0,40.85,449,5,3,False,0,0,0,heuristic,1648,3
data_analysis__tier4_main_effect_replicate__llama3.1_8b__main_delay_d0700__run4__1261e3a3.json,1261e3a3,data_analysis,4,tier4_main_effect_replicate__llama3.1_8b,main_delay_d0700,main_effect,700,700,0,0,,delay,,,True,3,0,55.25,466,5,3,False,0,0,0,heuristic,1543,3
data_analysis__tier4_main_effect_replicate__llama3.1_8b__main_delay_d0700__run5__1382eda7.json,1382eda7,data_analysis,5,tier4_main_effect_replicate__llama3.1_8b,main_delay_d0700,main_effect,700,700,0,0,,delay,,,True,3,0,47.51,409,5,2,False,0,0,0,heuristic,1377,3
data_analysis__tier4_main_effect_replicate__llama3.1_8b__main_delay_d0750__run1__1a7fa591.json,1a7fa591,data_analysis,1,tier4_main_effect_replicate__llama3.1_8b,main_delay_d0750,main_effect,750,750,0,0,,delay,,,True,3,0,28.65,277,5,2,False,0,0,0,heuristic,962,3
data_analysis__tier4_main_effect_replicate__llama3.1_8b__main_delay_d0750__run2__dba96d9d.json,dba96d9d,data_analysis,2,tier4_main_effect_replicate__llama3.1_8b,main_delay_d0750,main_effect,750,750,0,0,,delay,,,True,3,0,32.6,353,5,3,False,0,0,0,heuristic,1119,3
data_analysis__tier4_main_effect_replicate__llama3.1_8b__main_delay_d0750__run3__3ab43151.json,3ab43151,data_analysis,3,tier4_main_effect_replicate__llama3.1_8b,main_delay_d0750,main_effect,750,750,0,0,,delay,,,True,3,0,24.06,251,5,3,False,0,0,0,heuristic,687,3
data_analysis__tier4_main_effect_replicate__llama3.1_8b__main_delay_d0750__run4__5308d81d.json,5308d81d,data_analysis,4,tier4_main_effect_replicate__llama3.1_8b,main_delay_d0750,main_effect,750,750,0,0,,delay,,,True,3,0,46.07,385,4,3,False,0,0,0,heuristic,1320,3
data_analysis__tier4_main_effect_replicate__llama3.1_8b__main_delay_d0750__run5__5e7eccd8.json,5e7eccd8,data_analysis,5,tier4_main_effect_replicate__llama3.1_8b,main_delay_d0750,main_effect,750,750,0,0,,delay,,,True,3,0,27.64,250,5,4,True,0,0,0,heuristic,855,3
data_analysis__tier4_main_effect_replicate__llama3.1_8b__main_delay_d0800__run1__8290a3aa.json,8290a3aa,data_analysis,1,tier4_main_effect_replicate__llama3.1_8b,main_delay_d0800,main_effect,800,800,0,0,,delay,,,True,3,0,50.12,371,4,2,False,0,0,0,heuristic,1201,3
data_analysis__tier4_main_effect_replicate__llama3.1_8b__main_delay_d0800__run2__ae50079e.json,ae50079e,data_analysis,2,tier4_main_effect_replicate__llama3.1_8b,main_delay_d0800,main_effect,800,800,0,0,,delay,,,True,3,0,39.12,404,5,4,True,0,0,0,heuristic,1271,3
data_analysis__tier4_main_effect_replicate__llama3.1_8b__main_delay_d0800__run3__8ea4d47b.json,8ea4d47b,data_analysis,3,tier4_main_effect_replicate__llama3.1_8b,main_delay_d0800,main_effect,800,800,0,0,,delay,,,True,3,0,28.04,285,5,3,False,0,0,0,heuristic,995,3
data_analysis__tier4_main_effect_replicate__llama3.1_8b__main_delay_d0800__run4__966c6fe0.json,966c6fe0,data_analysis,4,tier4_main_effect_replicate__llama3.1_8b,main_delay_d0800,main_effect,800,800,0,0,,delay,,,True,3,0,42.22,367,5,2,False,0,0,0,heuristic,1322,3
data_analysis__tier4_main_effect_replicate__llama3.1_8b__main_delay_d0800__run5__37fe2b9e.json,37fe2b9e,data_analysis,5,tier4_main_effect_replicate__llama3.1_8b,main_delay_d0800,main_effect,800,800,0,0,,delay,,,True,3,0,155.66,299,4,2,False,0,0,0,heuristic,1050,3
data_analysis__tier4_main_effect_replicate__llama3.1_8b__main_delay_d0850__run1__104a43f4.json,104a43f4,data_analysis,1,tier4_main_effect_replicate__llama3.1_8b,main_delay_d0850,main_effect,850,850,0,0,,delay,,,True,3,0,34.13,265,5,3,False,0,0,0,heuristic,797,3
data_analysis__tier4_main_effect_replicate__llama3.1_8b__main_delay_d0850__run2__d00c9e7d.json,d00c9e7d,data_analysis,2,tier4_main_effect_replicate__llama3.1_8b,main_delay_d0850,main_effect,850,850,0,0,,delay,,,True,3,0,38.08,400,5,3,False,0,0,0,heuristic,1455,3
data_analysis__tier4_main_effect_replicate__llama3.1_8b__main_delay_d0850__run3__0ce8780b.json,0ce8780b,data_analysis,3,tier4_main_effect_replicate__llama3.1_8b,main_delay_d0850,main_effect,850,850,0,0,,delay,,,True,3,0,34.22,343,5,3,False,0,0,0,heuristic,1106,3
data_analysis__tier4_main_effect_replicate__llama3.1_8b__main_delay_d0850__run4__53ffbd7c.json,53ffbd7c,data_analysis,4,tier4_main_effect_replicate__llama3.1_8b,main_delay_d0850,main_effect,850,850,0,0,,delay,,,True,3,0,28.02,265,4,2,False,0,0,0,heuristic,914,3
data_analysis__tier4_main_effect_replicate__llama3.1_8b__main_delay_d0850__run5__7176f28f.json,7176f28f,data_analysis,5,tier4_main_effect_replicate__llama3.1_8b,main_delay_d0850,main_effect,850,850,0,0,,delay,,,True,3,0,30.18,283,5,3,False,0,0,0,heuristic,987,3
data_analysis__tier4_main_effect_replicate__llama3.1_8b__main_delay_d0900__run1__105ed761.json,105ed761,data_analysis,1,tier4_main_effect_replicate__llama3.1_8b,main_delay_d0900,main_effect,900,900,0,0,,delay,,,True,3,0,58.32,354,5,5,True,0,0,0,heuristic,1113,3
data_analysis__tier4_main_effect_replicate__llama3.1_8b__main_delay_d0900__run2__c944fb48.json,c944fb48,data_analysis,2,tier4_main_effect_replicate__llama3.1_8b,main_delay_d0900,main_effect,900,900,0,0,,delay,,,True,3,0,28.43,278,5,3,False,0,0,0,heuristic,965,3
data_analysis__tier4_main_effect_replicate__llama3.1_8b__main_delay_d0900__run3__c55a5bc6.json,c55a5bc6,data_analysis,3,tier4_main_effect_replicate__llama3.1_8b,main_delay_d0900,main_effect,900,900,0,0,,delay,,,True,3,0,35.7,366,5,3,False,0,0,0,heuristic,1316,3
data_analysis__tier4_main_effect_replicate__llama3.1_8b__main_delay_d0900__run4__3266b2b8.json,3266b2b8,data_analysis,4,tier4_main_effect_replicate__llama3.1_8b,main_delay_d0900,main_effect,900,900,0,0,,delay,,,True,3,0,27.16,273,5,2,False,0,0,0,heuristic,947,3
data_analysis__tier4_main_effect_replicate__llama3.1_8b__main_delay_d0900__run5__68075420.json,68075420,data_analysis,5,tier4_main_effect_replicate__llama3.1_8b,main_delay_d0900,main_effect,900,900,0,0,,delay,,,True,3,0,24.87,234,4,2,False,0,0,0,heuristic,791,3
data_analysis__tier4_main_effect_replicate__llama3.1_8b__main_delay_d0950__run1__bd3a8b25.json,bd3a8b25,data_analysis,1,tier4_main_effect_replicate__llama3.1_8b,main_delay_d0950,main_effect,950,950,0,0,,delay,,,True,3,0,71.02,358,5,3,False,0,0,0,heuristic,1169,3
data_analysis__tier4_main_effect_replicate__llama3.1_8b__main_delay_d0950__run2__6a15ad0b.json,6a15ad0b,data_analysis,2,tier4_main_effect_replicate__llama3.1_8b,main_delay_d0950,main_effect,950,950,0,0,,delay,,,True,3,0,26.86,256,,4,True,0,0,0,heuristic,735,3
data_analysis__tier4_main_effect_replicate__llama3.1_8b__main_delay_d0950__run3__a8e420b1.json,a8e420b1,data_analysis,3,tier4_main_effect_replicate__llama3.1_8b,main_delay_d0950,main_effect,950,950,0,0,,delay,,,True,3,0,38.19,411,5,5,True,0,0,0,heuristic,1329,3
data_analysis__tier4_main_effect_replicate__llama3.1_8b__main_delay_d0950__run4__44215f0a.json,44215f0a,data_analysis,4,tier4_main_effect_replicate__llama3.1_8b,main_delay_d0950,main_effect,950,950,0,0,,delay,,,True,3,0,38.47,400,4,4,True,0,0,0,heuristic,1455,3
data_analysis__tier4_main_effect_replicate__llama3.1_8b__main_delay_d0950__run5__da9a2d51.json,da9a2d51,data_analysis,5,tier4_main_effect_replicate__llama3.1_8b,main_delay_d0950,main_effect,950,950,0,0,,delay,,,True,3,0,39.04,385,4,4,True,0,0,0,heuristic,1293,3
data_analysis__tier4_main_effect_replicate__llama3.1_8b__main_delay_d1000__run1__65482ecd.json,65482ecd,data_analysis,1,tier4_main_effect_replicate__llama3.1_8b,main_delay_d1000,main_effect,1000,1000,0,0,,delay,,,True,3,0,40.85,330,5,3,False,0,0,0,heuristic,1174,3
data_analysis__tier4_main_effect_replicate__llama3.1_8b__main_delay_d1000__run2__84ca625e.json,84ca625e,data_analysis,2,tier4_main_effect_replicate__llama3.1_8b,main_delay_d1000,main_effect,1000,1000,0,0,,delay,,,True,3,0,31.82,321,4,3,False,0,0,0,heuristic,1084,3
data_analysis__tier4_main_effect_replicate__llama3.1_8b__main_delay_d1000__run3__c947a23b.json,c947a23b,data_analysis,3,tier4_main_effect_replicate__llama3.1_8b,main_delay_d1000,main_effect,1000,1000,0,0,,delay,,,True,3,0,42.53,402,5,3,False,0,0,0,heuristic,1460,3
data_analysis__tier4_main_effect_replicate__llama3.1_8b__main_delay_d1000__run4__89249d9b.json,89249d9b,data_analysis,4,tier4_main_effect_replicate__llama3.1_8b,main_delay_d1000,main_effect,1000,1000,0,0,,delay,,,True,3,0,41.41,395,5,2,False,0,0,0,heuristic,1435,3
data_analysis__tier4_main_effect_replicate__llama3.1_8b__main_delay_d1000__run5__c6da71ec.json,c6da71ec,data_analysis,5,tier4_main_effect_replicate__llama3.1_8b,main_delay_d1000,main_effect,1000,1000,0,0,,delay,,,True,3,0,41.06,404,5,3,False,0,0,0,heuristic,1171,3
data_analysis__tier4_main_effect_replicate__llama3.1_8b__main_jitter_j000__run1__86e93e1a.json,86e93e1a,data_analysis,1,tier4_main_effect_replicate__llama3.1_8b,main_jitter_j000,main_effect,0,0,0,0,,jitter,,,True,3,0,25.93,296,5,3,False,0,0,0,heuristic,1038,3
data_analysis__tier4_main_effect_replicate__llama3.1_8b__main_jitter_j000__run2__4787ccee.json,4787ccee,data_analysis,2,tier4_main_effect_replicate__llama3.1_8b,main_jitter_j000,main_effect,0,0,0,0,,jitter,,,True,3,0,27.39,345,5,4,True,0,0,0,heuristic,1060,3
data_analysis__tier4_main_effect_replicate__llama3.1_8b__main_jitter_j000__run3__a54dd894.json,a54dd894,data_analysis,3,tier4_main_effect_replicate__llama3.1_8b,main_jitter_j000,main_effect,0,0,0,0,,jitter,,,True,3,0,18.57,239,5,3,False,0,0,0,heuristic,809,3
data_analysis__tier4_main_effect_replicate__llama3.1_8b__main_jitter_j000__run4__eca326de.json,eca326de,data_analysis,4,tier4_main_effect_replicate__llama3.1_8b,main_jitter_j000,main_effect,0,0,0,0,,jitter,,,True,3,0,44.53,526,5,3,False,0,0,0,heuristic,1777,3
data_analysis__tier4_main_effect_replicate__llama3.1_8b__main_jitter_j000__run5__9667b8eb.json,9667b8eb,data_analysis,5,tier4_main_effect_replicate__llama3.1_8b,main_jitter_j000,main_effect,0,0,0,0,,jitter,,,True,3,0,21.04,256,4,2,False,0,0,0,heuristic,879,3
data_analysis__tier4_main_effect_replicate__llama3.1_8b__main_jitter_j001__run1__63c136e7.json,63c136e7,data_analysis,1,tier4_main_effect_replicate__llama3.1_8b,main_jitter_j001,main_effect,50,0,1,0,,jitter,,,True,3,0,38.01,352,5,2,False,0,0,0,heuristic,1261,3
data_analysis__tier4_main_effect_replicate__llama3.1_8b__main_jitter_j001__run2__df86cff5.json,df86cff5,data_analysis,2,tier4_main_effect_replicate__llama3.1_8b,main_jitter_j001,main_effect,50,0,1,0,,jitter,,,True,3,0,29.07,305,5,3,False,0,0,0,heuristic,1072,3
data_analysis__tier4_main_effect_replicate__llama3.1_8b__main_jitter_j001__run3__1e5a77ee.json,1e5a77ee,data_analysis,3,tier4_main_effect_replicate__llama3.1_8b,main_jitter_j001,main_effect,50,0,1,0,,jitter,,,True,3,0,26.65,286,4,2,False,0,0,0,heuristic,996,3
data_analysis__tier4_main_effect_replicate__llama3.1_8b__main_jitter_j001__run4__bb37158f.json,bb37158f,data_analysis,4,tier4_main_effect_replicate__llama3.1_8b,main_jitter_j001,main_effect,50,0,1,0,,jitter,,,True,3,0,22.86,244,5,3,False,0,0,0,heuristic,831,3
data_analysis__tier4_main_effect_replicate__llama3.1_8b__main_jitter_j001__run5__77939564.json,77939564,data_analysis,5,tier4_main_effect_replicate__llama3.1_8b,main_jitter_j001,main_effect,50,0,1,0,,jitter,,,True,3,0,42.88,382,5,3,False,0,0,0,heuristic,1380,3
data_analysis__tier4_main_effect_replicate__llama3.1_8b__main_jitter_j005__run1__4ba13035.json,4ba13035,data_analysis,1,tier4_main_effect_replicate__llama3.1_8b,main_jitter_j005,main_effect,50,0,5,0,,jitter,,,True,3,0,26.22,269,5,2,False,0,0,0,heuristic,764,3
data_analysis__tier4_main_effect_replicate__llama3.1_8b__main_jitter_j005__run2__3f8d4f46.json,3f8d4f46,data_analysis,2,tier4_main_effect_replicate__llama3.1_8b,main_jitter_j005,main_effect,50,0,5,0,,jitter,,,True,3,0,35.28,404,5,4,True,0,0,0,heuristic,1340,3
data_analysis__tier4_main_effect_replicate__llama3.1_8b__main_jitter_j005__run3__98d09434.json,98d09434,data_analysis,3,tier4_main_effect_replicate__llama3.1_8b,main_jitter_j005,main_effect,50,0,5,0,,jitter,,,True,3,0,27.88,324,5,3,False,0,0,0,heuristic,1149,3
data_analysis__tier4_main_effect_replicate__llama3.1_8b__main_jitter_j005__run4__fb14200e.json,fb14200e,data_analysis,4,tier4_main_effect_replicate__llama3.1_8b,main_jitter_j005,main_effect,50,0,5,0,,jitter,,,True,3,0,30.31,348,5,3,False,0,0,0,heuristic,1245,3
data_analysis__tier4_main_effect_replicate__llama3.1_8b__main_jitter_j005__run5__b9138e92.json,b9138e92,data_analysis,5,tier4_main_effect_replicate__llama3.1_8b,main_jitter_j005,main_effect,50,0,5,0,,jitter,,,True,3,0,21.74,241,4,3,False,0,0,0,heuristic,672,3
data_analysis__tier4_main_effect_replicate__llama3.1_8b__main_jitter_j010__run1__d1c8e034.json,d1c8e034,data_analysis,1,tier4_main_effect_replicate__llama3.1_8b,main_jitter_j010,main_effect,50,0,10,0,,jitter,,,True,3,0,31.5,309,4,3,False,0,0,0,heuristic,974,3
data_analysis__tier4_main_effect_replicate__llama3.1_8b__main_jitter_j010__run2__8adaeab6.json,8adaeab6,data_analysis,2,tier4_main_effect_replicate__llama3.1_8b,main_jitter_j010,main_effect,50,0,10,0,,jitter,,,True,3,0,42.95,417,5,2,False,0,0,0,heuristic,1522,3
data_analysis__tier4_main_effect_replicate__llama3.1_8b__main_jitter_j010__run3__3b5ac33a.json,3b5ac33a,data_analysis,3,tier4_main_effect_replicate__llama3.1_8b,main_jitter_j010,main_effect,50,0,10,0,,jitter,,,True,3,0,44.61,456,5,3,False,0,0,0,heuristic,1676,3
data_analysis__tier4_main_effect_replicate__llama3.1_8b__main_jitter_j010__run4__56d36755.json,56d36755,data_analysis,4,tier4_main_effect_replicate__llama3.1_8b,main_jitter_j010,main_effect,50,0,10,0,,jitter,,,True,3,0,36.72,381,5,3,False,0,0,0,heuristic,1378,3
data_analysis__tier4_main_effect_replicate__llama3.1_8b__main_jitter_j010__run5__b6c831c0.json,b6c831c0,data_analysis,5,tier4_main_effect_replicate__llama3.1_8b,main_jitter_j010,main_effect,50,0,10,0,,jitter,,,True,3,0,27.11,318,5,4,True,0,0,0,heuristic,967,3
data_analysis__tier4_main_effect_replicate__llama3.1_8b__main_jitter_j015__run1__7e410a14.json,7e410a14,data_analysis,1,tier4_main_effect_replicate__llama3.1_8b,main_jitter_j015,main_effect,50,0,15,0,,jitter,,,True,3,0,42.26,444,5,2,False,0,0,0,heuristic,1454,3
data_analysis__tier4_main_effect_replicate__llama3.1_8b__main_jitter_j015__run2__e5c9098a.json,e5c9098a,data_analysis,2,tier4_main_effect_replicate__llama3.1_8b,main_jitter_j015,main_effect,50,0,15,0,,jitter,,,True,3,0,22.53,249,4,3,False,0,0,0,heuristic,851,3
data_analysis__tier4_main_effect_replicate__llama3.1_8b__main_jitter_j015__run3__a4ddc400.json,a4ddc400,data_analysis,3,tier4_main_effect_replicate__llama3.1_8b,main_jitter_j015,main_effect,50,0,15,0,,jitter,,,True,3,0,20.0,230,5,3,False,0,0,0,heuristic,773,3
data_analysis__tier4_main_effect_replicate__llama3.1_8b__main_jitter_j015__run4__d9f9aa83.json,d9f9aa83,data_analysis,4,tier4_main_effect_replicate__llama3.1_8b,main_jitter_j015,main_effect,50,0,15,0,,jitter,,,True,3,0,36.65,391,5,5,True,0,0,0,heuristic,1416,3
data_analysis__tier4_main_effect_replicate__llama3.1_8b__main_jitter_j015__run5__a24011d4.json,a24011d4,data_analysis,5,tier4_main_effect_replicate__llama3.1_8b,main_jitter_j015,main_effect,50,0,15,0,,jitter,,,True,3,0,28.83,324,4,3,False,0,0,0,heuristic,1151,3
data_analysis__tier4_main_effect_replicate__llama3.1_8b__main_jitter_j020__run1__e615be23.json,e615be23,data_analysis,1,tier4_main_effect_replicate__llama3.1_8b,main_jitter_j020,main_effect,50,0,20,0,,jitter,,,True,3,0,30.92,356,5,3,False,0,0,0,heuristic,1218,3
data_analysis__tier4_main_effect_replicate__llama3.1_8b__main_jitter_j020__run2__62d9a32f.json,62d9a32f,data_analysis,2,tier4_main_effect_replicate__llama3.1_8b,main_jitter_j020,main_effect,50,0,20,0,,jitter,,,True,3,0,24.04,282,5,2,False,0,0,0,heuristic,982,3
data_analysis__tier4_main_effect_replicate__llama3.1_8b__main_jitter_j020__run3__f52827df.json,f52827df,data_analysis,3,tier4_main_effect_replicate__llama3.1_8b,main_jitter_j020,main_effect,50,0,20,0,,jitter,,,True,3,0,19.5,213,5,3,False,0,0,0,heuristic,662,3
data_analysis__tier4_main_effect_replicate__llama3.1_8b__main_jitter_j020__run4__9983b7ec.json,9983b7ec,data_analysis,4,tier4_main_effect_replicate__llama3.1_8b,main_jitter_j020,main_effect,50,0,20,0,,jitter,,,True,3,0,41.47,418,5,2,False,0,0,0,heuristic,1526,3
data_analysis__tier4_main_effect_replicate__llama3.1_8b__main_jitter_j020__run5__76277f02.json,76277f02,data_analysis,5,tier4_main_effect_replicate__llama3.1_8b,main_jitter_j020,main_effect,50,0,20,0,,jitter,,,True,3,0,28.42,297,4,2,False,0,0,0,heuristic,866,3
data_analysis__tier4_main_effect_replicate__llama3.1_8b__main_jitter_j025__run1__8f782eb8.json,8f782eb8,data_analysis,1,tier4_main_effect_replicate__llama3.1_8b,main_jitter_j025,main_effect,50,0,25,0,,jitter,,,True,3,0,37.68,394,4,3,False,0,0,0,heuristic,1431,3
data_analysis__tier4_main_effect_replicate__llama3.1_8b__main_jitter_j025__run2__c272f9f4.json,c272f9f4,data_analysis,2,tier4_main_effect_replicate__llama3.1_8b,main_jitter_j025,main_effect,50,0,25,0,,jitter,,,True,3,0,29.85,333,5,4,True,0,0,0,heuristic,1067,3
data_analysis__tier4_main_effect_replicate__llama3.1_8b__main_jitter_j025__run3__cb6eb3e6.json,cb6eb3e6,data_analysis,3,tier4_main_effect_replicate__llama3.1_8b,main_jitter_j025,main_effect,50,0,25,0,,jitter,,,True,3,0,36.04,390,4,3,False,0,0,0,heuristic,1164,3
data_analysis__tier4_main_effect_replicate__llama3.1_8b__main_jitter_j025__run4__fa56d6ac.json,fa56d6ac,data_analysis,4,tier4_main_effect_replicate__llama3.1_8b,main_jitter_j025,main_effect,50,0,25,0,,jitter,,,True,3,0,23.44,246,5,2,False,0,0,0,heuristic,838,3
data_analysis__tier4_main_effect_replicate__llama3.1_8b__main_jitter_j025__run5__3820ccac.json,3820ccac,data_analysis,5,tier4_main_effect_replicate__llama3.1_8b,main_jitter_j025,main_effect,50,0,25,0,,jitter,,,True,3,0,42.48,451,4,4,True,0,0,0,heuristic,1347,3
data_analysis__tier4_main_effect_replicate__llama3.1_8b__main_jitter_j030__run1__6502194d.json,6502194d,data_analysis,1,tier4_main_effect_replicate__llama3.1_8b,main_jitter_j030,main_effect,50,0,30,0,,jitter,,,True,3,0,25.23,285,4,2,False,0,0,0,heuristic,993,3
data_analysis__tier4_main_effect_replicate__llama3.1_8b__main_jitter_j030__run2__d3603218.json,d3603218,data_analysis,2,tier4_main_effect_replicate__llama3.1_8b,main_jitter_j030,main_effect,50,0,30,0,,jitter,,,True,3,0,24.81,269,5,2,False,0,0,0,heuristic,928,3
data_analysis__tier4_main_effect_replicate__llama3.1_8b__main_jitter_j030__run3__2f177eda.json,2f177eda,data_analysis,3,tier4_main_effect_replicate__llama3.1_8b,main_jitter_j030,main_effect,50,0,30,0,,jitter,,,True,3,0,27.69,300,4,4,True,0,0,0,heuristic,1052,3
data_analysis__tier4_main_effect_replicate__llama3.1_8b__main_jitter_j030__run4__0323fa89.json,0323fa89,data_analysis,4,tier4_main_effect_replicate__llama3.1_8b,main_jitter_j030,main_effect,50,0,30,0,,jitter,,,True,3,0,33.89,342,5,3,False,0,0,0,heuristic,1222,3
data_analysis__tier4_main_effect_replicate__llama3.1_8b__main_jitter_j030__run5__5645367f.json,5645367f,data_analysis,5,tier4_main_effect_replicate__llama3.1_8b,main_jitter_j030,main_effect,50,0,30,0,,jitter,,,True,3,0,31.87,333,5,3,False,0,0,0,heuristic,1187,3
data_analysis__tier4_main_effect_replicate__llama3.1_8b__main_jitter_j050__run1__9471c572.json,9471c572,data_analysis,1,tier4_main_effect_replicate__llama3.1_8b,main_jitter_j050,main_effect,50,0,50,0,,jitter,,,True,3,0,31.14,328,5,4,True,0,0,0,heuristic,1167,3
data_analysis__tier4_main_effect_replicate__llama3.1_8b__main_jitter_j050__run2__933ebb61.json,933ebb61,data_analysis,2,tier4_main_effect_replicate__llama3.1_8b,main_jitter_j050,main_effect,50,0,50,0,,jitter,,,True,3,0,40.66,434,5,3,False,0,0,0,heuristic,1590,3
data_analysis__tier4_main_effect_replicate__llama3.1_8b__main_jitter_j050__run3__40599d1f.json,40599d1f,data_analysis,3,tier4_main_effect_replicate__llama3.1_8b,main_jitter_j050,main_effect,50,0,50,0,,jitter,,,True,3,0,36.6,387,4,2,False,0,0,0,heuristic,1145,3
data_analysis__tier4_main_effect_replicate__llama3.1_8b__main_jitter_j050__run4__4cb19de4.json,4cb19de4,data_analysis,4,tier4_main_effect_replicate__llama3.1_8b,main_jitter_j050,main_effect,50,0,50,0,,jitter,,,True,3,0,28.28,298,5,3,False,0,0,0,heuristic,1044,3
data_analysis__tier4_main_effect_replicate__llama3.1_8b__main_jitter_j050__run5__ad4d34e3.json,ad4d34e3,data_analysis,5,tier4_main_effect_replicate__llama3.1_8b,main_jitter_j050,main_effect,50,0,50,0,,jitter,,,True,3,0,35.06,351,5,4,True,0,0,0,heuristic,1258,3
data_analysis__tier4_main_effect_replicate__llama3.1_8b__main_jitter_j075__run1__aa441dfe.json,aa441dfe,data_analysis,1,tier4_main_effect_replicate__llama3.1_8b,main_jitter_j075,main_effect,50,0,75,0,,jitter,,,True,3,0,22.95,254,5,3,False,0,0,0,heuristic,870,3
data_analysis__tier4_main_effect_replicate__llama3.1_8b__main_jitter_j075__run2__ccf795b0.json,ccf795b0,data_analysis,2,tier4_main_effect_replicate__llama3.1_8b,main_jitter_j075,main_effect,50,0,75,0,,jitter,,,True,3,0,34.32,377,5,2,False,0,0,0,heuristic,1362,3
data_analysis__tier4_main_effect_replicate__llama3.1_8b__main_jitter_j075__run3__0bdb69b8.json,0bdb69b8,data_analysis,3,tier4_main_effect_replicate__llama3.1_8b,main_jitter_j075,main_effect,50,0,75,0,,jitter,,,True,3,0,23.2,267,4,3,False,0,0,0,heuristic,764,3
data_analysis__tier4_main_effect_replicate__llama3.1_8b__main_jitter_j075__run4__b2c0be6b.json,b2c0be6b,data_analysis,4,tier4_main_effect_replicate__llama3.1_8b,main_jitter_j075,main_effect,50,0,75,0,,jitter,,,True,3,0,32.3,327,5,2,False,0,0,0,heuristic,1107,3
data_analysis__tier4_main_effect_replicate__llama3.1_8b__main_jitter_j075__run5__6767ffd7.json,6767ffd7,data_analysis,5,tier4_main_effect_replicate__llama3.1_8b,main_jitter_j075,main_effect,50,0,75,0,,jitter,,,True,3,0,34.97,370,4,4,True,0,0,0,heuristic,1188,3
data_analysis__tier4_main_effect_replicate__llama3.1_8b__main_loss_loss0__run1__53291812.json,53291812,data_analysis,1,tier4_main_effect_replicate__llama3.1_8b,main_loss_loss0,main_effect,0,0,0,0,,loss,,,True,3,0,38.24,353,5,5,True,0,0,0,heuristic,1094,3
data_analysis__tier4_main_effect_replicate__llama3.1_8b__main_loss_loss0__run2__26d7e6c8.json,26d7e6c8,data_analysis,2,tier4_main_effect_replicate__llama3.1_8b,main_loss_loss0,main_effect,0,0,0,0,,loss,,,True,3,0,46.39,499,4,5,True,0,0,0,heuristic,1732,3
data_analysis__tier4_main_effect_replicate__llama3.1_8b__main_loss_loss0__run3__de2e794e.json,de2e794e,data_analysis,3,tier4_main_effect_replicate__llama3.1_8b,main_loss_loss0,main_effect,0,0,0,0,,loss,,,True,3,0,19.36,229,4,2,False,0,0,0,heuristic,769,3
data_analysis__tier4_main_effect_replicate__llama3.1_8b__main_loss_loss0__run4__da95c294.json,da95c294,data_analysis,4,tier4_main_effect_replicate__llama3.1_8b,main_loss_loss0,main_effect,0,0,0,0,,loss,,,True,3,0,18.31,196,5,2,False,0,0,0,heuristic,639,3
data_analysis__tier4_main_effect_replicate__llama3.1_8b__main_loss_loss0__run5__a1c01cb6.json,a1c01cb6,data_analysis,5,tier4_main_effect_replicate__llama3.1_8b,main_loss_loss0,main_effect,0,0,0,0,,loss,,,True,3,0,38.98,389,4,3,False,0,0,0,heuristic,1242,3
data_analysis__tier4_main_effect_replicate__llama3.1_8b__main_loss_loss10__run1__de4d3724.json,de4d3724,data_analysis,1,tier4_main_effect_replicate__llama3.1_8b,main_loss_loss10,main_effect,0,0,0,10,,loss,,,True,3,0,33.11,296,5,3,False,0,0,0,heuristic,1037,3
data_analysis__tier4_main_effect_replicate__llama3.1_8b__main_loss_loss10__run2__ad394ca7.json,ad394ca7,data_analysis,2,tier4_main_effect_replicate__llama3.1_8b,main_loss_loss10,main_effect,0,0,0,10,,loss,,,True,3,0,75.18,499,4,3,False,0,0,0,heuristic,1645,3
data_analysis__tier4_main_effect_replicate__llama3.1_8b__main_loss_loss10__run3__eb05e791.json,eb05e791,data_analysis,3,tier4_main_effect_replicate__llama3.1_8b,main_loss_loss10,main_effect,0,0,0,10,,loss,,,True,3,0,22.12,241,5,3,False,0,0,0,heuristic,819,3
data_analysis__tier4_main_effect_replicate__llama3.1_8b__main_loss_loss10__run4__b82b6ae6.json,b82b6ae6,data_analysis,4,tier4_main_effect_replicate__llama3.1_8b,main_loss_loss10,main_effect,0,0,0,10,,loss,,,True,3,0,21.96,250,5,2,False,0,0,0,heuristic,852,3
data_analysis__tier4_main_effect_replicate__llama3.1_8b__main_loss_loss10__run5__8225922b.json,8225922b,data_analysis,5,tier4_main_effect_replicate__llama3.1_8b,main_loss_loss10,main_effect,0,0,0,10,,loss,,,True,3,0,24.91,269,5,3,False,0,0,0,heuristic,928,3
data_analysis__tier4_main_effect_replicate__llama3.1_8b__main_loss_loss15__run1__a670922f.json,a670922f,data_analysis,1,tier4_main_effect_replicate__llama3.1_8b,main_loss_loss15,main_effect,0,0,0,15,,loss,,,True,3,0,24.41,238,4,3,False,0,0,0,heuristic,804,3
data_analysis__tier4_main_effect_replicate__llama3.1_8b__main_loss_loss15__run2__0077a31d.json,0077a31d,data_analysis,2,tier4_main_effect_replicate__llama3.1_8b,main_loss_loss15,main_effect,0,0,0,15,,loss,,,True,3,0,184.68,631,5,5,True,0,0,0,heuristic,2139,3
data_analysis__tier4_main_effect_replicate__llama3.1_8b__main_loss_loss15__run3__3fb5e5c4.json,3fb5e5c4,data_analysis,3,tier4_main_effect_replicate__llama3.1_8b,main_loss_loss15,main_effect,0,0,0,15,,loss,,,True,3,0,29.89,307,4,3,False,0,0,0,heuristic,1083,3
data_analysis__tier4_main_effect_replicate__llama3.1_8b__main_loss_loss15__run4__540154fa.json,540154fa,data_analysis,4,tier4_main_effect_replicate__llama3.1_8b,main_loss_loss15,main_effect,0,0,0,15,,loss,,,True,3,0,43.74,461,5,2,False,0,0,0,heuristic,1696,3
data_analysis__tier4_main_effect_replicate__llama3.1_8b__main_loss_loss15__run5__50efcdda.json,50efcdda,data_analysis,5,tier4_main_effect_replicate__llama3.1_8b,main_loss_loss15,main_effect,0,0,0,15,,loss,,,True,3,0,43.39,418,5,2,False,0,0,0,heuristic,1525,3
data_analysis__tier4_main_effect_replicate__llama3.1_8b__main_loss_loss1__run1__0362d5c1.json,0362d5c1,data_analysis,1,tier4_main_effect_replicate__llama3.1_8b,main_loss_loss1,main_effect,0,0,0,1,,loss,,,True,3,0,42.86,351,5,3,False,0,0,0,heuristic,1101,3
data_analysis__tier4_main_effect_replicate__llama3.1_8b__main_loss_loss1__run2__e1b93ed0.json,e1b93ed0,data_analysis,2,tier4_main_effect_replicate__llama3.1_8b,main_loss_loss1,main_effect,0,0,0,1,,loss,,,True,3,0,29.34,302,5,2,False,0,0,0,heuristic,1060,3
data_analysis__tier4_main_effect_replicate__llama3.1_8b__main_loss_loss1__run3__5b0d2cbc.json,5b0d2cbc,data_analysis,3,tier4_main_effect_replicate__llama3.1_8b,main_loss_loss1,main_effect,0,0,0,1,,loss,,,True,3,0,38.55,423,,4,True,0,0,0,heuristic,1347,3
data_analysis__tier4_main_effect_replicate__llama3.1_8b__main_loss_loss1__run4__d6137abb.json,d6137abb,data_analysis,4,tier4_main_effect_replicate__llama3.1_8b,main_loss_loss1,main_effect,0,0,0,1,,loss,,,True,3,0,33.11,371,5,3,False,0,0,0,heuristic,1339,3
data_analysis__tier4_main_effect_replicate__llama3.1_8b__main_loss_loss1__run5__9e61f700.json,9e61f700,data_analysis,5,tier4_main_effect_replicate__llama3.1_8b,main_loss_loss1,main_effect,0,0,0,1,,loss,,,True,3,0,41.68,422,5,4,True,0,0,0,heuristic,1541,3
data_analysis__tier4_main_effect_replicate__llama3.1_8b__main_loss_loss20__run1__b17f826f.json,b17f826f,data_analysis,1,tier4_main_effect_replicate__llama3.1_8b,main_loss_loss20,main_effect,0,0,0,20,,loss,,,True,3,0,38.77,371,5,3,False,0,0,0,heuristic,1338,3
data_analysis__tier4_main_effect_replicate__llama3.1_8b__main_loss_loss20__run2__7cdc6875.json,7cdc6875,data_analysis,2,tier4_main_effect_replicate__llama3.1_8b,main_loss_loss20,main_effect,0,0,0,20,,loss,,,True,3,0,28.07,315,4,2,False,0,0,0,heuristic,929,3
data_analysis__tier4_main_effect_replicate__llama3.1_8b__main_loss_loss20__run3__7b9c07c5.json,7b9c07c5,data_analysis,3,tier4_main_effect_replicate__llama3.1_8b,main_loss_loss20,main_effect,0,0,0,20,,loss,,,True,3,0,22.25,226,5,2,False,0,0,0,heuristic,759,3
data_analysis__tier4_main_effect_replicate__llama3.1_8b__main_loss_loss20__run4__eea79045.json,eea79045,data_analysis,4,tier4_main_effect_replicate__llama3.1_8b,main_loss_loss20,main_effect,0,0,0,20,,loss,,,True,3,0,26.54,284,4,2,False,0,0,0,heuristic,988,3
data_analysis__tier4_main_effect_replicate__llama3.1_8b__main_loss_loss20__run5__6d13abdc.json,6d13abdc,data_analysis,5,tier4_main_effect_replicate__llama3.1_8b,main_loss_loss20,main_effect,0,0,0,20,,loss,,,True,3,0,22.41,232,5,3,False,0,0,0,heuristic,782,3
data_analysis__tier4_main_effect_replicate__llama3.1_8b__main_loss_loss25__run1__60c69a34.json,60c69a34,data_analysis,1,tier4_main_effect_replicate__llama3.1_8b,main_loss_loss25,main_effect,0,0,0,25,,loss,,,True,3,0,35.48,344,5,2,False,0,0,0,heuristic,1228,3
data_analysis__tier4_main_effect_replicate__llama3.1_8b__main_loss_loss25__run2__e7e76c7f.json,e7e76c7f,data_analysis,2,tier4_main_effect_replicate__llama3.1_8b,main_loss_loss25,main_effect,0,0,0,25,,loss,,,True,3,0,35.9,423,5,2,False,0,0,0,heuristic,1544,3
data_analysis__tier4_main_effect_replicate__llama3.1_8b__main_loss_loss25__run3__34f76241.json,34f76241,data_analysis,3,tier4_main_effect_replicate__llama3.1_8b,main_loss_loss25,main_effect,0,0,0,25,,loss,,,True,3,0,31.19,343,5,3,False,0,0,0,heuristic,1087,3
data_analysis__tier4_main_effect_replicate__llama3.1_8b__main_loss_loss25__run4__7ce1690a.json,7ce1690a,data_analysis,4,tier4_main_effect_replicate__llama3.1_8b,main_loss_loss25,main_effect,0,0,0,25,,loss,,,True,3,0,17.48,198,5,3,False,0,0,0,heuristic,645,3
data_analysis__tier4_main_effect_replicate__llama3.1_8b__main_loss_loss25__run5__741d5e70.json,741d5e70,data_analysis,5,tier4_main_effect_replicate__llama3.1_8b,main_loss_loss25,main_effect,0,0,0,25,,loss,,,True,3,0,21.68,297,5,2,False,0,0,0,heuristic,1043,3
data_analysis__tier4_main_effect_replicate__llama3.1_8b__main_loss_loss30__run1__9d3eccf1.json,9d3eccf1,data_analysis,1,tier4_main_effect_replicate__llama3.1_8b,main_loss_loss30,main_effect,0,0,0,30,,loss,,,True,3,0,146.46,304,5,2,False,0,0,0,heuristic,1068,3
data_analysis__tier4_main_effect_replicate__llama3.1_8b__main_loss_loss30__run2__001ca7fa.json,001ca7fa,data_analysis,2,tier4_main_effect_replicate__llama3.1_8b,main_loss_loss30,main_effect,0,0,0,30,,loss,,,True,3,0,17.59,192,5,2,False,0,0,0,heuristic,621,3
data_analysis__tier4_main_effect_replicate__llama3.1_8b__main_loss_loss30__run3__b45be1fd.json,b45be1fd,data_analysis,3,tier4_main_effect_replicate__llama3.1_8b,main_loss_loss30,main_effect,0,0,0,30,,loss,,,True,3,0,20.75,234,5,4,True,0,0,0,heuristic,788,3
data_analysis__tier4_main_effect_replicate__llama3.1_8b__main_loss_loss30__run4__60f4c8a4.json,60f4c8a4,data_analysis,4,tier4_main_effect_replicate__llama3.1_8b,main_loss_loss30,main_effect,0,0,0,30,,loss,,,True,3,0,29.53,335,4,4,True,0,0,0,heuristic,1194,3
data_analysis__tier4_main_effect_replicate__llama3.1_8b__main_loss_loss30__run5__974b1ecd.json,974b1ecd,data_analysis,5,tier4_main_effect_replicate__llama3.1_8b,main_loss_loss30,main_effect,0,0,0,30,,loss,,,True,3,0,33.14,333,4,4,True,0,0,0,heuristic,1187,3
data_analysis__tier4_main_effect_replicate__llama3.1_8b__main_loss_loss40__run1__214afe03.json,214afe03,data_analysis,1,tier4_main_effect_replicate__llama3.1_8b,main_loss_loss40,main_effect,0,0,0,40,,loss,,,True,3,0,41.99,322,5,4,True,0,0,0,heuristic,1143,3
data_analysis__tier4_main_effect_replicate__llama3.1_8b__main_loss_loss40__run2__554734f8.json,554734f8,data_analysis,2,tier4_main_effect_replicate__llama3.1_8b,main_loss_loss40,main_effect,0,0,0,40,,loss,,,True,3,0,33.19,300,5,2,False,0,0,0,heuristic,952,3
data_analysis__tier4_main_effect_replicate__llama3.1_8b__main_loss_loss40__run3__53237575.json,53237575,data_analysis,3,tier4_main_effect_replicate__llama3.1_8b,main_loss_loss40,main_effect,0,0,0,40,,loss,,,True,3,0,35.94,353,5,2,False,0,0,0,heuristic,1209,3
data_analysis__tier4_main_effect_replicate__llama3.1_8b__main_loss_loss40__run4__9928d596.json,9928d596,data_analysis,4,tier4_main_effect_replicate__llama3.1_8b,main_loss_loss40,main_effect,0,0,0,40,,loss,,,True,3,0,38.39,356,5,3,False,0,0,0,heuristic,1277,3
data_analysis__tier4_main_effect_replicate__llama3.1_8b__main_loss_loss40__run5__026341c3.json,026341c3,data_analysis,5,tier4_main_effect_replicate__llama3.1_8b,main_loss_loss40,main_effect,0,0,0,40,,loss,,,True,3,0,58.8,563,5,4,True,0,0,0,heuristic,2107,3
data_analysis__tier4_main_effect_replicate__llama3.1_8b__main_loss_loss50__run1__5b8bd418.json,5b8bd418,data_analysis,1,tier4_main_effect_replicate__llama3.1_8b,main_loss_loss50,main_effect,0,0,0,50,,loss,,,True,3,0,28.75,311,5,2,False,0,0,0,heuristic,957,3
data_analysis__tier4_main_effect_replicate__llama3.1_8b__main_loss_loss50__run2__a10484ca.json,a10484ca,data_analysis,2,tier4_main_effect_replicate__llama3.1_8b,main_loss_loss50,main_effect,0,0,0,50,,loss,,,True,3,0,32.71,377,5,3,False,0,0,0,heuristic,1360,3
data_analysis__tier4_main_effect_replicate__llama3.1_8b__main_loss_loss50__run3__2ab459bc.json,2ab459bc,data_analysis,3,tier4_main_effect_replicate__llama3.1_8b,main_loss_loss50,main_effect,0,0,0,50,,loss,,,True,3,0,45.98,413,5,2,False,0,0,0,heuristic,1306,3
data_analysis__tier4_main_effect_replicate__llama3.1_8b__main_loss_loss50__run4__e59f78d2.json,e59f78d2,data_analysis,4,tier4_main_effect_replicate__llama3.1_8b,main_loss_loss50,main_effect,0,0,0,50,,loss,,,True,3,0,111.83,358,4,2,False,0,0,0,heuristic,1284,3
data_analysis__tier4_main_effect_replicate__llama3.1_8b__main_loss_loss50__run5__c98ff88e.json,c98ff88e,data_analysis,5,tier4_main_effect_replicate__llama3.1_8b,main_loss_loss50,main_effect,0,0,0,50,,loss,,,True,3,0,282.42,369,4,3,False,0,0,0,heuristic,1239,3
data_analysis__tier4_main_effect_replicate__llama3.1_8b__main_loss_loss5__run1__4e1d6f06.json,4e1d6f06,data_analysis,1,tier4_main_effect_replicate__llama3.1_8b,main_loss_loss5,main_effect,0,0,0,5,,loss,,,True,3,0,68.35,510,5,2,False,0,0,0,heuristic,1626,3
data_analysis__tier4_main_effect_replicate__llama3.1_8b__main_loss_loss5__run2__65b5e1db.json,65b5e1db,data_analysis,2,tier4_main_effect_replicate__llama3.1_8b,main_loss_loss5,main_effect,0,0,0,5,,loss,,,True,3,0,33.0,297,5,2,False,0,0,0,heuristic,1040,3
data_analysis__tier4_main_effect_replicate__llama3.1_8b__main_loss_loss5__run3__9ef0b2e2.json,9ef0b2e2,data_analysis,3,tier4_main_effect_replicate__llama3.1_8b,main_loss_loss5,main_effect,0,0,0,5,,loss,,,True,3,0,37.06,392,5,3,False,0,0,0,heuristic,1421,3
data_analysis__tier4_main_effect_replicate__llama3.1_8b__main_loss_loss5__run4__e34a06ff.json,e34a06ff,data_analysis,4,tier4_main_effect_replicate__llama3.1_8b,main_loss_loss5,main_effect,0,0,0,5,,loss,,,True,3,0,18.35,203,5,4,True,0,0,0,heuristic,667,3
data_analysis__tier4_main_effect_replicate__llama3.1_8b__main_loss_loss5__run5__00d3df23.json,00d3df23,data_analysis,5,tier4_main_effect_replicate__llama3.1_8b,main_loss_loss5,main_effect,0,0,0,5,,loss,,,True,3,0,24.56,272,5,3,False,0,0,0,heuristic,836,3
data_analysis__tier4_main_effect_replicate__llama3.1_8b__main_loss_loss75__run1__d793f2da.json,d793f2da,data_analysis,1,tier4_main_effect_replicate__llama3.1_8b,main_loss_loss75,main_effect,0,0,0,75,,loss,,,True,3,0,306.65,330,4,3,False,0,0,0,heuristic,1085,3
data_analysis__tier4_main_effect_replicate__llama3.1_8b__main_loss_loss75__run2__ad07d89e.json,ad07d89e,data_analysis,2,tier4_main_effect_replicate__llama3.1_8b,main_loss_loss75,main_effect,0,0,0,75,,loss,,,True,3,0,40.71,414,4,4,True,0,0,0,heuristic,1369,3
data_analysis__tier4_main_effect_replicate__llama3.1_8b__main_loss_loss75__run3__4b8b737c.json,4b8b737c,data_analysis,3,tier4_main_effect_replicate__llama3.1_8b,main_loss_loss75,main_effect,0,0,0,75,,loss,,,True,3,0,251.94,269,5,4,True,0,0,0,heuristic,776,3
data_analysis__tier4_main_effect_replicate__llama3.1_8b__main_loss_loss75__run4__58ad442c.json,58ad442c,data_analysis,4,tier4_main_effect_replicate__llama3.1_8b,main_loss_loss75,main_effect,0,0,0,75,,loss,,,True,3,0,665.07,688,5,4,True,0,1,2,heuristic,1513,5
data_analysis__tier4_main_effect_replicate__llama3.1_8b__main_loss_loss75__run5__e730eb18.json,e730eb18,data_analysis,5,tier4_main_effect_replicate__llama3.1_8b,main_loss_loss75,main_effect,0,0,0,75,,loss,,,True,3,0,59.75,418,5,3,False,0,0,0,heuristic,1316,3
planning_decision__tier4_main_effect_replicate__llama3.1_8b__main_delay_d0000__run1__f296e068.json,f296e068,planning_decision,1,tier4_main_effect_replicate__llama3.1_8b,main_delay_d0000,main_effect,0,0,0,0,,delay,,,True,3,0,20.05,227,5,5,True,0,0,0,heuristic,724,3
planning_decision__tier4_main_effect_replicate__llama3.1_8b__main_delay_d0000__run2__4f307771.json,4f307771,planning_decision,2,tier4_main_effect_replicate__llama3.1_8b,main_delay_d0000,main_effect,0,0,0,0,,delay,,,True,3,0,18.46,220,5,5,True,0,0,0,heuristic,636,3
planning_decision__tier4_main_effect_replicate__llama3.1_8b__main_delay_d0000__run3__5784b11f.json,5784b11f,planning_decision,3,tier4_main_effect_replicate__llama3.1_8b,main_delay_d0000,main_effect,0,0,0,0,,delay,,,True,3,0,28.9,305,5,4,True,0,0,0,heuristic,881,3
planning_decision__tier4_main_effect_replicate__llama3.1_8b__main_delay_d0000__run4__74078d03.json,74078d03,planning_decision,4,tier4_main_effect_replicate__llama3.1_8b,main_delay_d0000,main_effect,0,0,0,0,,delay,,,True,3,0,28.91,317,5,4,True,0,0,0,heuristic,955,3
planning_decision__tier4_main_effect_replicate__llama3.1_8b__main_delay_d0000__run5__b2ab949e.json,b2ab949e,planning_decision,5,tier4_main_effect_replicate__llama3.1_8b,main_delay_d0000,main_effect,0,0,0,0,,delay,,,True,3,0,29.75,314,5,5,True,0,0,0,heuristic,917,3
planning_decision__tier4_main_effect_replicate__llama3.1_8b__main_delay_d0050__run1__33fffd50.json,33fffd50,planning_decision,1,tier4_main_effect_replicate__llama3.1_8b,main_delay_d0050,main_effect,50,50,0,0,,delay,,,True,3,0,62.1,515,5,5,True,0,0,0,heuristic,1878,3
planning_decision__tier4_main_effect_replicate__llama3.1_8b__main_delay_d0050__run2__8b9d56a9.json,8b9d56a9,planning_decision,2,tier4_main_effect_replicate__llama3.1_8b,main_delay_d0050,main_effect,50,50,0,0,,delay,,,True,3,0,27.67,306,5,4,True,0,0,0,heuristic,917,3
planning_decision__tier4_main_effect_replicate__llama3.1_8b__main_delay_d0050__run3__5cd59701.json,5cd59701,planning_decision,3,tier4_main_effect_replicate__llama3.1_8b,main_delay_d0050,main_effect,50,50,0,0,,delay,,,True,3,0,22.92,267,5,5,True,0,0,0,heuristic,806,3
planning_decision__tier4_main_effect_replicate__llama3.1_8b__main_delay_d0050__run4__0a858c04.json,0a858c04,planning_decision,4,tier4_main_effect_replicate__llama3.1_8b,main_delay_d0050,main_effect,50,50,0,0,,delay,,,True,3,0,31.34,337,5,5,True,0,0,0,heuristic,1068,3
planning_decision__tier4_main_effect_replicate__llama3.1_8b__main_delay_d0050__run5__6945d366.json,6945d366,planning_decision,5,tier4_main_effect_replicate__llama3.1_8b,main_delay_d0050,main_effect,50,50,0,0,,delay,,,True,3,0,35.65,391,5,4,True,0,0,0,heuristic,1228,3
planning_decision__tier4_main_effect_replicate__llama3.1_8b__main_delay_d0100__run1__1b3ad69c.json,1b3ad69c,planning_decision,1,tier4_main_effect_replicate__llama3.1_8b,main_delay_d0100,main_effect,100,100,0,0,,delay,,,True,3,0,50.92,362,5,5,True,0,0,0,heuristic,1126,3
planning_decision__tier4_main_effect_replicate__llama3.1_8b__main_delay_d0100__run2__810105da.json,810105da,planning_decision,2,tier4_main_effect_replicate__llama3.1_8b,main_delay_d0100,main_effect,100,100,0,0,,delay,,,True,3,0,30.28,331,4,5,True,0,0,0,heuristic,1061,3
planning_decision__tier4_main_effect_replicate__llama3.1_8b__main_delay_d0100__run3__5175b12a.json,5175b12a,planning_decision,3,tier4_main_effect_replicate__llama3.1_8b,main_delay_d0100,main_effect,100,100,0,0,,delay,,,True,3,0,21.85,244,5,5,True,0,0,0,heuristic,752,3
planning_decision__tier4_main_effect_replicate__llama3.1_8b__main_delay_d0100__run4__290ef2d8.json,290ef2d8,planning_decision,4,tier4_main_effect_replicate__llama3.1_8b,main_delay_d0100,main_effect,100,100,0,0,,delay,,,True,3,0,41.99,457,5,5,True,0,0,0,heuristic,1478,3
planning_decision__tier4_main_effect_replicate__llama3.1_8b__main_delay_d0100__run5__3dad4d78.json,3dad4d78,planning_decision,5,tier4_main_effect_replicate__llama3.1_8b,main_delay_d0100,main_effect,100,100,0,0,,delay,,,True,3,0,23.96,257,5,5,True,0,0,0,heuristic,791,3
planning_decision__tier4_main_effect_replicate__llama3.1_8b__main_delay_d0150__run1__8f4f6968.json,8f4f6968,planning_decision,1,tier4_main_effect_replicate__llama3.1_8b,main_delay_d0150,main_effect,150,150,0,0,,delay,,,True,3,0,25.49,202,5,5,True,0,0,0,heuristic,532,3
planning_decision__tier4_main_effect_replicate__llama3.1_8b__main_delay_d0150__run2__9c9f660d.json,9c9f660d,planning_decision,2,tier4_main_effect_replicate__llama3.1_8b,main_delay_d0150,main_effect,150,150,0,0,,delay,,,True,3,0,19.41,216,5,5,True,0,0,0,heuristic,555,3
planning_decision__tier4_main_effect_replicate__llama3.1_8b__main_delay_d0150__run3__d8c47972.json,d8c47972,planning_decision,3,tier4_main_effect_replicate__llama3.1_8b,main_delay_d0150,main_effect,150,150,0,0,,delay,,,True,3,0,31.43,343,4,5,True,0,0,0,heuristic,1054,3
planning_decision__tier4_main_effect_replicate__llama3.1_8b__main_delay_d0150__run4__69b26b7d.json,69b26b7d,planning_decision,4,tier4_main_effect_replicate__llama3.1_8b,main_delay_d0150,main_effect,150,150,0,0,,delay,,,True,3,0,26.26,293,5,4,True,0,0,0,heuristic,868,3
planning_decision__tier4_main_effect_replicate__llama3.1_8b__main_delay_d0150__run5__49f4a9de.json,49f4a9de,planning_decision,5,tier4_main_effect_replicate__llama3.1_8b,main_delay_d0150,main_effect,150,150,0,0,,delay,,,True,3,0,19.73,215,5,5,True,0,0,0,heuristic,676,3
planning_decision__tier4_main_effect_replicate__llama3.1_8b__main_delay_d0200__run1__6d1c5cad.json,6d1c5cad,planning_decision,1,tier4_main_effect_replicate__llama3.1_8b,main_delay_d0200,main_effect,200,200,0,0,,delay,,,True,3,0,28.75,275,5,5,True,0,0,0,heuristic,848,3
planning_decision__tier4_main_effect_replicate__llama3.1_8b__main_delay_d0200__run2__34c53237.json,34c53237,planning_decision,2,tier4_main_effect_replicate__llama3.1_8b,main_delay_d0200,main_effect,200,200,0,0,,delay,,,True,3,0,30.41,337,5,5,True,0,0,0,heuristic,1054,3
planning_decision__tier4_main_effect_replicate__llama3.1_8b__main_delay_d0200__run3__8ec52761.json,8ec52761,planning_decision,3,tier4_main_effect_replicate__llama3.1_8b,main_delay_d0200,main_effect,200,200,0,0,,delay,,,True,3,0,13.66,163,5,4,True,0,0,0,heuristic,468,3
planning_decision__tier4_main_effect_replicate__llama3.1_8b__main_delay_d0200__run4__52aa51c2.json,52aa51c2,planning_decision,4,tier4_main_effect_replicate__llama3.1_8b,main_delay_d0200,main_effect,200,200,0,0,,delay,,,True,3,0,32.79,340,4,4,True,0,0,0,heuristic,1028,3
planning_decision__tier4_main_effect_replicate__llama3.1_8b__main_delay_d0200__run5__05ce5452.json,05ce5452,planning_decision,5,tier4_main_effect_replicate__llama3.1_8b,main_delay_d0200,main_effect,200,200,0,0,,delay,,,True,3,0,36.01,375,5,4,True,0,0,0,heuristic,1224,3
planning_decision__tier4_main_effect_replicate__llama3.1_8b__main_delay_d0250__run1__e703a287.json,e703a287,planning_decision,1,tier4_main_effect_replicate__llama3.1_8b,main_delay_d0250,main_effect,250,250,0,0,,delay,,,True,3,0,26.34,275,5,5,True,0,0,0,heuristic,803,3
planning_decision__tier4_main_effect_replicate__llama3.1_8b__main_delay_d0250__run2__f7a4536c.json,f7a4536c,planning_decision,2,tier4_main_effect_replicate__llama3.1_8b,main_delay_d0250,main_effect,250,250,0,0,,delay,,,True,3,0,26.15,284,5,5,True,0,0,0,heuristic,789,3
planning_decision__tier4_main_effect_replicate__llama3.1_8b__main_delay_d0250__run3__ba1b9bf5.json,ba1b9bf5,planning_decision,3,tier4_main_effect_replicate__llama3.1_8b,main_delay_d0250,main_effect,250,250,0,0,,delay,,,True,3,0,23.36,247,5,4,True,0,0,0,heuristic,804,3
planning_decision__tier4_main_effect_replicate__llama3.1_8b__main_delay_d0250__run4__14d37ef7.json,14d37ef7,planning_decision,4,tier4_main_effect_replicate__llama3.1_8b,main_delay_d0250,main_effect,250,250,0,0,,delay,,,True,3,0,21.86,246,5,5,True,0,0,0,heuristic,694,3
planning_decision__tier4_main_effect_replicate__llama3.1_8b__main_delay_d0250__run5__13aaea07.json,13aaea07,planning_decision,5,tier4_main_effect_replicate__llama3.1_8b,main_delay_d0250,main_effect,250,250,0,0,,delay,,,True,3,0,21.91,234,5,5,True,0,0,0,heuristic,701,3
planning_decision__tier4_main_effect_replicate__llama3.1_8b__main_delay_d0300__run1__c44ba87a.json,c44ba87a,planning_decision,1,tier4_main_effect_replicate__llama3.1_8b,main_delay_d0300,main_effect,300,300,0,0,,delay,,,True,3,0,28.25,282,5,5,True,0,0,0,heuristic,828,3
planning_decision__tier4_main_effect_replicate__llama3.1_8b__main_delay_d0300__run2__1f2eacd4.json,1f2eacd4,planning_decision,2,tier4_main_effect_replicate__llama3.1_8b,main_delay_d0300,main_effect,300,300,0,0,,delay,,,True,3,0,34.73,382,4,5,True,0,0,0,heuristic,800,3
planning_decision__tier4_main_effect_replicate__llama3.1_8b__main_delay_d0300__run3__189a0730.json,189a0730,planning_decision,3,tier4_main_effect_replicate__llama3.1_8b,main_delay_d0300,main_effect,300,300,0,0,,delay,,,True,3,0,26.86,308,5,5,True,0,0,0,heuristic,878,3
planning_decision__tier4_main_effect_replicate__llama3.1_8b__main_delay_d0300__run4__c75fa7d1.json,c75fa7d1,planning_decision,4,tier4_main_effect_replicate__llama3.1_8b,main_delay_d0300,main_effect,300,300,0,0,,delay,,,True,3,0,32.92,358,5,5,True,0,0,0,heuristic,1108,3
planning_decision__tier4_main_effect_replicate__llama3.1_8b__main_delay_d0300__run5__4dc1a0d4.json,4dc1a0d4,planning_decision,5,tier4_main_effect_replicate__llama3.1_8b,main_delay_d0300,main_effect,300,300,0,0,,delay,,,True,3,0,31.96,351,5,5,True,0,0,0,heuristic,1132,3
planning_decision__tier4_main_effect_replicate__llama3.1_8b__main_delay_d0350__run1__797d2dc4.json,797d2dc4,planning_decision,1,tier4_main_effect_replicate__llama3.1_8b,main_delay_d0350,main_effect,350,350,0,0,,delay,,,True,3,0,27.33,261,5,4,True,0,0,0,heuristic,820,3
planning_decision__tier4_main_effect_replicate__llama3.1_8b__main_delay_d0350__run2__6ff41662.json,6ff41662,planning_decision,2,tier4_main_effect_replicate__llama3.1_8b,main_delay_d0350,main_effect,350,350,0,0,,delay,,,True,3,0,16.95,200,5,3,False,0,0,0,heuristic,463,3
planning_decision__tier4_main_effect_replicate__llama3.1_8b__main_delay_d0350__run3__cea82d8b.json,cea82d8b,planning_decision,3,tier4_main_effect_replicate__llama3.1_8b,main_delay_d0350,main_effect,350,350,0,0,,delay,,,True,3,0,27.68,300,5,5,True,0,0,0,heuristic,908,3
planning_decision__tier4_main_effect_replicate__llama3.1_8b__main_delay_d0350__run4__b86a539f.json,b86a539f,planning_decision,4,tier4_main_effect_replicate__llama3.1_8b,main_delay_d0350,main_effect,350,350,0,0,,delay,,,True,3,0,55.75,536,5,5,True,0,0,0,heuristic,1829,3
planning_decision__tier4_main_effect_replicate__llama3.1_8b__main_delay_d0350__run5__9cd5c523.json,9cd5c523,planning_decision,5,tier4_main_effect_replicate__llama3.1_8b,main_delay_d0350,main_effect,350,350,0,0,,delay,,,True,3,0,20.47,213,5,5,True,0,0,0,heuristic,509,3
planning_decision__tier4_main_effect_replicate__llama3.1_8b__main_delay_d0400__run1__9b253725.json,9b253725,planning_decision,1,tier4_main_effect_replicate__llama3.1_8b,main_delay_d0400,main_effect,400,400,0,0,,delay,,,True,3,0,26.21,257,5,5,True,0,0,0,heuristic,739,3
planning_decision__tier4_main_effect_replicate__llama3.1_8b__main_delay_d0400__run2__7ff28cb4.json,7ff28cb4,planning_decision,2,tier4_main_effect_replicate__llama3.1_8b,main_delay_d0400,main_effect,400,400,0,0,,delay,,,True,3,0,29.56,320,5,5,True,0,0,0,heuristic,1005,3
planning_decision__tier4_main_effect_replicate__llama3.1_8b__main_delay_d0400__run3__68058ea8.json,68058ea8,planning_decision,3,tier4_main_effect_replicate__llama3.1_8b,main_delay_d0400,main_effect,400,400,0,0,,delay,,,True,3,0,31.92,337,4,4,True,0,0,0,heuristic,1067,3
planning_decision__tier4_main_effect_replicate__llama3.1_8b__main_delay_d0400__run4__d3f774fd.json,d3f774fd,planning_decision,4,tier4_main_effect_replicate__llama3.1_8b,main_delay_d0400,main_effect,400,400,0,0,,delay,,,True,3,0,23.31,247,5,5,True,0,0,0,heuristic,700,3
planning_decision__tier4_main_effect_replicate__llama3.1_8b__main_delay_d0400__run5__16085cda.json,16085cda,planning_decision,5,tier4_main_effect_replicate__llama3.1_8b,main_delay_d0400,main_effect,400,400,0,0,,delay,,,True,3,0,18.48,195,5,4,True,0,0,0,heuristic,597,3
planning_decision__tier4_main_effect_replicate__llama3.1_8b__main_delay_d0450__run1__a373c6f2.json,a373c6f2,planning_decision,1,tier4_main_effect_replicate__llama3.1_8b,main_delay_d0450,main_effect,450,450,0,0,,delay,,,True,3,0,30.93,293,5,5,True,0,0,0,heuristic,904,3
planning_decision__tier4_main_effect_replicate__llama3.1_8b__main_delay_d0450__run2__28d4cb26.json,28d4cb26,planning_decision,2,tier4_main_effect_replicate__llama3.1_8b,main_delay_d0450,main_effect,450,450,0,0,,delay,,,True,3,0,28.53,294,5,4,True,0,0,0,heuristic,887,3
planning_decision__tier4_main_effect_replicate__llama3.1_8b__main_delay_d0450__run3__5c6c423d.json,5c6c423d,planning_decision,3,tier4_main_effect_replicate__llama3.1_8b,main_delay_d0450,main_effect,450,450,0,0,,delay,,,True,3,0,34.91,366,5,5,True,0,0,0,heuristic,1096,3
planning_decision__tier4_main_effect_replicate__llama3.1_8b__main_delay_d0450__run4__3effe0d4.json,3effe0d4,planning_decision,4,tier4_main_effect_replicate__llama3.1_8b,main_delay_d0450,main_effect,450,450,0,0,,delay,,,True,3,0,14.28,144,5,5,True,0,0,0,heuristic,395,3
planning_decision__tier4_main_effect_replicate__llama3.1_8b__main_delay_d0450__run5__4b7f0ba8.json,4b7f0ba8,planning_decision,5,tier4_main_effect_replicate__llama3.1_8b,main_delay_d0450,main_effect,450,450,0,0,,delay,,,True,3,0,45.52,453,5,5,True,0,0,0,heuristic,1504,3
planning_decision__tier4_main_effect_replicate__llama3.1_8b__main_delay_d0500__run1__e5264a4f.json,e5264a4f,planning_decision,1,tier4_main_effect_replicate__llama3.1_8b,main_delay_d0500,main_effect,500,500,0,0,,delay,,,True,3,0,22.89,223,5,5,True,0,0,0,heuristic,574,3
planning_decision__tier4_main_effect_replicate__llama3.1_8b__main_delay_d0500__run2__8a1c5e65.json,8a1c5e65,planning_decision,2,tier4_main_effect_replicate__llama3.1_8b,main_delay_d0500,main_effect,500,500,0,0,,delay,,,True,3,0,27.97,286,5,5,True,0,0,0,heuristic,849,3
planning_decision__tier4_main_effect_replicate__llama3.1_8b__main_delay_d0500__run3__f5d0a52c.json,f5d0a52c,planning_decision,3,tier4_main_effect_replicate__llama3.1_8b,main_delay_d0500,main_effect,500,500,0,0,,delay,,,True,3,0,27.47,285,5,5,True,0,0,0,heuristic,723,3
planning_decision__tier4_main_effect_replicate__llama3.1_8b__main_delay_d0500__run4__9b45fd8f.json,9b45fd8f,planning_decision,4,tier4_main_effect_replicate__llama3.1_8b,main_delay_d0500,main_effect,500,500,0,0,,delay,,,True,3,0,25.26,243,5,4,True,0,0,0,heuristic,683,3
planning_decision__tier4_main_effect_replicate__llama3.1_8b__main_delay_d0500__run5__49f8700d.json,49f8700d,planning_decision,5,tier4_main_effect_replicate__llama3.1_8b,main_delay_d0500,main_effect,500,500,0,0,,delay,,,True,3,0,18.58,196,5,5,True,0,0,0,heuristic,603,3
planning_decision__tier4_main_effect_replicate__llama3.1_8b__main_delay_d0550__run1__3fef9c5e.json,3fef9c5e,planning_decision,1,tier4_main_effect_replicate__llama3.1_8b,main_delay_d0550,main_effect,550,550,0,0,,delay,,,True,3,0,27.32,263,5,5,True,0,0,0,heuristic,793,3
planning_decision__tier4_main_effect_replicate__llama3.1_8b__main_delay_d0550__run2__3d4a1dc8.json,3d4a1dc8,planning_decision,2,tier4_main_effect_replicate__llama3.1_8b,main_delay_d0550,main_effect,550,550,0,0,,delay,,,True,3,0,25.6,268,5,4,True,0,0,0,heuristic,888,3
planning_decision__tier4_main_effect_replicate__llama3.1_8b__main_delay_d0550__run3__237b64d0.json,237b64d0,planning_decision,3,tier4_main_effect_replicate__llama3.1_8b,main_delay_d0550,main_effect,550,550,0,0,,delay,,,True,3,0,21.95,236,5,5,True,0,0,0,heuristic,760,3
planning_decision__tier4_main_effect_replicate__llama3.1_8b__main_delay_d0550__run4__2849de25.json,2849de25,planning_decision,4,tier4_main_effect_replicate__llama3.1_8b,main_delay_d0550,main_effect,550,550,0,0,,delay,,,True,3,0,39.44,396,4,5,True,0,0,0,heuristic,1264,3
planning_decision__tier4_main_effect_replicate__llama3.1_8b__main_delay_d0550__run5__0df4f5ca.json,0df4f5ca,planning_decision,5,tier4_main_effect_replicate__llama3.1_8b,main_delay_d0550,main_effect,550,550,0,0,,delay,,,True,3,0,32.24,322,5,5,True,0,0,0,heuristic,1019,3
planning_decision__tier4_main_effect_replicate__llama3.1_8b__main_delay_d0600__run1__00797651.json,00797651,planning_decision,1,tier4_main_effect_replicate__llama3.1_8b,main_delay_d0600,main_effect,600,600,0,0,,delay,,,True,3,0,35.01,330,5,5,True,0,0,0,heuristic,1001,3
planning_decision__tier4_main_effect_replicate__llama3.1_8b__main_delay_d0600__run2__d3501094.json,d3501094,planning_decision,2,tier4_main_effect_replicate__llama3.1_8b,main_delay_d0600,main_effect,600,600,0,0,,delay,,,True,3,0,39.72,413,5,5,True,0,0,0,heuristic,1209,3
planning_decision__tier4_main_effect_replicate__llama3.1_8b__main_delay_d0600__run3__2d21ddbc.json,2d21ddbc,planning_decision,3,tier4_main_effect_replicate__llama3.1_8b,main_delay_d0600,main_effect,600,600,0,0,,delay,,,True,3,0,25.18,275,5,5,True,0,0,0,heuristic,868,3
planning_decision__tier4_main_effect_replicate__llama3.1_8b__main_delay_d0600__run4__50df81e5.json,50df81e5,planning_decision,4,tier4_main_effect_replicate__llama3.1_8b,main_delay_d0600,main_effect,600,600,0,0,,delay,,,True,3,0,23.41,225,5,5,True,0,0,0,heuristic,658,3
planning_decision__tier4_main_effect_replicate__llama3.1_8b__main_delay_d0600__run5__61d600f6.json,61d600f6,planning_decision,5,tier4_main_effect_replicate__llama3.1_8b,main_delay_d0600,main_effect,600,600,0,0,,delay,,,True,3,0,48.07,493,5,5,True,0,0,0,heuristic,1554,3
planning_decision__tier4_main_effect_replicate__llama3.1_8b__main_delay_d0650__run1__df9c87b7.json,df9c87b7,planning_decision,1,tier4_main_effect_replicate__llama3.1_8b,main_delay_d0650,main_effect,650,650,0,0,,delay,,,True,3,0,26.16,243,5,5,True,0,0,0,heuristic,678,3
planning_decision__tier4_main_effect_replicate__llama3.1_8b__main_delay_d0650__run2__27964f9f.json,27964f9f,planning_decision,2,tier4_main_effect_replicate__llama3.1_8b,main_delay_d0650,main_effect,650,650,0,0,,delay,,,True,3,0,28.33,283,5,5,True,0,0,0,heuristic,848,3
planning_decision__tier4_main_effect_replicate__llama3.1_8b__main_delay_d0650__run3__7140e5f4.json,7140e5f4,planning_decision,3,tier4_main_effect_replicate__llama3.1_8b,main_delay_d0650,main_effect,650,650,0,0,,delay,,,True,3,0,22.26,235,5,5,True,0,0,0,heuristic,617,3
planning_decision__tier4_main_effect_replicate__llama3.1_8b__main_delay_d0650__run4__9d12ed3d.json,9d12ed3d,planning_decision,4,tier4_main_effect_replicate__llama3.1_8b,main_delay_d0650,main_effect,650,650,0,0,,delay,,,True,3,0,36.66,330,5,5,True,0,0,0,heuristic,807,3
planning_decision__tier4_main_effect_replicate__llama3.1_8b__main_delay_d0650__run5__2ca97b84.json,2ca97b84,planning_decision,5,tier4_main_effect_replicate__llama3.1_8b,main_delay_d0650,main_effect,650,650,0,0,,delay,,,True,3,0,22.71,226,5,5,True,0,0,0,heuristic,721,3
planning_decision__tier4_main_effect_replicate__llama3.1_8b__main_delay_d0700__run1__196a59d2.json,196a59d2,planning_decision,1,tier4_main_effect_replicate__llama3.1_8b,main_delay_d0700,main_effect,700,700,0,0,,delay,,,True,3,0,39.68,363,5,5,True,0,0,0,heuristic,1083,3
planning_decision__tier4_main_effect_replicate__llama3.1_8b__main_delay_d0700__run2__789009df.json,789009df,planning_decision,2,tier4_main_effect_replicate__llama3.1_8b,main_delay_d0700,main_effect,700,700,0,0,,delay,,,True,3,0,32.17,332,5,5,True,0,0,0,heuristic,1052,3
planning_decision__tier4_main_effect_replicate__llama3.1_8b__main_delay_d0700__run3__3312b441.json,3312b441,planning_decision,3,tier4_main_effect_replicate__llama3.1_8b,main_delay_d0700,main_effect,700,700,0,0,,delay,,,True,3,0,22.69,243,5,4,True,0,0,0,heuristic,674,3
planning_decision__tier4_main_effect_replicate__llama3.1_8b__main_delay_d0700__run4__d7e1ab5d.json,d7e1ab5d,planning_decision,4,tier4_main_effect_replicate__llama3.1_8b,main_delay_d0700,main_effect,700,700,0,0,,delay,,,True,3,0,26.85,234,5,5,True,0,0,0,heuristic,753,3
planning_decision__tier4_main_effect_replicate__llama3.1_8b__main_delay_d0700__run5__db2d119d.json,db2d119d,planning_decision,5,tier4_main_effect_replicate__llama3.1_8b,main_delay_d0700,main_effect,700,700,0,0,,delay,,,True,3,0,32.19,277,5,5,True,0,0,0,heuristic,924,3
planning_decision__tier4_main_effect_replicate__llama3.1_8b__main_delay_d0750__run1__a0acb003.json,a0acb003,planning_decision,1,tier4_main_effect_replicate__llama3.1_8b,main_delay_d0750,main_effect,750,750,0,0,,delay,,,True,3,0,25.07,227,5,4,True,0,0,0,heuristic,560,3
planning_decision__tier4_main_effect_replicate__llama3.1_8b__main_delay_d0750__run2__bf0b07b9.json,bf0b07b9,planning_decision,2,tier4_main_effect_replicate__llama3.1_8b,main_delay_d0750,main_effect,750,750,0,0,,delay,,,True,3,0,27.63,282,4,5,True,0,0,0,heuristic,708,3
planning_decision__tier4_main_effect_replicate__llama3.1_8b__main_delay_d0750__run3__f41c4adb.json,f41c4adb,planning_decision,3,tier4_main_effect_replicate__llama3.1_8b,main_delay_d0750,main_effect,750,750,0,0,,delay,,,True,3,0,36.19,378,5,5,True,0,0,0,heuristic,1229,3
planning_decision__tier4_main_effect_replicate__llama3.1_8b__main_delay_d0750__run4__7aa64b07.json,7aa64b07,planning_decision,4,tier4_main_effect_replicate__llama3.1_8b,main_delay_d0750,main_effect,750,750,0,0,,delay,,,True,3,0,40.92,345,5,5,True,0,0,0,heuristic,1111,3
planning_decision__tier4_main_effect_replicate__llama3.1_8b__main_delay_d0750__run5__3d6cb418.json,3d6cb418,planning_decision,5,tier4_main_effect_replicate__llama3.1_8b,main_delay_d0750,main_effect,750,750,0,0,,delay,,,True,3,0,28.65,251,5,5,True,0,0,0,heuristic,822,3
planning_decision__tier4_main_effect_replicate__llama3.1_8b__main_delay_d0800__run1__ca31822b.json,ca31822b,planning_decision,1,tier4_main_effect_replicate__llama3.1_8b,main_delay_d0800,main_effect,800,800,0,0,,delay,,,True,3,0,42.82,349,5,4,True,0,0,0,heuristic,1033,3
planning_decision__tier4_main_effect_replicate__llama3.1_8b__main_delay_d0800__run2__3955d9da.json,3955d9da,planning_decision,2,tier4_main_effect_replicate__llama3.1_8b,main_delay_d0800,main_effect,800,800,0,0,,delay,,,True,3,0,28.14,284,5,5,True,0,0,0,heuristic,771,3
planning_decision__tier4_main_effect_replicate__llama3.1_8b__main_delay_d0800__run3__911bf43d.json,911bf43d,planning_decision,3,tier4_main_effect_replicate__llama3.1_8b,main_delay_d0800,main_effect,800,800,0,0,,delay,,,True,3,0,36.82,355,5,5,True,0,0,0,heuristic,1103,3
planning_decision__tier4_main_effect_replicate__llama3.1_8b__main_delay_d0800__run4__44b15cf6.json,44b15cf6,planning_decision,4,tier4_main_effect_replicate__llama3.1_8b,main_delay_d0800,main_effect,800,800,0,0,,delay,,,True,3,0,39.86,333,5,5,True,0,0,0,heuristic,979,3
planning_decision__tier4_main_effect_replicate__llama3.1_8b__main_delay_d0800__run5__83698c99.json,83698c99,planning_decision,5,tier4_main_effect_replicate__llama3.1_8b,main_delay_d0800,main_effect,800,800,0,0,,delay,,,True,3,0,22.18,194,5,4,True,0,0,0,heuristic,538,3
planning_decision__tier4_main_effect_replicate__llama3.1_8b__main_delay_d0850__run1__e5d774b8.json,e5d774b8,planning_decision,1,tier4_main_effect_replicate__llama3.1_8b,main_delay_d0850,main_effect,850,850,0,0,,delay,,,True,3,0,77.92,574,4,5,True,0,0,0,heuristic,1879,3
planning_decision__tier4_main_effect_replicate__llama3.1_8b__main_delay_d0850__run2__ea2cea75.json,ea2cea75,planning_decision,2,tier4_main_effect_replicate__llama3.1_8b,main_delay_d0850,main_effect,850,850,0,0,,delay,,,True,3,0,18.29,189,5,4,True,0,0,0,heuristic,506,3
planning_decision__tier4_main_effect_replicate__llama3.1_8b__main_delay_d0850__run3__aa4fc4a5.json,aa4fc4a5,planning_decision,3,tier4_main_effect_replicate__llama3.1_8b,main_delay_d0850,main_effect,850,850,0,0,,delay,,,True,3,0,28.66,280,5,5,True,0,0,0,heuristic,850,3
planning_decision__tier4_main_effect_replicate__llama3.1_8b__main_delay_d0850__run4__1a8d8362.json,1a8d8362,planning_decision,4,tier4_main_effect_replicate__llama3.1_8b,main_delay_d0850,main_effect,850,850,0,0,,delay,,,True,3,0,26.18,264,4,5,True,0,0,0,heuristic,812,3
planning_decision__tier4_main_effect_replicate__llama3.1_8b__main_delay_d0850__run5__6adc812b.json,6adc812b,planning_decision,5,tier4_main_effect_replicate__llama3.1_8b,main_delay_d0850,main_effect,850,850,0,0,,delay,,,True,3,0,26.33,246,5,5,True,0,0,0,heuristic,802,3
planning_decision__tier4_main_effect_replicate__llama3.1_8b__main_delay_d0900__run1__fc4f596d.json,fc4f596d,planning_decision,1,tier4_main_effect_replicate__llama3.1_8b,main_delay_d0900,main_effect,900,900,0,0,,delay,,,True,3,0,64.94,312,5,5,True,0,0,0,heuristic,908,3
planning_decision__tier4_main_effect_replicate__llama3.1_8b__main_delay_d0900__run2__563f3e4a.json,563f3e4a,planning_decision,2,tier4_main_effect_replicate__llama3.1_8b,main_delay_d0900,main_effect,900,900,0,0,,delay,,,True,3,0,25.16,252,5,5,True,0,0,0,heuristic,738,3
planning_decision__tier4_main_effect_replicate__llama3.1_8b__main_delay_d0900__run3__dc44b1d8.json,dc44b1d8,planning_decision,3,tier4_main_effect_replicate__llama3.1_8b,main_delay_d0900,main_effect,900,900,0,0,,delay,,,True,3,0,33.04,347,5,5,True,0,0,0,heuristic,1120,3
planning_decision__tier4_main_effect_replicate__llama3.1_8b__main_delay_d0900__run4__0f10c340.json,0f10c340,planning_decision,4,tier4_main_effect_replicate__llama3.1_8b,main_delay_d0900,main_effect,900,900,0,0,,delay,,,True,3,0,22.68,234,5,3,False,0,0,0,heuristic,671,3
planning_decision__tier4_main_effect_replicate__llama3.1_8b__main_delay_d0900__run5__629a4004.json,629a4004,planning_decision,5,tier4_main_effect_replicate__llama3.1_8b,main_delay_d0900,main_effect,900,900,0,0,,delay,,,True,3,0,23.93,238,5,4,True,0,0,0,heuristic,691,3
planning_decision__tier4_main_effect_replicate__llama3.1_8b__main_delay_d0950__run1__0658418b.json,0658418b,planning_decision,1,tier4_main_effect_replicate__llama3.1_8b,main_delay_d0950,main_effect,950,950,0,0,,delay,,,True,3,0,62.33,353,5,5,True,0,0,0,heuristic,1093,3
planning_decision__tier4_main_effect_replicate__llama3.1_8b__main_delay_d0950__run2__1975e231.json,1975e231,planning_decision,2,tier4_main_effect_replicate__llama3.1_8b,main_delay_d0950,main_effect,950,950,0,0,,delay,,,True,3,0,27.26,281,5,5,True,0,0,0,heuristic,848,3
planning_decision__tier4_main_effect_replicate__llama3.1_8b__main_delay_d0950__run3__50024922.json,50024922,planning_decision,3,tier4_main_effect_replicate__llama3.1_8b,main_delay_d0950,main_effect,950,950,0,0,,delay,,,True,3,0,28.18,278,5,5,True,0,0,0,heuristic,843,3
planning_decision__tier4_main_effect_replicate__llama3.1_8b__main_delay_d0950__run4__4ef5ecad.json,4ef5ecad,planning_decision,4,tier4_main_effect_replicate__llama3.1_8b,main_delay_d0950,main_effect,950,950,0,0,,delay,,,True,3,0,42.71,426,5,5,True,0,0,0,heuristic,1369,3
planning_decision__tier4_main_effect_replicate__llama3.1_8b__main_delay_d0950__run5__6cb2dc99.json,6cb2dc99,planning_decision,5,tier4_main_effect_replicate__llama3.1_8b,main_delay_d0950,main_effect,950,950,0,0,,delay,,,True,3,0,32.51,305,5,5,True,0,0,0,heuristic,1036,3
planning_decision__tier4_main_effect_replicate__llama3.1_8b__main_delay_d1000__run1__ed890afb.json,ed890afb,planning_decision,1,tier4_main_effect_replicate__llama3.1_8b,main_delay_d1000,main_effect,1000,1000,0,0,,delay,,,True,3,0,27.72,223,5,4,True,0,0,0,heuristic,710,3
planning_decision__tier4_main_effect_replicate__llama3.1_8b__main_delay_d1000__run2__a3c3bd98.json,a3c3bd98,planning_decision,2,tier4_main_effect_replicate__llama3.1_8b,main_delay_d1000,main_effect,1000,1000,0,0,,delay,,,True,3,0,35.19,368,5,5,True,0,0,0,heuristic,1219,3
planning_decision__tier4_main_effect_replicate__llama3.1_8b__main_delay_d1000__run3__fcb91c3b.json,fcb91c3b,planning_decision,3,tier4_main_effect_replicate__llama3.1_8b,main_delay_d1000,main_effect,1000,1000,0,0,,delay,,,True,3,0,25.8,266,5,5,True,0,0,0,heuristic,783,3
planning_decision__tier4_main_effect_replicate__llama3.1_8b__main_delay_d1000__run4__783ea789.json,783ea789,planning_decision,4,tier4_main_effect_replicate__llama3.1_8b,main_delay_d1000,main_effect,1000,1000,0,0,,delay,,,True,3,0,31.21,308,5,5,True,0,0,0,heuristic,869,3
planning_decision__tier4_main_effect_replicate__llama3.1_8b__main_delay_d1000__run5__02fc3068.json,02fc3068,planning_decision,5,tier4_main_effect_replicate__llama3.1_8b,main_delay_d1000,main_effect,1000,1000,0,0,,delay,,,True,3,0,32.09,291,5,5,True,0,0,0,heuristic,879,3
planning_decision__tier4_main_effect_replicate__llama3.1_8b__main_jitter_j000__run1__f71560d7.json,f71560d7,planning_decision,1,tier4_main_effect_replicate__llama3.1_8b,main_jitter_j000,main_effect,0,0,0,0,,jitter,,,True,3,0,19.88,227,5,5,True,0,0,0,heuristic,724,3
planning_decision__tier4_main_effect_replicate__llama3.1_8b__main_jitter_j000__run2__812ba118.json,812ba118,planning_decision,2,tier4_main_effect_replicate__llama3.1_8b,main_jitter_j000,main_effect,0,0,0,0,,jitter,,,True,3,0,22.88,274,5,4,True,0,0,0,heuristic,913,3
planning_decision__tier4_main_effect_replicate__llama3.1_8b__main_jitter_j000__run3__e78baacf.json,e78baacf,planning_decision,3,tier4_main_effect_replicate__llama3.1_8b,main_jitter_j000,main_effect,0,0,0,0,,jitter,,,True,3,0,12.96,183,5,5,True,0,0,0,heuristic,435,3
planning_decision__tier4_main_effect_replicate__llama3.1_8b__main_jitter_j000__run4__eb2e7885.json,eb2e7885,planning_decision,4,tier4_main_effect_replicate__llama3.1_8b,main_jitter_j000,main_effect,0,0,0,0,,jitter,,,True,3,0,22.36,279,5,5,True,0,0,0,heuristic,932,3
planning_decision__tier4_main_effect_replicate__llama3.1_8b__main_jitter_j000__run5__1782f85e.json,1782f85e,planning_decision,5,tier4_main_effect_replicate__llama3.1_8b,main_jitter_j000,main_effect,0,0,0,0,,jitter,,,True,3,0,24.32,306,5,5,True,0,0,0,heuristic,922,3
planning_decision__tier4_main_effect_replicate__llama3.1_8b__main_jitter_j001__run1__fd9e6be0.json,fd9e6be0,planning_decision,1,tier4_main_effect_replicate__llama3.1_8b,main_jitter_j001,main_effect,50,0,1,0,,jitter,,,True,3,0,60.78,550,5,5,True,0,0,0,heuristic,1850,3
planning_decision__tier4_main_effect_replicate__llama3.1_8b__main_jitter_j001__run2__06ec432d.json,06ec432d,planning_decision,2,tier4_main_effect_replicate__llama3.1_8b,main_jitter_j001,main_effect,50,0,1,0,,jitter,,,True,3,0,16.05,185,5,5,True,0,0,0,heuristic,453,3
planning_decision__tier4_main_effect_replicate__llama3.1_8b__main_jitter_j001__run3__3f7f4d26.json,3f7f4d26,planning_decision,3,tier4_main_effect_replicate__llama3.1_8b,main_jitter_j001,main_effect,50,0,1,0,,jitter,,,True,3,0,28.74,311,4,5,True,0,0,0,heuristic,951,3
planning_decision__tier4_main_effect_replicate__llama3.1_8b__main_jitter_j001__run4__204250e3.json,204250e3,planning_decision,4,tier4_main_effect_replicate__llama3.1_8b,main_jitter_j001,main_effect,50,0,1,0,,jitter,,,True,3,0,25.68,264,5,4,True,0,0,0,heuristic,749,3
planning_decision__tier4_main_effect_replicate__llama3.1_8b__main_jitter_j001__run5__90b11888.json,90b11888,planning_decision,5,tier4_main_effect_replicate__llama3.1_8b,main_jitter_j001,main_effect,50,0,1,0,,jitter,,,True,3,0,27.67,275,5,5,True,0,0,0,heuristic,791,3
planning_decision__tier4_main_effect_replicate__llama3.1_8b__main_jitter_j005__run1__ff28117f.json,ff28117f,planning_decision,1,tier4_main_effect_replicate__llama3.1_8b,main_jitter_j005,main_effect,50,0,5,0,,jitter,,,True,3,0,25.38,253,5,5,True,0,0,0,heuristic,774,3
planning_decision__tier4_main_effect_replicate__llama3.1_8b__main_jitter_j005__run2__37a60b3e.json,37a60b3e,planning_decision,2,tier4_main_effect_replicate__llama3.1_8b,main_jitter_j005,main_effect,50,0,5,0,,jitter,,,True,3,0,15.85,190,5,4,True,0,0,0,heuristic,461,3
planning_decision__tier4_main_effect_replicate__llama3.1_8b__main_jitter_j005__run3__d3ced167.json,d3ced167,planning_decision,3,tier4_main_effect_replicate__llama3.1_8b,main_jitter_j005,main_effect,50,0,5,0,,jitter,,,True,3,0,32.13,342,5,5,True,0,0,0,heuristic,1187,3
planning_decision__tier4_main_effect_replicate__llama3.1_8b__main_jitter_j005__run4__1cb746cb.json,1cb746cb,planning_decision,4,tier4_main_effect_replicate__llama3.1_8b,main_jitter_j005,main_effect,50,0,5,0,,jitter,,,True,3,0,30.18,314,5,4,True,0,0,0,heuristic,929,3
planning_decision__tier4_main_effect_replicate__llama3.1_8b__main_jitter_j005__run5__ff22f43b.json,ff22f43b,planning_decision,5,tier4_main_effect_replicate__llama3.1_8b,main_jitter_j005,main_effect,50,0,5,0,,jitter,,,True,3,0,20.62,218,5,5,True,0,0,0,heuristic,567,3
planning_decision__tier4_main_effect_replicate__llama3.1_8b__main_jitter_j010__run1__3d7595c2.json,3d7595c2,planning_decision,1,tier4_main_effect_replicate__llama3.1_8b,main_jitter_j010,main_effect,50,0,10,0,,jitter,,,True,3,0,28.27,278,5,5,True,0,0,0,heuristic,783,3
planning_decision__tier4_main_effect_replicate__llama3.1_8b__main_jitter_j010__run2__2d9bb3de.json,2d9bb3de,planning_decision,2,tier4_main_effect_replicate__llama3.1_8b,main_jitter_j010,main_effect,50,0,10,0,,jitter,,,True,3,0,35.71,381,4,4,True,0,0,0,heuristic,1128,3
planning_decision__tier4_main_effect_replicate__llama3.1_8b__main_jitter_j010__run3__eed875c5.json,eed875c5,planning_decision,3,tier4_main_effect_replicate__llama3.1_8b,main_jitter_j010,main_effect,50,0,10,0,,jitter,,,True,3,0,28.91,314,5,5,True,0,0,0,heuristic,888,3
planning_decision__tier4_main_effect_replicate__llama3.1_8b__main_jitter_j010__run4__547b5fd0.json,547b5fd0,planning_decision,4,tier4_main_effect_replicate__llama3.1_8b,main_jitter_j010,main_effect,50,0,10,0,,jitter,,,True,3,0,24.55,254,5,5,True,0,0,0,heuristic,747,3
planning_decision__tier4_main_effect_replicate__llama3.1_8b__main_jitter_j010__run5__d2a58ae0.json,d2a58ae0,planning_decision,5,tier4_main_effect_replicate__llama3.1_8b,main_jitter_j010,main_effect,50,0,10,0,,jitter,,,True,3,0,17.98,197,5,4,True,0,0,0,heuristic,510,3
planning_decision__tier4_main_effect_replicate__llama3.1_8b__main_jitter_j015__run1__6920d2a6.json,6920d2a6,planning_decision,1,tier4_main_effect_replicate__llama3.1_8b,main_jitter_j015,main_effect,50,0,15,0,,jitter,,,True,3,0,47.24,515,5,5,True,0,0,0,heuristic,1790,3
planning_decision__tier4_main_effect_replicate__llama3.1_8b__main_jitter_j015__run2__266d23fb.json,266d23fb,planning_decision,2,tier4_main_effect_replicate__llama3.1_8b,main_jitter_j015,main_effect,50,0,15,0,,jitter,,,True,3,0,41.36,413,5,5,True,0,0,0,heuristic,1470,3
planning_decision__tier4_main_effect_replicate__llama3.1_8b__main_jitter_j015__run3__cdef65a3.json,cdef65a3,planning_decision,3,tier4_main_effect_replicate__llama3.1_8b,main_jitter_j015,main_effect,50,0,15,0,,jitter,,,True,3,0,29.11,317,5,5,True,0,0,0,heuristic,940,3
planning_decision__tier4_main_effect_replicate__llama3.1_8b__main_jitter_j015__run4__385ee45b.json,385ee45b,planning_decision,4,tier4_main_effect_replicate__llama3.1_8b,main_jitter_j015,main_effect,50,0,15,0,,jitter,,,True,3,0,26.14,279,5,5,True,0,0,0,heuristic,879,3
planning_decision__tier4_main_effect_replicate__llama3.1_8b__main_jitter_j015__run5__1b96af0f.json,1b96af0f,planning_decision,5,tier4_main_effect_replicate__llama3.1_8b,main_jitter_j015,main_effect,50,0,15,0,,jitter,,,True,3,0,31.33,326,5,5,True,0,0,0,heuristic,1045,3
planning_decision__tier4_main_effect_replicate__llama3.1_8b__main_jitter_j020__run1__ad11307b.json,ad11307b,planning_decision,1,tier4_main_effect_replicate__llama3.1_8b,main_jitter_j020,main_effect,50,0,20,0,,jitter,,,True,3,0,14.47,175,5,4,True,0,0,0,heuristic,462,3
planning_decision__tier4_main_effect_replicate__llama3.1_8b__main_jitter_j020__run2__485193f1.json,485193f1,planning_decision,2,tier4_main_effect_replicate__llama3.1_8b,main_jitter_j020,main_effect,50,0,20,0,,jitter,,,True,3,0,30.2,311,5,5,True,0,0,0,heuristic,900,3
planning_decision__tier4_main_effect_replicate__llama3.1_8b__main_jitter_j020__run3__5985e59a.json,5985e59a,planning_decision,3,tier4_main_effect_replicate__llama3.1_8b,main_jitter_j020,main_effect,50,0,20,0,,jitter,,,True,3,0,32.14,343,5,5,True,0,0,0,heuristic,1043,3
planning_decision__tier4_main_effect_replicate__llama3.1_8b__main_jitter_j020__run4__cb922665.json,cb922665,planning_decision,4,tier4_main_effect_replicate__llama3.1_8b,main_jitter_j020,main_effect,50,0,20,0,,jitter,,,True,3,0,34.23,360,5,4,True,0,0,0,heuristic,1095,3
planning_decision__tier4_main_effect_replicate__llama3.1_8b__main_jitter_j020__run5__d8544514.json,d8544514,planning_decision,5,tier4_main_effect_replicate__llama3.1_8b,main_jitter_j020,main_effect,50,0,20,0,,jitter,,,True,3,0,15.49,170,5,5,True,0,0,0,heuristic,496,3
planning_decision__tier4_main_effect_replicate__llama3.1_8b__main_jitter_j025__run1__1c6cb7ea.json,1c6cb7ea,planning_decision,1,tier4_main_effect_replicate__llama3.1_8b,main_jitter_j025,main_effect,50,0,25,0,,jitter,,,True,3,0,24.69,268,5,5,True,0,0,0,heuristic,782,3
planning_decision__tier4_main_effect_replicate__llama3.1_8b__main_jitter_j025__run2__73595323.json,73595323,planning_decision,2,tier4_main_effect_replicate__llama3.1_8b,main_jitter_j025,main_effect,50,0,25,0,,jitter,,,True,3,0,23.27,268,5,5,True,0,0,0,heuristic,889,3
planning_decision__tier4_main_effect_replicate__llama3.1_8b__main_jitter_j025__run3__9fb1d676.json,9fb1d676,planning_decision,3,tier4_main_effect_replicate__llama3.1_8b,main_jitter_j025,main_effect,50,0,25,0,,jitter,,,True,3,0,10.11,130,5,3,False,0,0,0,heuristic,339,3
planning_decision__tier4_main_effect_replicate__llama3.1_8b__main_jitter_j025__run4__ed6d4d6b.json,ed6d4d6b,planning_decision,4,tier4_main_effect_replicate__llama3.1_8b,main_jitter_j025,main_effect,50,0,25,0,,jitter,,,True,3,0,58.98,616,5,5,True,0,0,0,heuristic,1919,3
planning_decision__tier4_main_effect_replicate__llama3.1_8b__main_jitter_j025__run5__a497ba83.json,a497ba83,planning_decision,5,tier4_main_effect_replicate__llama3.1_8b,main_jitter_j025,main_effect,50,0,25,0,,jitter,,,True,3,0,21.2,223,5,5,True,0,0,0,heuristic,711,3
planning_decision__tier4_main_effect_replicate__llama3.1_8b__main_jitter_j030__run1__fcaa77c4.json,fcaa77c4,planning_decision,1,tier4_main_effect_replicate__llama3.1_8b,main_jitter_j030,main_effect,50,0,30,0,,jitter,,,True,3,0,22.76,257,5,4,True,0,0,0,heuristic,847,3
planning_decision__tier4_main_effect_replicate__llama3.1_8b__main_jitter_j030__run2__7f524c7b.json,7f524c7b,planning_decision,2,tier4_main_effect_replicate__llama3.1_8b,main_jitter_j030,main_effect,50,0,30,0,,jitter,,,True,3,0,32.41,371,4,5,True,0,0,0,heuristic,1215,3
planning_decision__tier4_main_effect_replicate__llama3.1_8b__main_jitter_j030__run3__c3774cf5.json,c3774cf5,planning_decision,3,tier4_main_effect_replicate__llama3.1_8b,main_jitter_j030,main_effect,50,0,30,0,,jitter,,,True,3,0,21.76,245,5,4,True,0,0,0,heuristic,674,3
planning_decision__tier4_main_effect_replicate__llama3.1_8b__main_jitter_j030__run4__0e0139b1.json,0e0139b1,planning_decision,4,tier4_main_effect_replicate__llama3.1_8b,main_jitter_j030,main_effect,50,0,30,0,,jitter,,,True,3,0,15.8,176,5,5,True,0,0,0,heuristic,393,3
planning_decision__tier4_main_effect_replicate__llama3.1_8b__main_jitter_j030__run5__aa7a8947.json,aa7a8947,planning_decision,5,tier4_main_effect_replicate__llama3.1_8b,main_jitter_j030,main_effect,50,0,30,0,,jitter,,,True,3,0,26.37,275,5,5,True,0,0,0,heuristic,755,3
planning_decision__tier4_main_effect_replicate__llama3.1_8b__main_jitter_j050__run1__ecb2041f.json,ecb2041f,planning_decision,1,tier4_main_effect_replicate__llama3.1_8b,main_jitter_j050,main_effect,50,0,50,0,,jitter,,,True,3,0,27.55,314,5,5,True,0,0,0,heuristic,989,3
planning_decision__tier4_main_effect_replicate__llama3.1_8b__main_jitter_j050__run2__a73e1f12.json,a73e1f12,planning_decision,2,tier4_main_effect_replicate__llama3.1_8b,main_jitter_j050,main_effect,50,0,50,0,,jitter,,,True,3,0,17.4,200,5,4,True,0,0,0,heuristic,503,3
planning_decision__tier4_main_effect_replicate__llama3.1_8b__main_jitter_j050__run3__bd15f8dc.json,bd15f8dc,planning_decision,3,tier4_main_effect_replicate__llama3.1_8b,main_jitter_j050,main_effect,50,0,50,0,,jitter,,,True,3,0,22.68,258,5,5,True,0,0,0,heuristic,851,3
planning_decision__tier4_main_effect_replicate__llama3.1_8b__main_jitter_j050__run4__ea5c888b.json,ea5c888b,planning_decision,4,tier4_main_effect_replicate__llama3.1_8b,main_jitter_j050,main_effect,50,0,50,0,,jitter,,,True,3,0,30.63,317,5,5,True,0,0,0,heuristic,936,3
planning_decision__tier4_main_effect_replicate__llama3.1_8b__main_jitter_j050__run5__584d191d.json,584d191d,planning_decision,5,tier4_main_effect_replicate__llama3.1_8b,main_jitter_j050,main_effect,50,0,50,0,,jitter,,,True,3,0,27.48,300,4,5,True,0,0,0,heuristic,892,3
planning_decision__tier4_main_effect_replicate__llama3.1_8b__main_jitter_j075__run1__cf6a5309.json,cf6a5309,planning_decision,1,tier4_main_effect_replicate__llama3.1_8b,main_jitter_j075,main_effect,50,0,75,0,,jitter,,,True,3,0,32.27,353,5,5,True,0,0,0,heuristic,1025,3
planning_decision__tier4_main_effect_replicate__llama3.1_8b__main_jitter_j075__run2__a97c93b3.json,a97c93b3,planning_decision,2,tier4_main_effect_replicate__llama3.1_8b,main_jitter_j075,main_effect,50,0,75,0,,jitter,,,True,3,0,48.51,533,5,5,True,0,0,0,heuristic,1622,3
planning_decision__tier4_main_effect_replicate__llama3.1_8b__main_jitter_j075__run3__a31c16f7.json,a31c16f7,planning_decision,3,tier4_main_effect_replicate__llama3.1_8b,main_jitter_j075,main_effect,50,0,75,0,,jitter,,,True,3,0,23.25,249,5,5,True,0,0,0,heuristic,748,3
planning_decision__tier4_main_effect_replicate__llama3.1_8b__main_jitter_j075__run4__5ce1fcd7.json,5ce1fcd7,planning_decision,4,tier4_main_effect_replicate__llama3.1_8b,main_jitter_j075,main_effect,50,0,75,0,,jitter,,,True,3,0,29.45,312,5,5,True,0,0,0,heuristic,1000,3
planning_decision__tier4_main_effect_replicate__llama3.1_8b__main_jitter_j075__run5__3cebe317.json,3cebe317,planning_decision,5,tier4_main_effect_replicate__llama3.1_8b,main_jitter_j075,main_effect,50,0,75,0,,jitter,,,True,3,0,42.96,371,5,5,True,0,0,0,heuristic,1129,3
planning_decision__tier4_main_effect_replicate__llama3.1_8b__main_loss_loss0__run1__399d4253.json,399d4253,planning_decision,1,tier4_main_effect_replicate__llama3.1_8b,main_loss_loss0,main_effect,0,0,0,0,,loss,,,True,3,0,36.59,357,5,5,True,0,0,0,heuristic,1105,3
planning_decision__tier4_main_effect_replicate__llama3.1_8b__main_loss_loss0__run2__1ec4f3b2.json,1ec4f3b2,planning_decision,2,tier4_main_effect_replicate__llama3.1_8b,main_loss_loss0,main_effect,0,0,0,0,,loss,,,True,3,0,31.61,344,5,4,True,0,0,0,heuristic,1048,3
planning_decision__tier4_main_effect_replicate__llama3.1_8b__main_loss_loss0__run3__64e4f65a.json,64e4f65a,planning_decision,3,tier4_main_effect_replicate__llama3.1_8b,main_loss_loss0,main_effect,0,0,0,0,,loss,,,True,3,0,34.43,366,5,5,True,0,0,0,heuristic,1157,3
planning_decision__tier4_main_effect_replicate__llama3.1_8b__main_loss_loss0__run4__35b6c0b9.json,35b6c0b9,planning_decision,4,tier4_main_effect_replicate__llama3.1_8b,main_loss_loss0,main_effect,0,0,0,0,,loss,,,True,3,0,27.36,317,5,5,True,0,0,0,heuristic,1022,3
planning_decision__tier4_main_effect_replicate__llama3.1_8b__main_loss_loss0__run5__dcdaf013.json,dcdaf013,planning_decision,5,tier4_main_effect_replicate__llama3.1_8b,main_loss_loss0,main_effect,0,0,0,0,,loss,,,True,3,0,35.86,377,5,5,True,0,0,0,heuristic,1327,3
planning_decision__tier4_main_effect_replicate__llama3.1_8b__main_loss_loss10__run1__1edd126e.json,1edd126e,planning_decision,1,tier4_main_effect_replicate__llama3.1_8b,main_loss_loss10,main_effect,0,0,0,10,,loss,,,True,3,0,7.61,77,5,3,False,0,0,0,heuristic,127,3
planning_decision__tier4_main_effect_replicate__llama3.1_8b__main_loss_loss10__run2__3a1f7bd1.json,3a1f7bd1,planning_decision,2,tier4_main_effect_replicate__llama3.1_8b,main_loss_loss10,main_effect,0,0,0,10,,loss,,,True,3,0,37.84,259,5,5,True,0,0,0,heuristic,750,3
planning_decision__tier4_main_effect_replicate__llama3.1_8b__main_loss_loss10__run3__1567b6b8.json,1567b6b8,planning_decision,3,tier4_main_effect_replicate__llama3.1_8b,main_loss_loss10,main_effect,0,0,0,10,,loss,,,True,3,0,38.58,399,5,5,True,0,0,0,heuristic,1243,3
planning_decision__tier4_main_effect_replicate__llama3.1_8b__main_loss_loss10__run4__63bdc400.json,63bdc400,planning_decision,4,tier4_main_effect_replicate__llama3.1_8b,main_loss_loss10,main_effect,0,0,0,10,,loss,,,True,3,0,16.53,200,5,5,True,0,0,0,heuristic,579,3
planning_decision__tier4_main_effect_replicate__llama3.1_8b__main_loss_loss10__run5__03357d31.json,03357d31,planning_decision,5,tier4_main_effect_replicate__llama3.1_8b,main_loss_loss10,main_effect,0,0,0,10,,loss,,,True,3,0,50.13,525,5,5,True,0,0,0,heuristic,1791,3
planning_decision__tier4_main_effect_replicate__llama3.1_8b__main_loss_loss15__run1__35accd3c.json,35accd3c,planning_decision,1,tier4_main_effect_replicate__llama3.1_8b,main_loss_loss15,main_effect,0,0,0,15,,loss,,,True,3,0,36.28,310,4,5,True,0,0,0,heuristic,936,3
planning_decision__tier4_main_effect_replicate__llama3.1_8b__main_loss_loss15__run2__395e7ce9.json,395e7ce9,planning_decision,2,tier4_main_effect_replicate__llama3.1_8b,main_loss_loss15,main_effect,0,0,0,15,,loss,,,True,3,0,19.56,243,5,5,True,0,0,0,heuristic,728,3
planning_decision__tier4_main_effect_replicate__llama3.1_8b__main_loss_loss15__run3__0e34b471.json,0e34b471,planning_decision,3,tier4_main_effect_replicate__llama3.1_8b,main_loss_loss15,main_effect,0,0,0,15,,loss,,,True,3,0,29.25,320,5,5,True,0,0,0,heuristic,1004,3
planning_decision__tier4_main_effect_replicate__llama3.1_8b__main_loss_loss15__run4__8d757fbc.json,8d757fbc,planning_decision,4,tier4_main_effect_replicate__llama3.1_8b,main_loss_loss15,main_effect,0,0,0,15,,loss,,,True,3,0,22.99,259,4,5,True,0,0,0,heuristic,801,3
planning_decision__tier4_main_effect_replicate__llama3.1_8b__main_loss_loss15__run5__32bab3cc.json,32bab3cc,planning_decision,5,tier4_main_effect_replicate__llama3.1_8b,main_loss_loss15,main_effect,0,0,0,15,,loss,,,True,3,0,18.12,205,5,5,True,0,0,0,heuristic,488,3
planning_decision__tier4_main_effect_replicate__llama3.1_8b__main_loss_loss1__run1__fa026697.json,fa026697,planning_decision,1,tier4_main_effect_replicate__llama3.1_8b,main_loss_loss1,main_effect,0,0,0,1,,loss,,,True,3,0,48.48,375,5,5,True,0,0,0,heuristic,1262,3
planning_decision__tier4_main_effect_replicate__llama3.1_8b__main_loss_loss1__run2__82c35411.json,82c35411,planning_decision,2,tier4_main_effect_replicate__llama3.1_8b,main_loss_loss1,main_effect,0,0,0,1,,loss,,,True,3,0,43.84,433,5,4,True,0,0,0,heuristic,1378,3
planning_decision__tier4_main_effect_replicate__llama3.1_8b__main_loss_loss1__run3__d6602e6c.json,d6602e6c,planning_decision,3,tier4_main_effect_replicate__llama3.1_8b,main_loss_loss1,main_effect,0,0,0,1,,loss,,,True,3,0,29.75,318,5,5,True,0,0,0,heuristic,1090,3
planning_decision__tier4_main_effect_replicate__llama3.1_8b__main_loss_loss1__run4__46ada489.json,46ada489,planning_decision,4,tier4_main_effect_replicate__llama3.1_8b,main_loss_loss1,main_effect,0,0,0,1,,loss,,,True,3,0,23.59,272,5,4,True,0,0,0,heuristic,837,3
planning_decision__tier4_main_effect_replicate__llama3.1_8b__main_loss_loss1__run5__17a0f998.json,17a0f998,planning_decision,5,tier4_main_effect_replicate__llama3.1_8b,main_loss_loss1,main_effect,0,0,0,1,,loss,,,True,3,0,35.34,376,5,5,True,0,0,0,heuristic,1173,3
planning_decision__tier4_main_effect_replicate__llama3.1_8b__main_loss_loss20__run1__ea9b727b.json,ea9b727b,planning_decision,1,tier4_main_effect_replicate__llama3.1_8b,main_loss_loss20,main_effect,0,0,0,20,,loss,,,True,3,0,24.53,250,5,5,True,0,0,0,heuristic,700,3
planning_decision__tier4_main_effect_replicate__llama3.1_8b__main_loss_loss20__run2__a63e9be0.json,a63e9be0,planning_decision,2,tier4_main_effect_replicate__llama3.1_8b,main_loss_loss20,main_effect,0,0,0,20,,loss,,,True,3,0,25.21,286,4,5,True,0,0,0,heuristic,803,3
planning_decision__tier4_main_effect_replicate__llama3.1_8b__main_loss_loss20__run3__93654c83.json,93654c83,planning_decision,3,tier4_main_effect_replicate__llama3.1_8b,main_loss_loss20,main_effect,0,0,0,20,,loss,,,True,3,0,27.93,311,5,5,True,0,0,0,heuristic,943,3
planning_decision__tier4_main_effect_replicate__llama3.1_8b__main_loss_loss20__run4__da6b7a21.json,da6b7a21,planning_decision,4,tier4_main_effect_replicate__llama3.1_8b,main_loss_loss20,main_effect,0,0,0,20,,loss,,,True,3,0,11.36,142,5,3,False,0,0,0,heuristic,291,3
planning_decision__tier4_main_effect_replicate__llama3.1_8b__main_loss_loss20__run5__45ef2c32.json,45ef2c32,planning_decision,5,tier4_main_effect_replicate__llama3.1_8b,main_loss_loss20,main_effect,0,0,0,20,,loss,,,True,3,0,22.48,262,4,5,True,0,0,0,heuristic,864,3
planning_decision__tier4_main_effect_replicate__llama3.1_8b__main_loss_loss25__run1__2cfc4b17.json,2cfc4b17,planning_decision,1,tier4_main_effect_replicate__llama3.1_8b,main_loss_loss25,main_effect,0,0,0,25,,loss,,,True,3,0,29.44,274,5,4,True,0,0,0,heuristic,742,3
planning_decision__tier4_main_effect_replicate__llama3.1_8b__main_loss_loss25__run2__30f4a3af.json,30f4a3af,planning_decision,2,tier4_main_effect_replicate__llama3.1_8b,main_loss_loss25,main_effect,0,0,0,25,,loss,,,True,3,0,24.24,198,5,5,True,0,0,0,heuristic,514,3
planning_decision__tier4_main_effect_replicate__llama3.1_8b__main_loss_loss25__run3__2d16ee7d.json,2d16ee7d,planning_decision,3,tier4_main_effect_replicate__llama3.1_8b,main_loss_loss25,main_effect,0,0,0,25,,loss,,,True,3,0,23.46,259,5,5,True,0,0,0,heuristic,744,3
planning_decision__tier4_main_effect_replicate__llama3.1_8b__main_loss_loss25__run4__28b048ce.json,28b048ce,planning_decision,4,tier4_main_effect_replicate__llama3.1_8b,main_loss_loss25,main_effect,0,0,0,25,,loss,,,True,3,0,36.27,355,5,4,True,0,0,0,heuristic,1177,3
planning_decision__tier4_main_effect_replicate__llama3.1_8b__main_loss_loss25__run5__bf9b0db3.json,bf9b0db3,planning_decision,5,tier4_main_effect_replicate__llama3.1_8b,main_loss_loss25,main_effect,0,0,0,25,,loss,,,True,3,0,19.31,233,5,5,True,0,0,0,heuristic,750,3
planning_decision__tier4_main_effect_replicate__llama3.1_8b__main_loss_loss30__run1__59dce90f.json,59dce90f,planning_decision,1,tier4_main_effect_replicate__llama3.1_8b,main_loss_loss30,main_effect,0,0,0,30,,loss,,,True,3,0,25.89,301,5,5,True,0,0,0,heuristic,870,3
planning_decision__tier4_main_effect_replicate__llama3.1_8b__main_loss_loss30__run2__09e40bc7.json,09e40bc7,planning_decision,2,tier4_main_effect_replicate__llama3.1_8b,main_loss_loss30,main_effect,0,0,0,30,,loss,,,True,3,0,23.5,278,5,5,True,0,0,0,heuristic,874,3
planning_decision__tier4_main_effect_replicate__llama3.1_8b__main_loss_loss30__run3__247384e4.json,247384e4,planning_decision,3,tier4_main_effect_replicate__llama3.1_8b,main_loss_loss30,main_effect,0,0,0,30,,loss,,,True,3,0,31.0,335,5,5,True,0,0,0,heuristic,1066,3
planning_decision__tier4_main_effect_replicate__llama3.1_8b__main_loss_loss30__run4__08ed6974.json,08ed6974,planning_decision,4,tier4_main_effect_replicate__llama3.1_8b,main_loss_loss30,main_effect,0,0,0,30,,loss,,,True,3,0,20.84,219,5,5,True,0,0,0,heuristic,693,3
planning_decision__tier4_main_effect_replicate__llama3.1_8b__main_loss_loss30__run5__69fc1a95.json,69fc1a95,planning_decision,5,tier4_main_effect_replicate__llama3.1_8b,main_loss_loss30,main_effect,0,0,0,30,,loss,,,True,3,0,46.01,267,5,5,True,0,0,0,heuristic,811,3
planning_decision__tier4_main_effect_replicate__llama3.1_8b__main_loss_loss40__run1__1a3bb207.json,1a3bb207,planning_decision,1,tier4_main_effect_replicate__llama3.1_8b,main_loss_loss40,main_effect,0,0,0,40,,loss,,,True,3,0,15.08,129,5,4,True,0,0,0,heuristic,334,3
planning_decision__tier4_main_effect_replicate__llama3.1_8b__main_loss_loss40__run2__75718d0b.json,75718d0b,planning_decision,2,tier4_main_effect_replicate__llama3.1_8b,main_loss_loss40,main_effect,0,0,0,40,,loss,,,True,3,0,39.82,415,5,4,True,0,0,0,heuristic,1379,3
planning_decision__tier4_main_effect_replicate__llama3.1_8b__main_loss_loss40__run3__766c6b4c.json,766c6b4c,planning_decision,3,tier4_main_effect_replicate__llama3.1_8b,main_loss_loss40,main_effect,0,0,0,40,,loss,,,True,3,0,142.27,231,5,5,True,0,0,0,heuristic,741,3
planning_decision__tier4_main_effect_replicate__llama3.1_8b__main_loss_loss40__run4__21839fb6.json,21839fb6,planning_decision,4,tier4_main_effect_replicate__llama3.1_8b,main_loss_loss40,main_effect,0,0,0,40,,loss,,,True,3,0,29.86,295,5,5,True,0,0,0,heuristic,863,3
planning_decision__tier4_main_effect_replicate__llama3.1_8b__main_loss_loss40__run5__b4c15af6.json,b4c15af6,planning_decision,5,tier4_main_effect_replicate__llama3.1_8b,main_loss_loss40,main_effect,0,0,0,40,,loss,,,True,3,0,120.71,393,5,5,True,0,0,0,heuristic,1224,3
planning_decision__tier4_main_effect_replicate__llama3.1_8b__main_loss_loss50__run1__8295299b.json,8295299b,planning_decision,1,tier4_main_effect_replicate__llama3.1_8b,main_loss_loss50,main_effect,0,0,0,50,,loss,,,True,3,0,25.25,230,5,5,True,0,0,0,heuristic,739,3
planning_decision__tier4_main_effect_replicate__llama3.1_8b__main_loss_loss50__run2__6f08cae4.json,6f08cae4,planning_decision,2,tier4_main_effect_replicate__llama3.1_8b,main_loss_loss50,main_effect,0,0,0,50,,loss,,,True,3,0,73.12,292,5,5,True,0,0,0,heuristic,867,3
planning_decision__tier4_main_effect_replicate__llama3.1_8b__main_loss_loss50__run3__07682e7d.json,07682e7d,planning_decision,3,tier4_main_effect_replicate__llama3.1_8b,main_loss_loss50,main_effect,0,0,0,50,,loss,,,True,3,0,37.06,339,5,5,True,0,0,0,heuristic,1044,3
planning_decision__tier4_main_effect_replicate__llama3.1_8b__main_loss_loss50__run4__fbff6249.json,fbff6249,planning_decision,4,tier4_main_effect_replicate__llama3.1_8b,main_loss_loss50,main_effect,0,0,0,50,,loss,,,True,3,0,28.8,364,4,5,True,0,0,0,heuristic,1147,3
planning_decision__tier4_main_effect_replicate__llama3.1_8b__main_loss_loss50__run5__dfa778bc.json,dfa778bc,planning_decision,5,tier4_main_effect_replicate__llama3.1_8b,main_loss_loss50,main_effect,0,0,0,50,,loss,,,True,3,0,33.76,346,5,5,True,0,0,0,heuristic,1087,3
planning_decision__tier4_main_effect_replicate__llama3.1_8b__main_loss_loss5__run1__786752c2.json,786752c2,planning_decision,1,tier4_main_effect_replicate__llama3.1_8b,main_loss_loss5,main_effect,0,0,0,5,,loss,,,True,3,0,54.24,430,5,5,True,0,0,0,heuristic,1391,3
planning_decision__tier4_main_effect_replicate__llama3.1_8b__main_loss_loss5__run2__e8120de3.json,e8120de3,planning_decision,2,tier4_main_effect_replicate__llama3.1_8b,main_loss_loss5,main_effect,0,0,0,5,,loss,,,True,3,0,20.33,193,5,4,True,0,0,0,heuristic,589,3
planning_decision__tier4_main_effect_replicate__llama3.1_8b__main_loss_loss5__run3__3f39d52b.json,3f39d52b,planning_decision,3,tier4_main_effect_replicate__llama3.1_8b,main_loss_loss5,main_effect,0,0,0,5,,loss,,,True,3,0,39.78,416,5,4,True,0,0,0,heuristic,1330,3
planning_decision__tier4_main_effect_replicate__llama3.1_8b__main_loss_loss5__run4__88fd2946.json,88fd2946,planning_decision,4,tier4_main_effect_replicate__llama3.1_8b,main_loss_loss5,main_effect,0,0,0,5,,loss,,,True,3,0,24.44,292,5,5,True,0,0,0,heuristic,856,3
planning_decision__tier4_main_effect_replicate__llama3.1_8b__main_loss_loss5__run5__19e792f8.json,19e792f8,planning_decision,5,tier4_main_effect_replicate__llama3.1_8b,main_loss_loss5,main_effect,0,0,0,5,,loss,,,True,3,0,21.01,230,5,5,True,0,0,0,heuristic,701,3
planning_decision__tier4_main_effect_replicate__llama3.1_8b__main_loss_loss75__run1__53de34c0.json,53de34c0,planning_decision,1,tier4_main_effect_replicate__llama3.1_8b,main_loss_loss75,main_effect,0,0,0,75,,loss,,,False,1,0,1008.13,284,,1,False,2,2,5,heuristic,633,4
planning_decision__tier4_main_effect_replicate__llama3.1_8b__main_loss_loss75__run2__9d9e8ffe.json,9d9e8ffe,planning_decision,2,tier4_main_effect_replicate__llama3.1_8b,main_loss_loss75,main_effect,0,0,0,75,,loss,,,True,3,0,471.14,423,5,5,True,0,0,0,heuristic,1402,3
planning_decision__tier4_main_effect_replicate__llama3.1_8b__main_loss_loss75__run3__1e3a4adb.json,1e3a4adb,planning_decision,3,tier4_main_effect_replicate__llama3.1_8b,main_loss_loss75,main_effect,0,0,0,75,,loss,,,True,3,0,273.74,386,5,5,True,0,0,0,heuristic,1239,3
planning_decision__tier4_main_effect_replicate__llama3.1_8b__main_loss_loss75__run4__db275ce5.json,db275ce5,planning_decision,4,tier4_main_effect_replicate__llama3.1_8b,main_loss_loss75,main_effect,0,0,0,75,,loss,,,True,3,0,1062.05,417,5,4,True,1,2,4,heuristic,555,6
planning_decision__tier4_main_effect_replicate__llama3.1_8b__main_loss_loss75__run5__df302e6f.json,df302e6f,planning_decision,5,tier4_main_effect_replicate__llama3.1_8b,main_loss_loss75,main_effect,0,0,0,75,,loss,,,True,3,0,163.81,358,5,5,True,0,0,0,heuristic,1072,3
research_summary__tier4_main_effect_replicate__llama3.1_8b__main_delay_d0000__run1__32c22a62.json,32c22a62,research_summary,1,tier4_main_effect_replicate__llama3.1_8b,main_delay_d0000,main_effect,0,0,0,0,,delay,,,True,3,0,19.98,237,5,2,False,0,0,0,heuristic,677,3
research_summary__tier4_main_effect_replicate__llama3.1_8b__main_delay_d0000__run2__f9b652f5.json,f9b652f5,research_summary,2,tier4_main_effect_replicate__llama3.1_8b,main_delay_d0000,main_effect,0,0,0,0,,delay,,,True,3,0,21.44,238,5,4,True,0,0,0,heuristic,722,3
research_summary__tier4_main_effect_replicate__llama3.1_8b__main_delay_d0000__run3__f3bd726a.json,f3bd726a,research_summary,3,tier4_main_effect_replicate__llama3.1_8b,main_delay_d0000,main_effect,0,0,0,0,,delay,,,True,3,0,21.84,252,4,3,False,0,0,0,heuristic,863,3
research_summary__tier4_main_effect_replicate__llama3.1_8b__main_delay_d0000__run4__2855efd1.json,2855efd1,research_summary,4,tier4_main_effect_replicate__llama3.1_8b,main_delay_d0000,main_effect,0,0,0,0,,delay,,,True,3,0,22.49,236,4,2,False,0,0,0,heuristic,799,3
research_summary__tier4_main_effect_replicate__llama3.1_8b__main_delay_d0000__run5__aa40540d.json,aa40540d,research_summary,5,tier4_main_effect_replicate__llama3.1_8b,main_delay_d0000,main_effect,0,0,0,0,,delay,,,True,3,0,23.81,254,5,2,False,0,0,0,heuristic,871,3
research_summary__tier4_main_effect_replicate__llama3.1_8b__main_delay_d0050__run1__0a3d13fa.json,0a3d13fa,research_summary,1,tier4_main_effect_replicate__llama3.1_8b,main_delay_d0050,main_effect,50,50,0,0,,delay,,,True,3,0,21.81,277,5,3,False,0,0,0,heuristic,785,3
research_summary__tier4_main_effect_replicate__llama3.1_8b__main_delay_d0050__run2__a5b0094e.json,a5b0094e,research_summary,2,tier4_main_effect_replicate__llama3.1_8b,main_delay_d0050,main_effect,50,50,0,0,,delay,,,True,3,0,18.89,214,4,3,False,0,0,0,heuristic,711,3
research_summary__tier4_main_effect_replicate__llama3.1_8b__main_delay_d0050__run3__2a5549db.json,2a5549db,research_summary,3,tier4_main_effect_replicate__llama3.1_8b,main_delay_d0050,main_effect,50,50,0,0,,delay,,,True,3,0,18.99,215,5,3,False,0,0,0,heuristic,615,3
research_summary__tier4_main_effect_replicate__llama3.1_8b__main_delay_d0050__run4__e98269a8.json,e98269a8,research_summary,4,tier4_main_effect_replicate__llama3.1_8b,main_delay_d0050,main_effect,50,50,0,0,,delay,,,True,3,0,19.63,214,5,3,False,0,0,0,heuristic,680,3
research_summary__tier4_main_effect_replicate__llama3.1_8b__main_delay_d0050__run5__74fe3bf8.json,74fe3bf8,research_summary,5,tier4_main_effect_replicate__llama3.1_8b,main_delay_d0050,main_effect,50,50,0,0,,delay,,,True,3,0,24.08,242,4,3,False,0,0,0,heuristic,822,3
research_summary__tier4_main_effect_replicate__llama3.1_8b__main_delay_d0100__run1__146102f3.json,146102f3,research_summary,1,tier4_main_effect_replicate__llama3.1_8b,main_delay_d0100,main_effect,100,100,0,0,,delay,,,True,3,0,29.35,238,4,4,True,0,0,0,heuristic,806,3
research_summary__tier4_main_effect_replicate__llama3.1_8b__main_delay_d0100__run2__011ebf0b.json,011ebf0b,research_summary,2,tier4_main_effect_replicate__llama3.1_8b,main_delay_d0100,main_effect,100,100,0,0,,delay,,,True,3,0,16.18,185,4,2,False,0,0,0,heuristic,594,3
research_summary__tier4_main_effect_replicate__llama3.1_8b__main_delay_d0100__run3__d7012381.json,d7012381,research_summary,3,tier4_main_effect_replicate__llama3.1_8b,main_delay_d0100,main_effect,100,100,0,0,,delay,,,True,3,0,26.6,290,5,4,True,0,0,0,heuristic,812,3
research_summary__tier4_main_effect_replicate__llama3.1_8b__main_delay_d0100__run4__10075a94.json,10075a94,research_summary,4,tier4_main_effect_replicate__llama3.1_8b,main_delay_d0100,main_effect,100,100,0,0,,delay,,,True,3,0,41.35,433,4,3,False,0,0,0,heuristic,1584,3
research_summary__tier4_main_effect_replicate__llama3.1_8b__main_delay_d0100__run5__8998f110.json,8998f110,research_summary,5,tier4_main_effect_replicate__llama3.1_8b,main_delay_d0100,main_effect,100,100,0,0,,delay,,,True,3,0,25.03,270,4,3,False,0,0,0,heuristic,932,3
research_summary__tier4_main_effect_replicate__llama3.1_8b__main_delay_d0150__run1__f6cf7f86.json,f6cf7f86,research_summary,1,tier4_main_effect_replicate__llama3.1_8b,main_delay_d0150,main_effect,150,150,0,0,,delay,,,True,3,0,35.64,275,5,2,False,0,0,0,heuristic,808,3
research_summary__tier4_main_effect_replicate__llama3.1_8b__main_delay_d0150__run2__11641c2d.json,11641c2d,research_summary,2,tier4_main_effect_replicate__llama3.1_8b,main_delay_d0150,main_effect,150,150,0,0,,delay,,,True,3,0,20.77,239,4,4,True,0,0,0,heuristic,711,3
research_summary__tier4_main_effect_replicate__llama3.1_8b__main_delay_d0150__run3__a87f5164.json,a87f5164,research_summary,3,tier4_main_effect_replicate__llama3.1_8b,main_delay_d0150,main_effect,150,150,0,0,,delay,,,True,3,0,32.69,375,5,3,False,0,0,0,heuristic,1265,3
research_summary__tier4_main_effect_replicate__llama3.1_8b__main_delay_d0150__run4__a06c8488.json,a06c8488,research_summary,4,tier4_main_effect_replicate__llama3.1_8b,main_delay_d0150,main_effect,150,150,0,0,,delay,,,True,3,0,27.84,299,5,2,False,0,0,0,heuristic,969,3
research_summary__tier4_main_effect_replicate__llama3.1_8b__main_delay_d0150__run5__90622084.json,90622084,research_summary,5,tier4_main_effect_replicate__llama3.1_8b,main_delay_d0150,main_effect,150,150,0,0,,delay,,,True,3,0,22.31,234,5,3,False,0,0,0,heuristic,670,3
research_summary__tier4_main_effect_replicate__llama3.1_8b__main_delay_d0200__run1__bdce6b7f.json,bdce6b7f,research_summary,1,tier4_main_effect_replicate__llama3.1_8b,main_delay_d0200,main_effect,200,200,0,0,,delay,,,True,3,0,31.57,236,5,2,False,0,0,0,heuristic,729,3
research_summary__tier4_main_effect_replicate__llama3.1_8b__main_delay_d0200__run2__ae1bfa5b.json,ae1bfa5b,research_summary,2,tier4_main_effect_replicate__llama3.1_8b,main_delay_d0200,main_effect,200,200,0,0,,delay,,,True,3,0,29.37,307,5,2,False,0,0,0,heuristic,1029,3
research_summary__tier4_main_effect_replicate__llama3.1_8b__main_delay_d0200__run3__cc1fe948.json,cc1fe948,research_summary,3,tier4_main_effect_replicate__llama3.1_8b,main_delay_d0200,main_effect,200,200,0,0,,delay,,,True,3,0,23.45,242,5,4,True,0,0,0,heuristic,820,3
research_summary__tier4_main_effect_replicate__llama3.1_8b__main_delay_d0200__run4__7ecee5b3.json,7ecee5b3,research_summary,4,tier4_main_effect_replicate__llama3.1_8b,main_delay_d0200,main_effect,200,200,0,0,,delay,,,True,3,0,34.25,343,5,3,False,0,0,0,heuristic,1131,3
research_summary__tier4_main_effect_replicate__llama3.1_8b__main_delay_d0200__run5__4eda5506.json,4eda5506,research_summary,5,tier4_main_effect_replicate__llama3.1_8b,main_delay_d0200,main_effect,200,200,0,0,,delay,,,True,3,0,31.34,331,5,3,False,0,0,0,heuristic,1028,3
research_summary__tier4_main_effect_replicate__llama3.1_8b__main_delay_d0250__run1__d71eae0e.json,d71eae0e,research_summary,1,tier4_main_effect_replicate__llama3.1_8b,main_delay_d0250,main_effect,250,250,0,0,,delay,,,True,3,0,23.56,220,5,3,False,0,0,0,heuristic,732,3
research_summary__tier4_main_effect_replicate__llama3.1_8b__main_delay_d0250__run2__d81d558b.json,d81d558b,research_summary,2,tier4_main_effect_replicate__llama3.1_8b,main_delay_d0250,main_effect,250,250,0,0,,delay,,,True,3,0,17.71,181,5,3,False,0,0,0,heuristic,577,3
research_summary__tier4_main_effect_replicate__llama3.1_8b__main_delay_d0250__run3__ca208330.json,ca208330,research_summary,3,tier4_main_effect_replicate__llama3.1_8b,main_delay_d0250,main_effect,250,250,0,0,,delay,,,True,3,0,43.76,456,5,2,False,0,0,0,heuristic,1678,3
research_summary__tier4_main_effect_replicate__llama3.1_8b__main_delay_d0250__run4__cc71cb6f.json,cc71cb6f,research_summary,4,tier4_main_effect_replicate__llama3.1_8b,main_delay_d0250,main_effect,250,250,0,0,,delay,,,True,3,0,18.59,202,4,3,False,0,0,0,heuristic,662,3
research_summary__tier4_main_effect_replicate__llama3.1_8b__main_delay_d0250__run5__d15ab10c.json,d15ab10c,research_summary,5,tier4_main_effect_replicate__llama3.1_8b,main_delay_d0250,main_effect,250,250,0,0,,delay,,,True,3,0,28.74,279,5,2,False,0,0,0,heuristic,871,3
research_summary__tier4_main_effect_replicate__llama3.1_8b__main_delay_d0300__run1__7dd9e244.json,7dd9e244,research_summary,1,tier4_main_effect_replicate__llama3.1_8b,main_delay_d0300,main_effect,300,300,0,0,,delay,,,True,3,0,28.16,279,5,2,False,0,0,0,heuristic,844,3
research_summary__tier4_main_effect_replicate__llama3.1_8b__main_delay_d0300__run2__522544b1.json,522544b1,research_summary,2,tier4_main_effect_replicate__llama3.1_8b,main_delay_d0300,main_effect,300,300,0,0,,delay,,,True,3,0,29.15,307,5,3,False,0,0,0,heuristic,926,3
research_summary__tier4_main_effect_replicate__llama3.1_8b__main_delay_d0300__run3__2848f8a6.json,2848f8a6,research_summary,3,tier4_main_effect_replicate__llama3.1_8b,main_delay_d0300,main_effect,300,300,0,0,,delay,,,True,3,0,30.93,311,5,2,False,0,0,0,heuristic,1099,3
research_summary__tier4_main_effect_replicate__llama3.1_8b__main_delay_d0300__run4__0a2aad43.json,0a2aad43,research_summary,4,tier4_main_effect_replicate__llama3.1_8b,main_delay_d0300,main_effect,300,300,0,0,,delay,,,True,3,0,23.59,238,5,2,False,0,0,0,heuristic,806,3
research_summary__tier4_main_effect_replicate__llama3.1_8b__main_delay_d0300__run5__9acc374c.json,9acc374c,research_summary,5,tier4_main_effect_replicate__llama3.1_8b,main_delay_d0300,main_effect,300,300,0,0,,delay,,,True,3,0,23.94,237,5,3,False,0,0,0,heuristic,803,3
research_summary__tier4_main_effect_replicate__llama3.1_8b__main_delay_d0350__run1__c7b0d4fe.json,c7b0d4fe,research_summary,1,tier4_main_effect_replicate__llama3.1_8b,main_delay_d0350,main_effect,350,350,0,0,,delay,,,True,3,0,38.64,359,4,3,False,0,0,0,heuristic,1208,3
research_summary__tier4_main_effect_replicate__llama3.1_8b__main_delay_d0350__run2__1879f434.json,1879f434,research_summary,2,tier4_main_effect_replicate__llama3.1_8b,main_delay_d0350,main_effect,350,350,0,0,,delay,,,True,3,0,26.18,279,5,3,False,0,0,0,heuristic,849,3
research_summary__tier4_main_effect_replicate__llama3.1_8b__main_delay_d0350__run3__9139c0d9.json,9139c0d9,research_summary,3,tier4_main_effect_replicate__llama3.1_8b,main_delay_d0350,main_effect,350,350,0,0,,delay,,,True,3,0,23.3,246,5,3,False,0,0,0,heuristic,745,3
research_summary__tier4_main_effect_replicate__llama3.1_8b__main_delay_d0350__run4__333395ff.json,333395ff,research_summary,4,tier4_main_effect_replicate__llama3.1_8b,main_delay_d0350,main_effect,350,350,0,0,,delay,,,True,3,0,27.37,288,4,3,False,0,0,0,heuristic,815,3
research_summary__tier4_main_effect_replicate__llama3.1_8b__main_delay_d0350__run5__b886aff7.json,b886aff7,research_summary,5,tier4_main_effect_replicate__llama3.1_8b,main_delay_d0350,main_effect,350,350,0,0,,delay,,,True,3,0,24.7,259,4,2,False,0,0,0,heuristic,888,3
research_summary__tier4_main_effect_replicate__llama3.1_8b__main_delay_d0400__run1__c97546dd.json,c97546dd,research_summary,1,tier4_main_effect_replicate__llama3.1_8b,main_delay_d0400,main_effect,400,400,0,0,,delay,,,True,3,0,28.67,251,4,3,False,0,0,0,heuristic,741,3
research_summary__tier4_main_effect_replicate__llama3.1_8b__main_delay_d0400__run2__12f53d71.json,12f53d71,research_summary,2,tier4_main_effect_replicate__llama3.1_8b,main_delay_d0400,main_effect,400,400,0,0,,delay,,,True,3,0,40.57,421,5,2,False,0,0,0,heuristic,1409,3
research_summary__tier4_main_effect_replicate__llama3.1_8b__main_delay_d0400__run3__a6ecfa33.json,a6ecfa33,research_summary,3,tier4_main_effect_replicate__llama3.1_8b,main_delay_d0400,main_effect,400,400,0,0,,delay,,,True,3,0,22.92,253,5,2,False,0,0,0,heuristic,864,3
research_summary__tier4_main_effect_replicate__llama3.1_8b__main_delay_d0400__run4__2c8e77fe.json,2c8e77fe,research_summary,4,tier4_main_effect_replicate__llama3.1_8b,main_delay_d0400,main_effect,400,400,0,0,,delay,,,True,3,0,26.3,281,5,3,False,0,0,0,heuristic,830,3
research_summary__tier4_main_effect_replicate__llama3.1_8b__main_delay_d0400__run5__8bc37347.json,8bc37347,research_summary,5,tier4_main_effect_replicate__llama3.1_8b,main_delay_d0400,main_effect,400,400,0,0,,delay,,,True,3,0,25.48,253,5,3,False,0,0,0,heuristic,767,3
research_summary__tier4_main_effect_replicate__llama3.1_8b__main_delay_d0450__run1__f58f49d9.json,f58f49d9,research_summary,1,tier4_main_effect_replicate__llama3.1_8b,main_delay_d0450,main_effect,450,450,0,0,,delay,,,True,3,0,26.52,246,5,3,False,0,0,0,heuristic,698,3
research_summary__tier4_main_effect_replicate__llama3.1_8b__main_delay_d0450__run2__4553a761.json,4553a761,research_summary,2,tier4_main_effect_replicate__llama3.1_8b,main_delay_d0450,main_effect,450,450,0,0,,delay,,,True,3,0,19.71,211,5,3,False,0,0,0,heuristic,697,3
research_summary__tier4_main_effect_replicate__llama3.1_8b__main_delay_d0450__run3__efefbd7a.json,efefbd7a,research_summary,3,tier4_main_effect_replicate__llama3.1_8b,main_delay_d0450,main_effect,450,450,0,0,,delay,,,True,3,0,19.69,217,5,3,False,0,0,0,heuristic,721,3
research_summary__tier4_main_effect_replicate__llama3.1_8b__main_delay_d0450__run4__43182a0d.json,43182a0d,research_summary,4,tier4_main_effect_replicate__llama3.1_8b,main_delay_d0450,main_effect,450,450,0,0,,delay,,,True,3,0,23.35,234,5,2,False,0,0,0,heuristic,789,3
research_summary__tier4_main_effect_replicate__llama3.1_8b__main_delay_d0450__run5__2a6fd35c.json,2a6fd35c,research_summary,5,tier4_main_effect_replicate__llama3.1_8b,main_delay_d0450,main_effect,450,450,0,0,,delay,,,True,3,0,34.93,352,4,3,False,0,0,0,heuristic,1010,3
research_summary__tier4_main_effect_replicate__llama3.1_8b__main_delay_d0500__run1__436e6a2b.json,436e6a2b,research_summary,1,tier4_main_effect_replicate__llama3.1_8b,main_delay_d0500,main_effect,500,500,0,0,,delay,,,True,3,0,22.01,206,5,2,False,0,0,0,heuristic,676,3
research_summary__tier4_main_effect_replicate__llama3.1_8b__main_delay_d0500__run2__3e34fec7.json,3e34fec7,research_summary,2,tier4_main_effect_replicate__llama3.1_8b,main_delay_d0500,main_effect,500,500,0,0,,delay,,,True,3,0,28.95,310,4,2,False,0,0,0,heuristic,927,3
research_summary__tier4_main_effect_replicate__llama3.1_8b__main_delay_d0500__run3__4297c291.json,4297c291,research_summary,3,tier4_main_effect_replicate__llama3.1_8b,main_delay_d0500,main_effect,500,500,0,0,,delay,,,True,3,0,23.41,243,4,2,False,0,0,0,heuristic,827,3
research_summary__tier4_main_effect_replicate__llama3.1_8b__main_delay_d0500__run4__199234d7.json,199234d7,research_summary,4,tier4_main_effect_replicate__llama3.1_8b,main_delay_d0500,main_effect,500,500,0,0,,delay,,,True,3,0,40.42,404,5,2,False,0,0,0,heuristic,1471,3
research_summary__tier4_main_effect_replicate__llama3.1_8b__main_delay_d0500__run5__ab9295f6.json,ab9295f6,research_summary,5,tier4_main_effect_replicate__llama3.1_8b,main_delay_d0500,main_effect,500,500,0,0,,delay,,,True,3,0,23.99,246,5,2,False,0,0,0,heuristic,743,3
research_summary__tier4_main_effect_replicate__llama3.1_8b__main_delay_d0550__run1__e183a293.json,e183a293,research_summary,1,tier4_main_effect_replicate__llama3.1_8b,main_delay_d0550,main_effect,550,550,0,0,,delay,,,True,3,0,51.0,461,4,3,False,0,0,0,heuristic,1445,3
research_summary__tier4_main_effect_replicate__llama3.1_8b__main_delay_d0550__run2__376a8ff5.json,376a8ff5,research_summary,2,tier4_main_effect_replicate__llama3.1_8b,main_delay_d0550,main_effect,550,550,0,0,,delay,,,True,3,0,20.37,215,5,2,False,0,0,0,heuristic,712,3
research_summary__tier4_main_effect_replicate__llama3.1_8b__main_delay_d0550__run3__28fa182a.json,28fa182a,research_summary,3,tier4_main_effect_replicate__llama3.1_8b,main_delay_d0550,main_effect,550,550,0,0,,delay,,,True,3,0,26.6,282,4,3,False,0,0,0,heuristic,895,3
research_summary__tier4_main_effect_replicate__llama3.1_8b__main_delay_d0550__run4__72fa2726.json,72fa2726,research_summary,4,tier4_main_effect_replicate__llama3.1_8b,main_delay_d0550,main_effect,550,550,0,0,,delay,,,True,3,0,19.65,185,5,2,False,0,0,0,heuristic,594,3
research_summary__tier4_main_effect_replicate__llama3.1_8b__main_delay_d0550__run5__ac2d1d96.json,ac2d1d96,research_summary,5,tier4_main_effect_replicate__llama3.1_8b,main_delay_d0550,main_effect,550,550,0,0,,delay,,,True,3,0,23.59,235,5,4,True,0,0,0,heuristic,794,3
research_summary__tier4_main_effect_replicate__llama3.1_8b__main_delay_d0600__run1__799f40ff.json,799f40ff,research_summary,1,tier4_main_effect_replicate__llama3.1_8b,main_delay_d0600,main_effect,600,600,0,0,,delay,,,True,3,0,26.17,237,5,3,False,0,0,0,heuristic,700,3
research_summary__tier4_main_effect_replicate__llama3.1_8b__main_delay_d0600__run2__17477c3e.json,17477c3e,research_summary,2,tier4_main_effect_replicate__llama3.1_8b,main_delay_d0600,main_effect,600,600,0,0,,delay,,,True,3,0,18.49,194,4,3,False,0,0,0,heuristic,629,3
research_summary__tier4_main_effect_replicate__llama3.1_8b__main_delay_d0600__run3__f2fb7995.json,f2fb7995,research_summary,3,tier4_main_effect_replicate__llama3.1_8b,main_delay_d0600,main_effect,600,600,0,0,,delay,,,True,3,0,36.93,374,5,2,False,0,0,0,heuristic,1174,3
research_summary__tier4_main_effect_replicate__llama3.1_8b__main_delay_d0600__run4__3ec8055d.json,3ec8055d,research_summary,4,tier4_main_effect_replicate__llama3.1_8b,main_delay_d0600,main_effect,600,600,0,0,,delay,,,True,3,0,28.3,292,5,3,False,0,0,0,heuristic,870,3
research_summary__tier4_main_effect_replicate__llama3.1_8b__main_delay_d0600__run5__48ddcee4.json,48ddcee4,research_summary,5,tier4_main_effect_replicate__llama3.1_8b,main_delay_d0600,main_effect,600,600,0,0,,delay,,,True,3,0,25.0,252,5,3,False,0,0,0,heuristic,862,3
research_summary__tier4_main_effect_replicate__llama3.1_8b__main_delay_d0650__run1__32d40b4c.json,32d40b4c,research_summary,1,tier4_main_effect_replicate__llama3.1_8b,main_delay_d0650,main_effect,650,650,0,0,,delay,,,True,3,0,29.64,275,4,2,False,0,0,0,heuristic,805,3
research_summary__tier4_main_effect_replicate__llama3.1_8b__main_delay_d0650__run2__a185952f.json,a185952f,research_summary,2,tier4_main_effect_replicate__llama3.1_8b,main_delay_d0650,main_effect,650,650,0,0,,delay,,,True,3,0,20.88,205,4,2,False,0,0,0,heuristic,675,3
research_summary__tier4_main_effect_replicate__llama3.1_8b__main_delay_d0650__run3__ef33639f.json,ef33639f,research_summary,3,tier4_main_effect_replicate__llama3.1_8b,main_delay_d0650,main_effect,650,650,0,0,,delay,,,True,3,0,27.59,278,4,2,False,0,0,0,heuristic,912,3
research_summary__tier4_main_effect_replicate__llama3.1_8b__main_delay_d0650__run4__e49474ef.json,e49474ef,research_summary,4,tier4_main_effect_replicate__llama3.1_8b,main_delay_d0650,main_effect,650,650,0,0,,delay,,,True,3,0,25.36,236,5,3,False,0,0,0,heuristic,797,3
research_summary__tier4_main_effect_replicate__llama3.1_8b__main_delay_d0650__run5__0d68f79e.json,0d68f79e,research_summary,5,tier4_main_effect_replicate__llama3.1_8b,main_delay_d0650,main_effect,650,650,0,0,,delay,,,True,3,0,21.64,202,5,2,False,0,0,0,heuristic,661,3
research_summary__tier4_main_effect_replicate__llama3.1_8b__main_delay_d0700__run1__91751dc6.json,91751dc6,research_summary,1,tier4_main_effect_replicate__llama3.1_8b,main_delay_d0700,main_effect,700,700,0,0,,delay,,,True,3,0,28.98,274,5,2,False,0,0,0,heuristic,804,3
research_summary__tier4_main_effect_replicate__llama3.1_8b__main_delay_d0700__run2__4bc424c9.json,4bc424c9,research_summary,2,tier4_main_effect_replicate__llama3.1_8b,main_delay_d0700,main_effect,700,700,0,0,,delay,,,True,3,0,30.02,313,4,3,False,0,0,0,heuristic,976,3
research_summary__tier4_main_effect_replicate__llama3.1_8b__main_delay_d0700__run3__1a83f5da.json,1a83f5da,research_summary,3,tier4_main_effect_replicate__llama3.1_8b,main_delay_d0700,main_effect,700,700,0,0,,delay,,,True,3,0,25.76,252,5,3,False,0,0,0,heuristic,774,3
research_summary__tier4_main_effect_replicate__llama3.1_8b__main_delay_d0700__run4__ad666844.json,ad666844,research_summary,4,tier4_main_effect_replicate__llama3.1_8b,main_delay_d0700,main_effect,700,700,0,0,,delay,,,True,3,0,27.46,242,4,2,False,0,0,0,heuristic,682,3
research_summary__tier4_main_effect_replicate__llama3.1_8b__main_delay_d0700__run5__32d0601c.json,32d0601c,research_summary,5,tier4_main_effect_replicate__llama3.1_8b,main_delay_d0700,main_effect,700,700,0,0,,delay,,,True,3,0,30.66,301,4,2,False,0,0,0,heuristic,1059,3
research_summary__tier4_main_effect_replicate__llama3.1_8b__main_delay_d0750__run1__9513eb39.json,9513eb39,research_summary,1,tier4_main_effect_replicate__llama3.1_8b,main_delay_d0750,main_effect,750,750,0,0,,delay,,,True,3,0,29.03,261,5,4,True,0,0,0,heuristic,897,3
research_summary__tier4_main_effect_replicate__llama3.1_8b__main_delay_d0750__run2__cbdd8f58.json,cbdd8f58,research_summary,2,tier4_main_effect_replicate__llama3.1_8b,main_delay_d0750,main_effect,750,750,0,0,,delay,,,True,3,0,17.21,166,5,2,False,0,0,0,heuristic,516,3
research_summary__tier4_main_effect_replicate__llama3.1_8b__main_delay_d0750__run3__2589b736.json,2589b736,research_summary,3,tier4_main_effect_replicate__llama3.1_8b,main_delay_d0750,main_effect,750,750,0,0,,delay,,,True,3,0,23.03,234,5,3,False,0,0,0,heuristic,790,3
research_summary__tier4_main_effect_replicate__llama3.1_8b__main_delay_d0750__run4__ddf3706a.json,ddf3706a,research_summary,4,tier4_main_effect_replicate__llama3.1_8b,main_delay_d0750,main_effect,750,750,0,0,,delay,,,True,3,0,27.58,243,5,2,False,0,0,0,heuristic,722,3
research_summary__tier4_main_effect_replicate__llama3.1_8b__main_delay_d0750__run5__e113f2a1.json,e113f2a1,research_summary,5,tier4_main_effect_replicate__llama3.1_8b,main_delay_d0750,main_effect,750,750,0,0,,delay,,,True,3,0,29.71,254,4,3,False,0,0,0,heuristic,701,3
research_summary__tier4_main_effect_replicate__llama3.1_8b__main_delay_d0800__run1__b1074c16.json,b1074c16,research_summary,1,tier4_main_effect_replicate__llama3.1_8b,main_delay_d0800,main_effect,800,800,0,0,,delay,,,True,3,0,29.62,231,5,3,False,0,0,0,heuristic,776,3
research_summary__tier4_main_effect_replicate__llama3.1_8b__main_delay_d0800__run2__1bcccfb5.json,1bcccfb5,research_summary,2,tier4_main_effect_replicate__llama3.1_8b,main_delay_d0800,main_effect,800,800,0,0,,delay,,,True,3,0,27.18,266,5,3,False,0,0,0,heuristic,919,3
research_summary__tier4_main_effect_replicate__llama3.1_8b__main_delay_d0800__run3__3421264f.json,3421264f,research_summary,3,tier4_main_effect_replicate__llama3.1_8b,main_delay_d0800,main_effect,800,800,0,0,,delay,,,True,3,0,20.88,213,5,2,False,0,0,0,heuristic,706,3
research_summary__tier4_main_effect_replicate__llama3.1_8b__main_delay_d0800__run4__2d3742c1.json,2d3742c1,research_summary,4,tier4_main_effect_replicate__llama3.1_8b,main_delay_d0800,main_effect,800,800,0,0,,delay,,,True,3,0,40.36,345,4,2,False,0,0,0,heuristic,1041,3
research_summary__tier4_main_effect_replicate__llama3.1_8b__main_delay_d0800__run5__74b18795.json,74b18795,research_summary,5,tier4_main_effect_replicate__llama3.1_8b,main_delay_d0800,main_effect,800,800,0,0,,delay,,,True,3,0,25.29,217,5,3,False,0,0,0,heuristic,604,3
research_summary__tier4_main_effect_replicate__llama3.1_8b__main_delay_d0850__run1__3fe1ec05.json,3fe1ec05,research_summary,1,tier4_main_effect_replicate__llama3.1_8b,main_delay_d0850,main_effect,850,850,0,0,,delay,,,True,3,0,31.52,257,5,3,False,0,0,0,heuristic,749,3
research_summary__tier4_main_effect_replicate__llama3.1_8b__main_delay_d0850__run2__91d0347f.json,91d0347f,research_summary,2,tier4_main_effect_replicate__llama3.1_8b,main_delay_d0850,main_effect,850,850,0,0,,delay,,,True,3,0,23.81,225,5,3,False,0,0,0,heuristic,755,3
research_summary__tier4_main_effect_replicate__llama3.1_8b__main_delay_d0850__run3__d63a3c33.json,d63a3c33,research_summary,3,tier4_main_effect_replicate__llama3.1_8b,main_delay_d0850,main_effect,850,850,0,0,,delay,,,True,3,0,35.27,355,5,2,False,0,0,0,heuristic,1179,3
research_summary__tier4_main_effect_replicate__llama3.1_8b__main_delay_d0850__run4__11d8e286.json,11d8e286,research_summary,4,tier4_main_effect_replicate__llama3.1_8b,main_delay_d0850,main_effect,850,850,0,0,,delay,,,True,3,0,29.5,277,5,3,False,0,0,0,heuristic,883,3
research_summary__tier4_main_effect_replicate__llama3.1_8b__main_delay_d0850__run5__df0798ba.json,df0798ba,research_summary,5,tier4_main_effect_replicate__llama3.1_8b,main_delay_d0850,main_effect,850,850,0,0,,delay,,,True,3,0,29.78,244,5,2,False,0,0,0,heuristic,751,3
research_summary__tier4_main_effect_replicate__llama3.1_8b__main_delay_d0900__run1__cdde63d5.json,cdde63d5,research_summary,1,tier4_main_effect_replicate__llama3.1_8b,main_delay_d0900,main_effect,900,900,0,0,,delay,,,True,3,0,35.45,245,5,2,False,0,0,0,heuristic,756,3
research_summary__tier4_main_effect_replicate__llama3.1_8b__main_delay_d0900__run2__77e5406b.json,77e5406b,research_summary,2,tier4_main_effect_replicate__llama3.1_8b,main_delay_d0900,main_effect,900,900,0,0,,delay,,,True,3,0,33.95,323,5,2,False,0,0,0,heuristic,1045,3
research_summary__tier4_main_effect_replicate__llama3.1_8b__main_delay_d0900__run3__61518e39.json,61518e39,research_summary,3,tier4_main_effect_replicate__llama3.1_8b,main_delay_d0900,main_effect,900,900,0,0,,delay,,,True,3,0,21.66,219,5,4,True,0,0,0,heuristic,728,3
research_summary__tier4_main_effect_replicate__llama3.1_8b__main_delay_d0900__run4__e62b2dee.json,e62b2dee,research_summary,4,tier4_main_effect_replicate__llama3.1_8b,main_delay_d0900,main_effect,900,900,0,0,,delay,,,True,3,0,25.37,246,5,2,False,0,0,0,heuristic,720,3
research_summary__tier4_main_effect_replicate__llama3.1_8b__main_delay_d0900__run5__ba475c6f.json,ba475c6f,research_summary,5,tier4_main_effect_replicate__llama3.1_8b,main_delay_d0900,main_effect,900,900,0,0,,delay,,,True,3,0,30.87,308,5,2,False,0,0,0,heuristic,982,3
research_summary__tier4_main_effect_replicate__llama3.1_8b__main_delay_d0950__run1__9f672c4d.json,9f672c4d,research_summary,1,tier4_main_effect_replicate__llama3.1_8b,main_delay_d0950,main_effect,950,950,0,0,,delay,,,True,3,0,51.84,260,5,2,False,0,0,0,heuristic,893,3
research_summary__tier4_main_effect_replicate__llama3.1_8b__main_delay_d0950__run2__be9e931c.json,be9e931c,research_summary,2,tier4_main_effect_replicate__llama3.1_8b,main_delay_d0950,main_effect,950,950,0,0,,delay,,,True,3,0,24.59,241,5,2,False,0,0,0,heuristic,740,3
research_summary__tier4_main_effect_replicate__llama3.1_8b__main_delay_d0950__run3__0a4c3f09.json,0a4c3f09,research_summary,3,tier4_main_effect_replicate__llama3.1_8b,main_delay_d0950,main_effect,950,950,0,0,,delay,,,True,3,0,23.15,217,5,2,False,0,0,0,heuristic,638,3
research_summary__tier4_main_effect_replicate__llama3.1_8b__main_delay_d0950__run4__5df6a498.json,5df6a498,research_summary,4,tier4_main_effect_replicate__llama3.1_8b,main_delay_d0950,main_effect,950,950,0,0,,delay,,,True,3,0,24.07,242,5,2,False,0,0,0,heuristic,713,3
research_summary__tier4_main_effect_replicate__llama3.1_8b__main_delay_d0950__run5__661619a1.json,661619a1,research_summary,5,tier4_main_effect_replicate__llama3.1_8b,main_delay_d0950,main_effect,950,950,0,0,,delay,,,True,3,0,31.25,293,4,2,False,0,0,0,heuristic,897,3
research_summary__tier4_main_effect_replicate__llama3.1_8b__main_delay_d1000__run1__c86a8e97.json,c86a8e97,research_summary,1,tier4_main_effect_replicate__llama3.1_8b,main_delay_d1000,main_effect,1000,1000,0,0,,delay,,,True,3,0,45.64,334,5,2,False,0,0,0,heuristic,1191,3
research_summary__tier4_main_effect_replicate__llama3.1_8b__main_delay_d1000__run2__6f887096.json,6f887096,research_summary,2,tier4_main_effect_replicate__llama3.1_8b,main_delay_d1000,main_effect,1000,1000,0,0,,delay,,,True,3,0,34.41,345,5,3,False,0,0,0,heuristic,1072,3
research_summary__tier4_main_effect_replicate__llama3.1_8b__main_delay_d1000__run3__fa33c2ec.json,fa33c2ec,research_summary,3,tier4_main_effect_replicate__llama3.1_8b,main_delay_d1000,main_effect,1000,1000,0,0,,delay,,,True,3,0,27.82,274,5,3,False,0,0,0,heuristic,864,3
research_summary__tier4_main_effect_replicate__llama3.1_8b__main_delay_d1000__run4__60bc2c16.json,60bc2c16,research_summary,4,tier4_main_effect_replicate__llama3.1_8b,main_delay_d1000,main_effect,1000,1000,0,0,,delay,,,True,3,0,20.8,209,4,3,False,0,0,0,heuristic,688,3
research_summary__tier4_main_effect_replicate__llama3.1_8b__main_delay_d1000__run5__d184d3de.json,d184d3de,research_summary,5,tier4_main_effect_replicate__llama3.1_8b,main_delay_d1000,main_effect,1000,1000,0,0,,delay,,,True,3,0,28.21,267,4,4,True,0,0,0,heuristic,920,3
research_summary__tier4_main_effect_replicate__llama3.1_8b__main_jitter_j000__run1__2e434abe.json,2e434abe,research_summary,1,tier4_main_effect_replicate__llama3.1_8b,main_jitter_j000,main_effect,0,0,0,0,,jitter,,,True,3,0,20.95,257,4,3,False,0,0,0,heuristic,881,3
research_summary__tier4_main_effect_replicate__llama3.1_8b__main_jitter_j000__run2__2670ac5a.json,2670ac5a,research_summary,2,tier4_main_effect_replicate__llama3.1_8b,main_jitter_j000,main_effect,0,0,0,0,,jitter,,,True,3,0,28.22,341,4,3,False,0,0,0,heuristic,1110,3
research_summary__tier4_main_effect_replicate__llama3.1_8b__main_jitter_j000__run3__93ed1f34.json,93ed1f34,research_summary,3,tier4_main_effect_replicate__llama3.1_8b,main_jitter_j000,main_effect,0,0,0,0,,jitter,,,True,3,0,17.94,228,5,3,False,0,0,0,heuristic,767,3
research_summary__tier4_main_effect_replicate__llama3.1_8b__main_jitter_j000__run4__45cf4111.json,45cf4111,research_summary,4,tier4_main_effect_replicate__llama3.1_8b,main_jitter_j000,main_effect,0,0,0,0,,jitter,,,True,3,0,19.65,240,5,2,False,0,0,0,heuristic,787,3
research_summary__tier4_main_effect_replicate__llama3.1_8b__main_jitter_j000__run5__560821fb.json,560821fb,research_summary,5,tier4_main_effect_replicate__llama3.1_8b,main_jitter_j000,main_effect,0,0,0,0,,jitter,,,True,3,0,20.69,255,4,4,True,0,0,0,heuristic,821,3
research_summary__tier4_main_effect_replicate__llama3.1_8b__main_jitter_j001__run1__3d50c401.json,3d50c401,research_summary,1,tier4_main_effect_replicate__llama3.1_8b,main_jitter_j001,main_effect,50,0,1,0,,jitter,,,True,3,0,27.14,293,4,2,False,0,0,0,heuristic,931,3
research_summary__tier4_main_effect_replicate__llama3.1_8b__main_jitter_j001__run2__b615fb84.json,b615fb84,research_summary,2,tier4_main_effect_replicate__llama3.1_8b,main_jitter_j001,main_effect,50,0,1,0,,jitter,,,True,3,0,20.41,227,4,4,True,0,0,0,heuristic,763,3
research_summary__tier4_main_effect_replicate__llama3.1_8b__main_jitter_j001__run3__5c29877d.json,5c29877d,research_summary,3,tier4_main_effect_replicate__llama3.1_8b,main_jitter_j001,main_effect,50,0,1,0,,jitter,,,True,3,0,26.86,300,5,2,False,0,0,0,heuristic,971,3
research_summary__tier4_main_effect_replicate__llama3.1_8b__main_jitter_j001__run4__41bdfa3f.json,41bdfa3f,research_summary,4,tier4_main_effect_replicate__llama3.1_8b,main_jitter_j001,main_effect,50,0,1,0,,jitter,,,True,3,0,23.52,265,5,3,False,0,0,0,heuristic,914,3
research_summary__tier4_main_effect_replicate__llama3.1_8b__main_jitter_j001__run5__6978d9f1.json,6978d9f1,research_summary,5,tier4_main_effect_replicate__llama3.1_8b,main_jitter_j001,main_effect,50,0,1,0,,jitter,,,True,3,0,17.0,188,5,2,False,0,0,0,heuristic,605,3
research_summary__tier4_main_effect_replicate__llama3.1_8b__main_jitter_j005__run1__41f1ab40.json,41f1ab40,research_summary,1,tier4_main_effect_replicate__llama3.1_8b,main_jitter_j005,main_effect,50,0,5,0,,jitter,,,True,3,0,32.79,324,5,2,False,0,0,0,heuristic,975,3
research_summary__tier4_main_effect_replicate__llama3.1_8b__main_jitter_j005__run2__dd69006f.json,dd69006f,research_summary,2,tier4_main_effect_replicate__llama3.1_8b,main_jitter_j005,main_effect,50,0,5,0,,jitter,,,True,3,0,29.53,319,5,3,False,0,0,0,heuristic,1009,3
research_summary__tier4_main_effect_replicate__llama3.1_8b__main_jitter_j005__run3__3ab7ee56.json,3ab7ee56,research_summary,3,tier4_main_effect_replicate__llama3.1_8b,main_jitter_j005,main_effect,50,0,5,0,,jitter,,,True,3,0,23.7,249,4,3,False,0,0,0,heuristic,851,3
research_summary__tier4_main_effect_replicate__llama3.1_8b__main_jitter_j005__run4__f919e0e0.json,f919e0e0,research_summary,4,tier4_main_effect_replicate__llama3.1_8b,main_jitter_j005,main_effect,50,0,5,0,,jitter,,,True,3,0,27.37,283,4,2,False,0,0,0,heuristic,863,3
research_summary__tier4_main_effect_replicate__llama3.1_8b__main_jitter_j005__run5__347b7886.json,347b7886,research_summary,5,tier4_main_effect_replicate__llama3.1_8b,main_jitter_j005,main_effect,50,0,5,0,,jitter,,,True,3,0,26.51,283,5,3,False,0,0,0,heuristic,850,3
research_summary__tier4_main_effect_replicate__llama3.1_8b__main_jitter_j010__run1__1d66b8d7.json,1d66b8d7,research_summary,1,tier4_main_effect_replicate__llama3.1_8b,main_jitter_j010,main_effect,50,0,10,0,,jitter,,,True,3,0,44.42,429,5,3,False,0,0,0,heuristic,1466,3
research_summary__tier4_main_effect_replicate__llama3.1_8b__main_jitter_j010__run2__975fafcb.json,975fafcb,research_summary,2,tier4_main_effect_replicate__llama3.1_8b,main_jitter_j010,main_effect,50,0,10,0,,jitter,,,True,3,0,37.13,416,5,3,False,0,0,0,heuristic,1364,3
research_summary__tier4_main_effect_replicate__llama3.1_8b__main_jitter_j010__run3__50480d83.json,50480d83,research_summary,3,tier4_main_effect_replicate__llama3.1_8b,main_jitter_j010,main_effect,50,0,10,0,,jitter,,,True,3,0,24.4,257,4,3,False,0,0,0,heuristic,880,3
research_summary__tier4_main_effect_replicate__llama3.1_8b__main_jitter_j010__run4__e53f66ef.json,e53f66ef,research_summary,4,tier4_main_effect_replicate__llama3.1_8b,main_jitter_j010,main_effect,50,0,10,0,,jitter,,,True,3,0,27.14,287,4,2,False,0,0,0,heuristic,872,3
research_summary__tier4_main_effect_replicate__llama3.1_8b__main_jitter_j010__run5__ef6c2998.json,ef6c2998,research_summary,5,tier4_main_effect_replicate__llama3.1_8b,main_jitter_j010,main_effect,50,0,10,0,,jitter,,,True,3,0,24.95,258,5,3,False,0,0,0,heuristic,743,3
research_summary__tier4_main_effect_replicate__llama3.1_8b__main_jitter_j015__run1__5618f7e5.json,5618f7e5,research_summary,1,tier4_main_effect_replicate__llama3.1_8b,main_jitter_j015,main_effect,50,0,15,0,,jitter,,,True,3,0,31.44,322,5,4,True,0,0,0,heuristic,1143,3
research_summary__tier4_main_effect_replicate__llama3.1_8b__main_jitter_j015__run2__88bf869d.json,88bf869d,research_summary,2,tier4_main_effect_replicate__llama3.1_8b,main_jitter_j015,main_effect,50,0,15,0,,jitter,,,True,3,0,18.48,207,5,2,False,0,0,0,heuristic,680,3
research_summary__tier4_main_effect_replicate__llama3.1_8b__main_jitter_j015__run3__9c7c8834.json,9c7c8834,research_summary,3,tier4_main_effect_replicate__llama3.1_8b,main_jitter_j015,main_effect,50,0,15,0,,jitter,,,True,3,0,25.85,266,5,2,False,0,0,0,heuristic,916,3
research_summary__tier4_main_effect_replicate__llama3.1_8b__main_jitter_j015__run4__c81831f4.json,c81831f4,research_summary,4,tier4_main_effect_replicate__llama3.1_8b,main_jitter_j015,main_effect,50,0,15,0,,jitter,,,True,3,0,22.93,242,5,3,False,0,0,0,heuristic,823,3
research_summary__tier4_main_effect_replicate__llama3.1_8b__main_jitter_j015__run5__7bd5e03d.json,7bd5e03d,research_summary,5,tier4_main_effect_replicate__llama3.1_8b,main_jitter_j015,main_effect,50,0,15,0,,jitter,,,True,3,0,30.44,303,4,2,False,0,0,0,heuristic,1065,3
research_summary__tier4_main_effect_replicate__llama3.1_8b__main_jitter_j020__run1__6b3d4f42.json,6b3d4f42,research_summary,1,tier4_main_effect_replicate__llama3.1_8b,main_jitter_j020,main_effect,50,0,20,0,,jitter,,,True,3,0,27.32,303,4,3,False,0,0,0,heuristic,943,3
research_summary__tier4_main_effect_replicate__llama3.1_8b__main_jitter_j020__run2__ccd4df92.json,ccd4df92,research_summary,2,tier4_main_effect_replicate__llama3.1_8b,main_jitter_j020,main_effect,50,0,20,0,,jitter,,,True,3,0,26.2,289,5,3,False,0,0,0,heuristic,1008,3
research_summary__tier4_main_effect_replicate__llama3.1_8b__main_jitter_j020__run3__55e8b116.json,55e8b116,research_summary,3,tier4_main_effect_replicate__llama3.1_8b,main_jitter_j020,main_effect,50,0,20,0,,jitter,,,True,3,0,27.9,300,4,3,False,0,0,0,heuristic,1020,3
research_summary__tier4_main_effect_replicate__llama3.1_8b__main_jitter_j020__run4__7cec756a.json,7cec756a,research_summary,4,tier4_main_effect_replicate__llama3.1_8b,main_jitter_j020,main_effect,50,0,20,0,,jitter,,,True,3,0,33.04,358,5,3,False,0,0,0,heuristic,1147,3
research_summary__tier4_main_effect_replicate__llama3.1_8b__main_jitter_j020__run5__7b2df9be.json,7b2df9be,research_summary,5,tier4_main_effect_replicate__llama3.1_8b,main_jitter_j020,main_effect,50,0,20,0,,jitter,,,True,3,0,30.19,295,5,3,False,0,0,0,heuristic,923,3
research_summary__tier4_main_effect_replicate__llama3.1_8b__main_jitter_j025__run1__275cfb4f.json,275cfb4f,research_summary,1,tier4_main_effect_replicate__llama3.1_8b,main_jitter_j025,main_effect,50,0,25,0,,jitter,,,True,3,0,23.2,249,4,2,False,0,0,0,heuristic,737,3
research_summary__tier4_main_effect_replicate__llama3.1_8b__main_jitter_j025__run2__5e68dad8.json,5e68dad8,research_summary,2,tier4_main_effect_replicate__llama3.1_8b,main_jitter_j025,main_effect,50,0,25,0,,jitter,,,True,3,0,28.94,318,5,3,False,0,0,0,heuristic,1126,3
research_summary__tier4_main_effect_replicate__llama3.1_8b__main_jitter_j025__run3__e6a5bd51.json,e6a5bd51,research_summary,3,tier4_main_effect_replicate__llama3.1_8b,main_jitter_j025,main_effect,50,0,25,0,,jitter,,,True,3,0,26.03,276,4,3,False,0,0,0,heuristic,959,3
research_summary__tier4_main_effect_replicate__llama3.1_8b__main_jitter_j025__run4__32197848.json,32197848,research_summary,4,tier4_main_effect_replicate__llama3.1_8b,main_jitter_j025,main_effect,50,0,25,0,,jitter,,,True,3,0,24.43,249,5,3,False,0,0,0,heuristic,695,3
research_summary__tier4_main_effect_replicate__llama3.1_8b__main_jitter_j025__run5__3e51bd82.json,3e51bd82,research_summary,5,tier4_main_effect_replicate__llama3.1_8b,main_jitter_j025,main_effect,50,0,25,0,,jitter,,,True,3,0,23.62,242,5,3,False,0,0,0,heuristic,823,3
research_summary__tier4_main_effect_replicate__llama3.1_8b__main_jitter_j030__run1__23713159.json,23713159,research_summary,1,tier4_main_effect_replicate__llama3.1_8b,main_jitter_j030,main_effect,50,0,30,0,,jitter,,,True,3,0,24.24,266,4,2,False,0,0,0,heuristic,781,3
research_summary__tier4_main_effect_replicate__llama3.1_8b__main_jitter_j030__run2__c2a8924b.json,c2a8924b,research_summary,2,tier4_main_effect_replicate__llama3.1_8b,main_jitter_j030,main_effect,50,0,30,0,,jitter,,,True,3,0,24.33,257,4,3,False,0,0,0,heuristic,883,3
research_summary__tier4_main_effect_replicate__llama3.1_8b__main_jitter_j030__run3__22cd3994.json,22cd3994,research_summary,3,tier4_main_effect_replicate__llama3.1_8b,main_jitter_j030,main_effect,50,0,30,0,,jitter,,,True,3,0,26.59,269,4,3,False,0,0,0,heuristic,931,3
research_summary__tier4_main_effect_replicate__llama3.1_8b__main_jitter_j030__run4__b5efb2ae.json,b5efb2ae,research_summary,4,tier4_main_effect_replicate__llama3.1_8b,main_jitter_j030,main_effect,50,0,30,0,,jitter,,,True,3,0,23.35,250,4,2,False,0,0,0,heuristic,854,3
research_summary__tier4_main_effect_replicate__llama3.1_8b__main_jitter_j030__run5__e844b0d7.json,e844b0d7,research_summary,5,tier4_main_effect_replicate__llama3.1_8b,main_jitter_j030,main_effect,50,0,30,0,,jitter,,,True,3,0,28.88,311,5,3,False,0,0,0,heuristic,951,3
research_summary__tier4_main_effect_replicate__llama3.1_8b__main_jitter_j050__run1__e59d992b.json,e59d992b,research_summary,1,tier4_main_effect_replicate__llama3.1_8b,main_jitter_j050,main_effect,50,0,50,0,,jitter,,,True,3,0,16.81,195,5,2,False,0,0,0,heuristic,497,3
research_summary__tier4_main_effect_replicate__llama3.1_8b__main_jitter_j050__run2__c894218a.json,c894218a,research_summary,2,tier4_main_effect_replicate__llama3.1_8b,main_jitter_j050,main_effect,50,0,50,0,,jitter,,,True,3,0,19.12,207,5,2,False,0,0,0,heuristic,555,3
research_summary__tier4_main_effect_replicate__llama3.1_8b__main_jitter_j050__run3__47b047c1.json,47b047c1,research_summary,3,tier4_main_effect_replicate__llama3.1_8b,main_jitter_j050,main_effect,50,0,50,0,,jitter,,,True,3,0,42.52,451,5,3,False,0,0,0,heuristic,1402,3
research_summary__tier4_main_effect_replicate__llama3.1_8b__main_jitter_j050__run4__3cc147be.json,3cc147be,research_summary,4,tier4_main_effect_replicate__llama3.1_8b,main_jitter_j050,main_effect,50,0,50,0,,jitter,,,True,3,0,25.09,271,5,3,False,0,0,0,heuristic,782,3
research_summary__tier4_main_effect_replicate__llama3.1_8b__main_jitter_j050__run5__990709e6.json,990709e6,research_summary,5,tier4_main_effect_replicate__llama3.1_8b,main_jitter_j050,main_effect,50,0,50,0,,jitter,,,True,3,0,21.18,217,5,2,False,0,0,0,heuristic,642,3
research_summary__tier4_main_effect_replicate__llama3.1_8b__main_jitter_j075__run1__c92b311c.json,c92b311c,research_summary,1,tier4_main_effect_replicate__llama3.1_8b,main_jitter_j075,main_effect,50,0,75,0,,jitter,,,True,3,0,22.19,245,4,3,False,0,0,0,heuristic,790,3
research_summary__tier4_main_effect_replicate__llama3.1_8b__main_jitter_j075__run2__5664c3b3.json,5664c3b3,research_summary,2,tier4_main_effect_replicate__llama3.1_8b,main_jitter_j075,main_effect,50,0,75,0,,jitter,,,True,3,0,20.23,236,4,3,False,0,0,0,heuristic,650,3
research_summary__tier4_main_effect_replicate__llama3.1_8b__main_jitter_j075__run3__3893718a.json,3893718a,research_summary,3,tier4_main_effect_replicate__llama3.1_8b,main_jitter_j075,main_effect,50,0,75,0,,jitter,,,True,3,0,21.04,220,5,2,False,0,0,0,heuristic,667,3
research_summary__tier4_main_effect_replicate__llama3.1_8b__main_jitter_j075__run4__f8c5d07a.json,f8c5d07a,research_summary,4,tier4_main_effect_replicate__llama3.1_8b,main_jitter_j075,main_effect,50,0,75,0,,jitter,,,True,3,0,20.81,229,5,4,True,0,0,0,heuristic,664,3
research_summary__tier4_main_effect_replicate__llama3.1_8b__main_jitter_j075__run5__e2bd5f91.json,e2bd5f91,research_summary,5,tier4_main_effect_replicate__llama3.1_8b,main_jitter_j075,main_effect,50,0,75,0,,jitter,,,True,3,0,19.87,218,5,3,False,0,0,0,heuristic,727,3
research_summary__tier4_main_effect_replicate__llama3.1_8b__main_loss_loss0__run1__31a951c4.json,31a951c4,research_summary,1,tier4_main_effect_replicate__llama3.1_8b,main_loss_loss0,main_effect,0,0,0,0,,loss,,,True,3,0,25.32,228,5,2,False,0,0,0,heuristic,767,3
research_summary__tier4_main_effect_replicate__llama3.1_8b__main_loss_loss0__run2__249a506d.json,249a506d,research_summary,2,tier4_main_effect_replicate__llama3.1_8b,main_loss_loss0,main_effect,0,0,0,0,,loss,,,True,3,0,19.96,239,5,3,False,0,0,0,heuristic,660,3
research_summary__tier4_main_effect_replicate__llama3.1_8b__main_loss_loss0__run3__2e2f89e3.json,2e2f89e3,research_summary,3,tier4_main_effect_replicate__llama3.1_8b,main_loss_loss0,main_effect,0,0,0,0,,loss,,,True,3,0,25.58,278,4,4,True,0,0,0,heuristic,833,3
research_summary__tier4_main_effect_replicate__llama3.1_8b__main_loss_loss0__run4__a615f1d4.json,a615f1d4,research_summary,4,tier4_main_effect_replicate__llama3.1_8b,main_loss_loss0,main_effect,0,0,0,0,,loss,,,True,3,0,33.94,370,5,2,False,0,0,0,heuristic,1187,3
research_summary__tier4_main_effect_replicate__llama3.1_8b__main_loss_loss0__run5__780073eb.json,780073eb,research_summary,5,tier4_main_effect_replicate__llama3.1_8b,main_loss_loss0,main_effect,0,0,0,0,,loss,,,True,3,0,29.12,304,5,3,False,0,0,0,heuristic,929,3
research_summary__tier4_main_effect_replicate__llama3.1_8b__main_loss_loss10__run1__0631b7ee.json,0631b7ee,research_summary,1,tier4_main_effect_replicate__llama3.1_8b,main_loss_loss10,main_effect,0,0,0,10,,loss,,,True,3,0,22.46,234,5,3,False,0,0,0,heuristic,645,3
research_summary__tier4_main_effect_replicate__llama3.1_8b__main_loss_loss10__run2__4d5d5f36.json,4d5d5f36,research_summary,2,tier4_main_effect_replicate__llama3.1_8b,main_loss_loss10,main_effect,0,0,0,10,,loss,,,True,3,0,27.93,272,5,2,False,0,0,0,heuristic,942,3
research_summary__tier4_main_effect_replicate__llama3.1_8b__main_loss_loss10__run3__aacb2992.json,aacb2992,research_summary,3,tier4_main_effect_replicate__llama3.1_8b,main_loss_loss10,main_effect,0,0,0,10,,loss,,,True,3,0,21.79,233,5,3,False,0,0,0,heuristic,695,3
research_summary__tier4_main_effect_replicate__llama3.1_8b__main_loss_loss10__run4__5f316028.json,5f316028,research_summary,4,tier4_main_effect_replicate__llama3.1_8b,main_loss_loss10,main_effect,0,0,0,10,,loss,,,True,3,0,19.97,209,5,2,False,0,0,0,heuristic,688,3
research_summary__tier4_main_effect_replicate__llama3.1_8b__main_loss_loss10__run5__86ebb19d.json,86ebb19d,research_summary,5,tier4_main_effect_replicate__llama3.1_8b,main_loss_loss10,main_effect,0,0,0,10,,loss,,,True,3,0,31.01,322,5,3,False,0,0,0,heuristic,992,3
research_summary__tier4_main_effect_replicate__llama3.1_8b__main_loss_loss15__run1__479b8c8f.json,479b8c8f,research_summary,1,tier4_main_effect_replicate__llama3.1_8b,main_loss_loss15,main_effect,0,0,0,15,,loss,,,True,3,0,25.91,250,5,3,False,0,0,0,heuristic,853,3
research_summary__tier4_main_effect_replicate__llama3.1_8b__main_loss_loss15__run2__4340bf50.json,4340bf50,research_summary,2,tier4_main_effect_replicate__llama3.1_8b,main_loss_loss15,main_effect,0,0,0,15,,loss,,,True,3,0,38.84,309,5,2,False,0,0,0,heuristic,997,3
research_summary__tier4_main_effect_replicate__llama3.1_8b__main_loss_loss15__run3__bf900852.json,bf900852,research_summary,3,tier4_main_effect_replicate__llama3.1_8b,main_loss_loss15,main_effect,0,0,0,15,,loss,,,True,3,0,67.92,700,4,2,False,0,0,0,heuristic,2267,3
research_summary__tier4_main_effect_replicate__llama3.1_8b__main_loss_loss15__run4__f358a56b.json,f358a56b,research_summary,4,tier4_main_effect_replicate__llama3.1_8b,main_loss_loss15,main_effect,0,0,0,15,,loss,,,True,3,0,22.71,242,5,2,False,0,0,0,heuristic,822,3
research_summary__tier4_main_effect_replicate__llama3.1_8b__main_loss_loss15__run5__bd0f708f.json,bd0f708f,research_summary,5,tier4_main_effect_replicate__llama3.1_8b,main_loss_loss15,main_effect,0,0,0,15,,loss,,,True,3,0,29.01,298,5,2,False,0,0,0,heuristic,945,3
research_summary__tier4_main_effect_replicate__llama3.1_8b__main_loss_loss1__run1__f12450be.json,f12450be,research_summary,1,tier4_main_effect_replicate__llama3.1_8b,main_loss_loss1,main_effect,0,0,0,1,,loss,,,True,3,0,44.97,344,4,4,True,0,0,0,heuristic,1012,3
research_summary__tier4_main_effect_replicate__llama3.1_8b__main_loss_loss1__run2__be1feda5.json,be1feda5,research_summary,2,tier4_main_effect_replicate__llama3.1_8b,main_loss_loss1,main_effect,0,0,0,1,,loss,,,True,3,0,31.28,328,5,3,False,0,0,0,heuristic,964,3
research_summary__tier4_main_effect_replicate__llama3.1_8b__main_loss_loss1__run3__f082ecd0.json,f082ecd0,research_summary,3,tier4_main_effect_replicate__llama3.1_8b,main_loss_loss1,main_effect,0,0,0,1,,loss,,,True,3,0,47.27,517,5,2,False,0,0,0,heuristic,1866,3
research_summary__tier4_main_effect_replicate__llama3.1_8b__main_loss_loss1__run4__d38db69c.json,d38db69c,research_summary,4,tier4_main_effect_replicate__llama3.1_8b,main_loss_loss1,main_effect,0,0,0,1,,loss,,,True,3,0,28.44,292,5,3,False,0,0,0,heuristic,1023,3
research_summary__tier4_main_effect_replicate__llama3.1_8b__main_loss_loss1__run5__e20d2a49.json,e20d2a49,research_summary,5,tier4_main_effect_replicate__llama3.1_8b,main_loss_loss1,main_effect,0,0,0,1,,loss,,,True,3,0,46.68,456,5,3,False,0,0,0,heuristic,1676,3
research_summary__tier4_main_effect_replicate__llama3.1_8b__main_loss_loss20__run1__be2cead2.json,be2cead2,research_summary,1,tier4_main_effect_replicate__llama3.1_8b,main_loss_loss20,main_effect,0,0,0,20,,loss,,,True,3,0,35.74,333,5,3,False,0,0,0,heuristic,1130,3
research_summary__tier4_main_effect_replicate__llama3.1_8b__main_loss_loss20__run2__204e864b.json,204e864b,research_summary,2,tier4_main_effect_replicate__llama3.1_8b,main_loss_loss20,main_effect,0,0,0,20,,loss,,,True,3,0,26.4,302,5,3,False,0,0,0,heuristic,973,3
research_summary__tier4_main_effect_replicate__llama3.1_8b__main_loss_loss20__run3__b72d10a2.json,b72d10a2,research_summary,3,tier4_main_effect_replicate__llama3.1_8b,main_loss_loss20,main_effect,0,0,0,20,,loss,,,True,3,0,31.65,333,4,2,False,0,0,0,heuristic,960,3
research_summary__tier4_main_effect_replicate__llama3.1_8b__main_loss_loss20__run4__e00280aa.json,e00280aa,research_summary,4,tier4_main_effect_replicate__llama3.1_8b,main_loss_loss20,main_effect,0,0,0,20,,loss,,,True,3,0,29.05,318,4,3,False,0,0,0,heuristic,973,3
research_summary__tier4_main_effect_replicate__llama3.1_8b__main_loss_loss20__run5__2ea913fe.json,2ea913fe,research_summary,5,tier4_main_effect_replicate__llama3.1_8b,main_loss_loss20,main_effect,0,0,0,20,,loss,,,True,3,0,24.96,234,5,2,False,0,0,0,heuristic,726,3
research_summary__tier4_main_effect_replicate__llama3.1_8b__main_loss_loss25__run1__447043bb.json,447043bb,research_summary,1,tier4_main_effect_replicate__llama3.1_8b,main_loss_loss25,main_effect,0,0,0,25,,loss,,,True,3,0,35.73,338,5,3,False,0,0,0,heuristic,1113,3
research_summary__tier4_main_effect_replicate__llama3.1_8b__main_loss_loss25__run2__89a5047d.json,89a5047d,research_summary,2,tier4_main_effect_replicate__llama3.1_8b,main_loss_loss25,main_effect,0,0,0,25,,loss,,,True,3,0,46.37,270,5,4,True,0,0,0,heuristic,934,3
research_summary__tier4_main_effect_replicate__llama3.1_8b__main_loss_loss25__run3__44dfa5ee.json,44dfa5ee,research_summary,3,tier4_main_effect_replicate__llama3.1_8b,main_loss_loss25,main_effect,0,0,0,25,,loss,,,True,3,0,25.11,264,5,2,False,0,0,0,heuristic,811,3
research_summary__tier4_main_effect_replicate__llama3.1_8b__main_loss_loss25__run4__70b25eef.json,70b25eef,research_summary,4,tier4_main_effect_replicate__llama3.1_8b,main_loss_loss25,main_effect,0,0,0,25,,loss,,,True,3,0,28.45,294,5,3,False,0,0,0,heuristic,950,3
research_summary__tier4_main_effect_replicate__llama3.1_8b__main_loss_loss25__run5__cc5327d6.json,cc5327d6,research_summary,5,tier4_main_effect_replicate__llama3.1_8b,main_loss_loss25,main_effect,0,0,0,25,,loss,,,True,3,0,27.83,303,4,2,False,0,0,0,heuristic,928,3
research_summary__tier4_main_effect_replicate__llama3.1_8b__main_loss_loss30__run1__5e995dfa.json,5e995dfa,research_summary,1,tier4_main_effect_replicate__llama3.1_8b,main_loss_loss30,main_effect,0,0,0,30,,loss,,,True,3,0,41.07,352,4,3,False,0,0,0,heuristic,1106,3
research_summary__tier4_main_effect_replicate__llama3.1_8b__main_loss_loss30__run2__624e9591.json,624e9591,research_summary,2,tier4_main_effect_replicate__llama3.1_8b,main_loss_loss30,main_effect,0,0,0,30,,loss,,,True,3,0,41.73,203,5,3,False,0,0,0,heuristic,615,3
research_summary__tier4_main_effect_replicate__llama3.1_8b__main_loss_loss30__run3__545cd4be.json,545cd4be,research_summary,3,tier4_main_effect_replicate__llama3.1_8b,main_loss_loss30,main_effect,0,0,0,30,,loss,,,True,3,0,28.91,312,5,3,False,0,0,0,heuristic,1102,3
research_summary__tier4_main_effect_replicate__llama3.1_8b__main_loss_loss30__run4__65c58ec3.json,65c58ec3,research_summary,4,tier4_main_effect_replicate__llama3.1_8b,main_loss_loss30,main_effect,0,0,0,30,,loss,,,True,3,0,38.35,419,5,2,False,0,0,0,heuristic,1383,3
research_summary__tier4_main_effect_replicate__llama3.1_8b__main_loss_loss30__run5__2cf33210.json,2cf33210,research_summary,5,tier4_main_effect_replicate__llama3.1_8b,main_loss_loss30,main_effect,0,0,0,30,,loss,,,True,3,0,23.7,234,4,2,False,0,0,0,heuristic,788,3
research_summary__tier4_main_effect_replicate__llama3.1_8b__main_loss_loss40__run1__8a1ac483.json,8a1ac483,research_summary,1,tier4_main_effect_replicate__llama3.1_8b,main_loss_loss40,main_effect,0,0,0,40,,loss,,,True,3,0,45.7,470,5,3,False,0,0,0,heuristic,1654,3
research_summary__tier4_main_effect_replicate__llama3.1_8b__main_loss_loss40__run2__2659f7b2.json,2659f7b2,research_summary,2,tier4_main_effect_replicate__llama3.1_8b,main_loss_loss40,main_effect,0,0,0,40,,loss,,,True,3,0,26.76,269,4,2,False,0,0,0,heuristic,841,3
research_summary__tier4_main_effect_replicate__llama3.1_8b__main_loss_loss40__run3__6ec4cb07.json,6ec4cb07,research_summary,3,tier4_main_effect_replicate__llama3.1_8b,main_loss_loss40,main_effect,0,0,0,40,,loss,,,True,3,0,29.28,272,5,3,False,0,0,0,heuristic,843,3
research_summary__tier4_main_effect_replicate__llama3.1_8b__main_loss_loss40__run4__030f078a.json,030f078a,research_summary,4,tier4_main_effect_replicate__llama3.1_8b,main_loss_loss40,main_effect,0,0,0,40,,loss,,,True,3,0,58.4,582,5,3,False,0,0,0,heuristic,2102,3
research_summary__tier4_main_effect_replicate__llama3.1_8b__main_loss_loss40__run5__941fc6e8.json,941fc6e8,research_summary,5,tier4_main_effect_replicate__llama3.1_8b,main_loss_loss40,main_effect,0,0,0,40,,loss,,,True,3,0,31.16,355,5,4,True,0,0,0,heuristic,1275,3
research_summary__tier4_main_effect_replicate__llama3.1_8b__main_loss_loss50__run1__e85bd16f.json,e85bd16f,research_summary,1,tier4_main_effect_replicate__llama3.1_8b,main_loss_loss50,main_effect,0,0,0,50,,loss,,,True,3,0,70.76,234,5,2,False,0,0,0,heuristic,789,3
research_summary__tier4_main_effect_replicate__llama3.1_8b__main_loss_loss50__run2__e4b4b402.json,e4b4b402,research_summary,2,tier4_main_effect_replicate__llama3.1_8b,main_loss_loss50,main_effect,0,0,0,50,,loss,,,True,3,0,54.76,220,5,3,False,0,0,0,heuristic,632,3
research_summary__tier4_main_effect_replicate__llama3.1_8b__main_loss_loss50__run3__bd9c41cf.json,bd9c41cf,research_summary,3,tier4_main_effect_replicate__llama3.1_8b,main_loss_loss50,main_effect,0,0,0,50,,loss,,,True,3,0,51.52,253,5,3,False,0,0,0,heuristic,866,3
research_summary__tier4_main_effect_replicate__llama3.1_8b__main_loss_loss50__run4__b67ee022.json,b67ee022,research_summary,4,tier4_main_effect_replicate__llama3.1_8b,main_loss_loss50,main_effect,0,0,0,50,,loss,,,True,3,0,146.09,292,5,3,False,0,0,0,heuristic,909,3
research_summary__tier4_main_effect_replicate__llama3.1_8b__main_loss_loss50__run5__51ae0364.json,51ae0364,research_summary,5,tier4_main_effect_replicate__llama3.1_8b,main_loss_loss50,main_effect,0,0,0,50,,loss,,,True,3,0,55.15,508,4,3,False,0,0,0,heuristic,1753,3
research_summary__tier4_main_effect_replicate__llama3.1_8b__main_loss_loss5__run1__48d9b82a.json,48d9b82a,research_summary,1,tier4_main_effect_replicate__llama3.1_8b,main_loss_loss5,main_effect,0,0,0,5,,loss,,,True,3,0,26.21,209,5,2,False,0,0,0,heuristic,609,3
research_summary__tier4_main_effect_replicate__llama3.1_8b__main_loss_loss5__run2__54738abe.json,54738abe,research_summary,2,tier4_main_effect_replicate__llama3.1_8b,main_loss_loss5,main_effect,0,0,0,5,,loss,,,True,3,0,25.24,240,5,2,False,0,0,0,heuristic,812,3
research_summary__tier4_main_effect_replicate__llama3.1_8b__main_loss_loss5__run3__8b054802.json,8b054802,research_summary,3,tier4_main_effect_replicate__llama3.1_8b,main_loss_loss5,main_effect,0,0,0,5,,loss,,,True,3,0,26.03,286,5,2,False,0,0,0,heuristic,838,3
research_summary__tier4_main_effect_replicate__llama3.1_8b__main_loss_loss5__run4__49a081ff.json,49a081ff,research_summary,4,tier4_main_effect_replicate__llama3.1_8b,main_loss_loss5,main_effect,0,0,0,5,,loss,,,True,3,0,30.14,313,5,2,False,0,0,0,heuristic,944,3
research_summary__tier4_main_effect_replicate__llama3.1_8b__main_loss_loss5__run5__991620c9.json,991620c9,research_summary,5,tier4_main_effect_replicate__llama3.1_8b,main_loss_loss5,main_effect,0,0,0,5,,loss,,,True,3,0,31.51,334,4,2,False,0,0,0,heuristic,1012,3
research_summary__tier4_main_effect_replicate__llama3.1_8b__main_loss_loss75__run1__fbc1b62c.json,fbc1b62c,research_summary,1,tier4_main_effect_replicate__llama3.1_8b,main_loss_loss75,main_effect,0,0,0,75,,loss,,,True,3,0,696.29,285,5,4,True,0,1,2,heuristic,757,4
research_summary__tier4_main_effect_replicate__llama3.1_8b__main_loss_loss75__run2__11ac6910.json,11ac6910,research_summary,2,tier4_main_effect_replicate__llama3.1_8b,main_loss_loss75,main_effect,0,0,0,75,,loss,,,True,3,0,550.64,803,5,3,False,0,1,2,heuristic,1765,5
research_summary__tier4_main_effect_replicate__llama3.1_8b__main_loss_loss75__run3__80ccb32d.json,80ccb32d,research_summary,3,tier4_main_effect_replicate__llama3.1_8b,main_loss_loss75,main_effect,0,0,0,75,,loss,,,True,3,0,79.31,246,4,2,False,0,0,0,heuristic,697,3
research_summary__tier4_main_effect_replicate__llama3.1_8b__main_loss_loss75__run4__f924f5e1.json,f924f5e1,research_summary,4,tier4_main_effect_replicate__llama3.1_8b,main_loss_loss75,main_effect,0,0,0,75,,loss,,,True,3,0,80.25,208,5,2,False,0,0,0,heuristic,685,3
research_summary__tier4_main_effect_replicate__llama3.1_8b__main_loss_loss75__run5__d60b52cb.json,d60b52cb,research_summary,5,tier4_main_effect_replicate__llama3.1_8b,main_loss_loss75,main_effect,0,0,0,75,,loss,,,True,3,0,102.84,250,4,4,True,0,0,0,heuristic,742,3
