log_file,run_id,task_name,run_index,phase,scenario_name,scenario_type,delay_ms,requested_delay_ms,jitter_ms,loss_pct,bandwidth_kbit,main_effect_axis,match_id,side,success,rounds,reviewer_rejections,elapsed_seconds,total_tokens,quality_score,ground_truth_score,ground_truth_passed,retry_count,timeout_count,total_error_count,eval_mode,final_answer_length,n_messages
coding_task__r01_m01__sideA__three_day_tournament__factorial_baseline__run1__399566fa.json,399566fa,coding_task,1,three_day_tournament,factorial_baseline,factorial,0,0,0,0,,,r01_m01,A,True,3,0,371.82,252,5,5,True,0,0,0,heuristic,807,3
coding_task__r01_m01__sideB__three_day_tournament__factorial_delay_loss_jitter__run1__096fb16f.json,096fb16f,coding_task,1,three_day_tournament,factorial_delay_loss_jitter,factorial,300,300,30,5,,,r01_m01,B,True,3,0,179.73,264,5,5,True,0,0,0,heuristic,842,3
coding_task__r01_m02__sideA__three_day_tournament__factorial_jitter__run1__0dac4f94.json,0dac4f94,coding_task,1,three_day_tournament,factorial_jitter,factorial,50,0,30,0,,,r01_m02,A,True,3,0,152.21,268,5,5,True,0,0,0,heuristic,875,3
coding_task__r01_m02__sideB__three_day_tournament__factorial_delay_loss__run1__83f9e9a0.json,83f9e9a0,coding_task,1,three_day_tournament,factorial_delay_loss,factorial,300,300,0,5,,,r01_m02,B,True,3,0,139.75,315,5,5,True,0,0,0,heuristic,1066,3
coding_task__r01_m03__sideA__three_day_tournament__factorial_loss__run1__d0c435cf.json,d0c435cf,coding_task,1,three_day_tournament,factorial_loss,factorial,0,0,0,5,,,r01_m03,A,True,3,0,129.7,307,5,5,True,0,0,0,heuristic,1022,3
coding_task__r01_m03__sideB__three_day_tournament__factorial_delay_jitter__run1__46b38717.json,46b38717,coding_task,1,three_day_tournament,factorial_delay_jitter,factorial,300,300,30,0,,,r01_m03,B,True,3,0,147.82,256,5,5,True,0,0,0,heuristic,824,3
coding_task__r01_m04__sideA__three_day_tournament__factorial_loss_jitter__run1__db6dd06b.json,db6dd06b,coding_task,1,three_day_tournament,factorial_loss_jitter,factorial,50,0,30,5,,,r01_m04,A,True,3,0,228.41,277,5,5,True,0,0,0,heuristic,910,3
coding_task__r01_m04__sideB__three_day_tournament__factorial_delay__run1__f3a2e49c.json,f3a2e49c,coding_task,1,three_day_tournament,factorial_delay,factorial,300,300,0,0,,,r01_m04,B,True,3,0,155.03,337,5,5,True,0,0,0,heuristic,1112,3
coding_task__r02_m01__sideA__three_day_tournament__factorial_baseline__run1__c4742933.json,c4742933,coding_task,1,three_day_tournament,factorial_baseline,factorial,0,0,0,0,,,r02_m01,A,True,3,0,234.98,259,5,5,True,0,0,0,heuristic,847,3
coding_task__r02_m01__sideB__three_day_tournament__factorial_delay_loss__run1__41ec511b.json,41ec511b,coding_task,1,three_day_tournament,factorial_delay_loss,factorial,300,300,0,5,,,r02_m01,B,True,3,0,140.84,313,5,5,True,0,0,0,heuristic,999,3
coding_task__r02_m02__sideA__three_day_tournament__factorial_delay_loss_jitter__run1__734cfe8d.json,734cfe8d,coding_task,1,three_day_tournament,factorial_delay_loss_jitter,factorial,300,300,30,5,,,r02_m02,A,True,3,0,110.14,251,5,5,True,0,0,0,heuristic,797,3
coding_task__r02_m02__sideB__three_day_tournament__factorial_delay_jitter__run1__bab65d9b.json,bab65d9b,coding_task,1,three_day_tournament,factorial_delay_jitter,factorial,300,300,30,0,,,r02_m02,B,True,3,0,119.92,235,5,5,True,0,0,0,heuristic,738,3
coding_task__r02_m03__sideA__three_day_tournament__factorial_jitter__run1__cf62bb32.json,cf62bb32,coding_task,1,three_day_tournament,factorial_jitter,factorial,50,0,30,0,,,r02_m03,A,True,3,0,160.87,346,5,5,True,0,0,0,heuristic,1185,3
coding_task__r02_m03__sideB__three_day_tournament__factorial_delay__run1__13fe956b.json,13fe956b,coding_task,1,three_day_tournament,factorial_delay,factorial,300,300,0,0,,,r02_m03,B,True,3,0,477.5,332,5,5,True,0,1,2,heuristic,946,4
coding_task__r02_m04__sideA__three_day_tournament__factorial_loss__run1__3acac5c6.json,3acac5c6,coding_task,1,three_day_tournament,factorial_loss,factorial,0,0,0,5,,,r02_m04,A,True,3,0,267.17,332,5,5,True,0,0,0,heuristic,1125,3
coding_task__r02_m04__sideB__three_day_tournament__factorial_loss_jitter__run1__ad9a70b1.json,ad9a70b1,coding_task,1,three_day_tournament,factorial_loss_jitter,factorial,50,0,30,5,,,r02_m04,B,True,3,0,118.26,301,5,5,True,0,0,0,heuristic,978,3
coding_task__r03_m01__sideA__three_day_tournament__factorial_baseline__run1__ba4d1c21.json,ba4d1c21,coding_task,1,three_day_tournament,factorial_baseline,factorial,0,0,0,0,,,r03_m01,A,True,3,0,147.2,306,5,5,True,0,0,0,heuristic,984,3
coding_task__r03_m01__sideB__three_day_tournament__factorial_delay_jitter__run1__519d47ff.json,519d47ff,coding_task,1,three_day_tournament,factorial_delay_jitter,factorial,300,300,30,0,,,r03_m01,B,True,3,0,193.58,282,5,5,True,0,0,0,heuristic,921,3
coding_task__r03_m02__sideA__three_day_tournament__factorial_delay_loss__run1__01af29d2.json,01af29d2,coding_task,1,three_day_tournament,factorial_delay_loss,factorial,300,300,0,5,,,r03_m02,A,True,3,0,101.9,251,5,5,True,0,0,0,heuristic,794,3
coding_task__r03_m02__sideB__three_day_tournament__factorial_delay__run1__61434ae7.json,61434ae7,coding_task,1,three_day_tournament,factorial_delay,factorial,300,300,0,0,,,r03_m02,B,True,3,0,117.2,306,5,5,True,0,0,0,heuristic,999,3
coding_task__r03_m03__sideA__three_day_tournament__factorial_delay_loss_jitter__run1__c53d9060.json,c53d9060,coding_task,1,three_day_tournament,factorial_delay_loss_jitter,factorial,300,300,30,5,,,r03_m03,A,True,3,0,143.7,281,5,5,True,0,0,0,heuristic,884,3
coding_task__r03_m03__sideB__three_day_tournament__factorial_loss_jitter__run1__9eb3c02a.json,9eb3c02a,coding_task,1,three_day_tournament,factorial_loss_jitter,factorial,50,0,30,5,,,r03_m03,B,True,3,0,168.65,248,5,5,True,0,0,0,heuristic,780,3
coding_task__r03_m04__sideA__three_day_tournament__factorial_jitter__run1__39780460.json,39780460,coding_task,1,three_day_tournament,factorial_jitter,factorial,50,0,30,0,,,r03_m04,A,True,3,0,410.11,360,5,5,True,0,0,0,heuristic,1214,3
coding_task__r03_m04__sideB__three_day_tournament__factorial_loss__run1__2d8a7736.json,2d8a7736,coding_task,1,three_day_tournament,factorial_loss,factorial,0,0,0,5,,,r03_m04,B,True,3,0,419.3,303,5,5,True,0,0,0,heuristic,1011,3
coding_task__r04_m01__sideA__three_day_tournament__factorial_baseline__run1__8640961a.json,8640961a,coding_task,1,three_day_tournament,factorial_baseline,factorial,0,0,0,0,,,r04_m01,A,True,3,0,146.6,321,5,5,True,0,0,0,heuristic,1090,3
coding_task__r04_m01__sideB__three_day_tournament__factorial_delay__run1__a7034e73.json,a7034e73,coding_task,1,three_day_tournament,factorial_delay,factorial,300,300,0,0,,,r04_m01,B,True,3,0,119.52,215,5,5,True,0,0,0,heuristic,658,3
coding_task__r04_m02__sideA__three_day_tournament__factorial_delay_jitter__run1__7507c9a3.json,7507c9a3,coding_task,1,three_day_tournament,factorial_delay_jitter,factorial,300,300,30,0,,,r04_m02,A,True,3,0,282.93,313,5,5,True,0,0,0,heuristic,1018,3
coding_task__r04_m02__sideB__three_day_tournament__factorial_loss_jitter__run1__0e000abe.json,0e000abe,coding_task,1,three_day_tournament,factorial_loss_jitter,factorial,50,0,30,5,,,r04_m02,B,True,3,0,398.05,345,5,5,True,0,0,0,heuristic,1183,3
coding_task__r04_m03__sideA__three_day_tournament__factorial_delay_loss__run1__1bfd3006.json,1bfd3006,coding_task,1,three_day_tournament,factorial_delay_loss,factorial,300,300,0,5,,,r04_m03,A,True,3,0,137.93,240,5,5,True,0,0,0,heuristic,763,3
coding_task__r04_m03__sideB__three_day_tournament__factorial_loss__run1__85cb20f4.json,85cb20f4,coding_task,1,three_day_tournament,factorial_loss,factorial,0,0,0,5,,,r04_m03,B,True,3,0,272.0,315,5,5,True,0,0,0,heuristic,1059,3
coding_task__r04_m04__sideA__three_day_tournament__factorial_delay_loss_jitter__run1__6e32bfaf.json,6e32bfaf,coding_task,1,three_day_tournament,factorial_delay_loss_jitter,factorial,300,300,30,5,,,r04_m04,A,True,3,0,274.07,273,5,5,True,0,0,0,heuristic,899,3
coding_task__r04_m04__sideB__three_day_tournament__factorial_jitter__run1__dd0a8acd.json,dd0a8acd,coding_task,1,three_day_tournament,factorial_jitter,factorial,50,0,30,0,,,r04_m04,B,True,3,0,267.74,286,5,5,True,0,0,0,heuristic,929,3
coding_task__r05_m01__sideA__three_day_tournament__factorial_baseline__run1__3bfe1fd6.json,3bfe1fd6,coding_task,1,three_day_tournament,factorial_baseline,factorial,0,0,0,0,,,r05_m01,A,True,3,0,91.25,305,5,5,True,0,0,0,heuristic,992,3
coding_task__r05_m01__sideB__three_day_tournament__factorial_loss_jitter__run1__6e2a5d66.json,6e2a5d66,coding_task,1,three_day_tournament,factorial_loss_jitter,factorial,50,0,30,5,,,r05_m01,B,True,3,0,95.1,247,5,5,True,0,0,0,heuristic,783,3
coding_task__r05_m02__sideA__three_day_tournament__factorial_delay__run1__8ddb9e1c.json,8ddb9e1c,coding_task,1,three_day_tournament,factorial_delay,factorial,300,300,0,0,,,r05_m02,A,True,3,0,168.73,362,5,5,True,0,0,0,heuristic,1215,3
coding_task__r05_m02__sideB__three_day_tournament__factorial_loss__run1__cec9f73c.json,cec9f73c,coding_task,1,three_day_tournament,factorial_loss,factorial,0,0,0,5,,,r05_m02,B,True,3,0,110.21,288,5,5,True,0,0,0,heuristic,949,3
coding_task__r05_m03__sideA__three_day_tournament__factorial_delay_jitter__run1__886e653e.json,886e653e,coding_task,1,three_day_tournament,factorial_delay_jitter,factorial,300,300,30,0,,,r05_m03,A,True,3,0,127.04,252,5,5,True,0,0,0,heuristic,782,3
coding_task__r05_m03__sideB__three_day_tournament__factorial_jitter__run1__1375f65c.json,1375f65c,coding_task,1,three_day_tournament,factorial_jitter,factorial,50,0,30,0,,,r05_m03,B,True,3,0,128.65,253,5,5,True,0,0,0,heuristic,818,3
coding_task__r05_m04__sideA__three_day_tournament__factorial_delay_loss__run1__7bc3ab45.json,7bc3ab45,coding_task,1,three_day_tournament,factorial_delay_loss,factorial,300,300,0,5,,,r05_m04,A,True,3,0,251.59,355,5,5,True,0,0,0,heuristic,1199,3
coding_task__r05_m04__sideB__three_day_tournament__factorial_delay_loss_jitter__run1__ec36f92e.json,ec36f92e,coding_task,1,three_day_tournament,factorial_delay_loss_jitter,factorial,300,300,30,5,,,r05_m04,B,True,3,0,117.75,317,5,5,True,0,0,0,heuristic,1023,3
coding_task__r06_m01__sideA__three_day_tournament__factorial_baseline__run1__5a57416d.json,5a57416d,coding_task,1,three_day_tournament,factorial_baseline,factorial,0,0,0,0,,,r06_m01,A,True,3,0,109.14,276,5,5,True,0,0,0,heuristic,898,3
coding_task__r06_m01__sideB__three_day_tournament__factorial_loss__run1__32095f54.json,32095f54,coding_task,1,three_day_tournament,factorial_loss,factorial,0,0,0,5,,,r06_m01,B,True,3,0,116.59,290,5,5,True,0,0,0,heuristic,962,3
coding_task__r06_m02__sideA__three_day_tournament__factorial_loss_jitter__run1__32fd86b0.json,32fd86b0,coding_task,1,three_day_tournament,factorial_loss_jitter,factorial,50,0,30,5,,,r06_m02,A,True,3,0,115.88,338,5,5,True,0,0,0,heuristic,1155,3
coding_task__r06_m02__sideB__three_day_tournament__factorial_jitter__run1__787864c4.json,787864c4,coding_task,1,three_day_tournament,factorial_jitter,factorial,50,0,30,0,,,r06_m02,B,True,3,0,276.56,336,5,5,True,0,0,0,heuristic,1141,3
coding_task__r06_m03__sideA__three_day_tournament__factorial_delay__run1__23e80ce9.json,23e80ce9,coding_task,1,three_day_tournament,factorial_delay,factorial,300,300,0,0,,,r06_m03,A,True,3,0,98.61,251,5,5,True,0,0,0,heuristic,803,3
coding_task__r06_m03__sideB__three_day_tournament__factorial_delay_loss_jitter__run1__931b8a27.json,931b8a27,coding_task,1,three_day_tournament,factorial_delay_loss_jitter,factorial,300,300,30,5,,,r06_m03,B,True,3,0,149.78,313,5,5,True,0,0,0,heuristic,1027,3
coding_task__r06_m04__sideA__three_day_tournament__factorial_delay_jitter__run1__87b648c7.json,87b648c7,coding_task,1,three_day_tournament,factorial_delay_jitter,factorial,300,300,30,0,,,r06_m04,A,True,3,0,135.87,323,5,5,True,0,0,0,heuristic,1095,3
coding_task__r06_m04__sideB__three_day_tournament__factorial_delay_loss__run1__3c5e3850.json,3c5e3850,coding_task,1,three_day_tournament,factorial_delay_loss,factorial,300,300,0,5,,,r06_m04,B,True,3,0,124.65,313,5,5,True,0,0,0,heuristic,1054,3
coding_task__r07_m01__sideA__three_day_tournament__factorial_baseline__run1__42c03eea.json,42c03eea,coding_task,1,three_day_tournament,factorial_baseline,factorial,0,0,0,0,,,r07_m01,A,True,3,0,99.25,303,5,5,True,0,0,0,heuristic,1009,3
coding_task__r07_m01__sideB__three_day_tournament__factorial_jitter__run1__5af98037.json,5af98037,coding_task,1,three_day_tournament,factorial_jitter,factorial,50,0,30,0,,,r07_m01,B,True,3,0,104.17,283,5,5,True,0,0,0,heuristic,939,3
coding_task__r07_m02__sideA__three_day_tournament__factorial_loss__run1__5a56060b.json,5a56060b,coding_task,1,three_day_tournament,factorial_loss,factorial,0,0,0,5,,,r07_m02,A,True,3,0,110.58,324,5,5,True,0,0,0,heuristic,1094,3
coding_task__r07_m02__sideB__three_day_tournament__factorial_delay_loss_jitter__run1__217cbf0e.json,217cbf0e,coding_task,1,three_day_tournament,factorial_delay_loss_jitter,factorial,300,300,30,5,,,r07_m02,B,True,3,0,141.92,271,5,5,True,0,0,0,heuristic,882,3
coding_task__r07_m03__sideA__three_day_tournament__factorial_loss_jitter__run1__0bf0b298.json,0bf0b298,coding_task,1,three_day_tournament,factorial_loss_jitter,factorial,50,0,30,5,,,r07_m03,A,True,3,0,159.62,308,5,5,True,0,0,0,heuristic,959,3
coding_task__r07_m03__sideB__three_day_tournament__factorial_delay_loss__run1__9f1a1a17.json,9f1a1a17,coding_task,1,three_day_tournament,factorial_delay_loss,factorial,300,300,0,5,,,r07_m03,B,True,3,0,100.41,256,5,5,True,0,0,0,heuristic,823,3
coding_task__r07_m04__sideA__three_day_tournament__factorial_delay__run1__54b20a55.json,54b20a55,coding_task,1,three_day_tournament,factorial_delay,factorial,300,300,0,0,,,r07_m04,A,True,3,0,173.08,292,5,4,True,0,0,0,heuristic,966,3
coding_task__r07_m04__sideB__three_day_tournament__factorial_delay_jitter__run1__811294db.json,811294db,coding_task,1,three_day_tournament,factorial_delay_jitter,factorial,300,300,30,0,,,r07_m04,B,True,3,0,107.57,270,5,5,True,0,0,0,heuristic,876,3
coding_task__three_day_baseline_extra__combined_d0000_loss0_j000__run10__76c6fbec.json,76c6fbec,coding_task,10,three_day_baseline_extra,combined_d0000_loss0_j000,combined,0,0,0,0,,,,,True,3,0,140.79,261,5,5,True,0,0,0,heuristic,830,3
coding_task__three_day_baseline_extra__combined_d0000_loss0_j000__run11__305eea4d.json,305eea4d,coding_task,11,three_day_baseline_extra,combined_d0000_loss0_j000,combined,0,0,0,0,,,,,True,3,0,130.87,245,5,4,True,0,0,0,heuristic,762,3
coding_task__three_day_baseline_extra__combined_d0000_loss0_j000__run12__f43604d9.json,f43604d9,coding_task,12,three_day_baseline_extra,combined_d0000_loss0_j000,combined,0,0,0,0,,,,,True,3,0,132.28,302,5,5,True,0,0,0,heuristic,1010,3
coding_task__three_day_baseline_extra__combined_d0000_loss0_j000__run13__9149df7f.json,9149df7f,coding_task,13,three_day_baseline_extra,combined_d0000_loss0_j000,combined,0,0,0,0,,,,,True,3,0,135.39,300,5,5,True,0,0,0,heuristic,975,3
coding_task__three_day_baseline_extra__combined_d0000_loss0_j000__run14__76df29b5.json,76df29b5,coding_task,14,three_day_baseline_extra,combined_d0000_loss0_j000,combined,0,0,0,0,,,,,True,3,0,251.5,316,5,5,True,0,0,0,heuristic,1036,3
coding_task__three_day_baseline_extra__combined_d0000_loss0_j000__run15__8555fe9b.json,8555fe9b,coding_task,15,three_day_baseline_extra,combined_d0000_loss0_j000,combined,0,0,0,0,,,,,True,3,0,130.18,312,5,5,True,0,0,0,heuristic,1021,3
coding_task__three_day_baseline_extra__combined_d0000_loss0_j000__run16__437240ab.json,437240ab,coding_task,16,three_day_baseline_extra,combined_d0000_loss0_j000,combined,0,0,0,0,,,,,True,3,0,126.44,249,5,5,True,0,0,0,heuristic,794,3
coding_task__three_day_baseline_extra__combined_d0000_loss0_j000__run17__72d8cef0.json,72d8cef0,coding_task,17,three_day_baseline_extra,combined_d0000_loss0_j000,combined,0,0,0,0,,,,,True,3,0,172.34,217,5,5,True,0,0,0,heuristic,653,3
coding_task__three_day_baseline_extra__combined_d0000_loss0_j000__run18__87f4d7e2.json,87f4d7e2,coding_task,18,three_day_baseline_extra,combined_d0000_loss0_j000,combined,0,0,0,0,,,,,True,3,0,175.58,267,5,5,True,0,0,0,heuristic,864,3
coding_task__three_day_baseline_extra__combined_d0000_loss0_j000__run19__c534fb54.json,c534fb54,coding_task,19,three_day_baseline_extra,combined_d0000_loss0_j000,combined,0,0,0,0,,,,,True,3,0,107.74,236,5,5,True,0,0,0,heuristic,741,3
coding_task__three_day_baseline_extra__combined_d0000_loss0_j000__run1__fb9266e2.json,fb9266e2,coding_task,1,three_day_baseline_extra,combined_d0000_loss0_j000,combined,0,0,0,0,,,,,True,3,0,112.98,327,5,5,True,0,0,0,heuristic,1106,3
coding_task__three_day_baseline_extra__combined_d0000_loss0_j000__run20__84ce0493.json,84ce0493,coding_task,20,three_day_baseline_extra,combined_d0000_loss0_j000,combined,0,0,0,0,,,,,True,3,0,301.13,245,5,5,True,0,0,0,heuristic,765,3
coding_task__three_day_baseline_extra__combined_d0000_loss0_j000__run2__e0b209e4.json,e0b209e4,coding_task,2,three_day_baseline_extra,combined_d0000_loss0_j000,combined,0,0,0,0,,,,,True,3,0,260.96,360,5,5,True,0,0,0,heuristic,1209,3
coding_task__three_day_baseline_extra__combined_d0000_loss0_j000__run3__f9496ccf.json,f9496ccf,coding_task,3,three_day_baseline_extra,combined_d0000_loss0_j000,combined,0,0,0,0,,,,,True,3,0,185.18,317,5,5,True,0,0,0,heuristic,1076,3
coding_task__three_day_baseline_extra__combined_d0000_loss0_j000__run4__d50ed9d2.json,d50ed9d2,coding_task,4,three_day_baseline_extra,combined_d0000_loss0_j000,combined,0,0,0,0,,,,,True,3,0,267.5,277,5,5,True,0,0,0,heuristic,904,3
coding_task__three_day_baseline_extra__combined_d0000_loss0_j000__run5__a41d6ca7.json,a41d6ca7,coding_task,5,three_day_baseline_extra,combined_d0000_loss0_j000,combined,0,0,0,0,,,,,True,3,0,124.23,249,5,5,True,0,0,0,heuristic,771,3
coding_task__three_day_baseline_extra__combined_d0000_loss0_j000__run6__54ee084e.json,54ee084e,coding_task,6,three_day_baseline_extra,combined_d0000_loss0_j000,combined,0,0,0,0,,,,,True,3,0,125.06,229,5,5,True,0,0,0,heuristic,712,3
coding_task__three_day_baseline_extra__combined_d0000_loss0_j000__run7__6f068448.json,6f068448,coding_task,7,three_day_baseline_extra,combined_d0000_loss0_j000,combined,0,0,0,0,,,,,True,3,0,105.86,224,5,5,True,0,0,0,heuristic,694,3
coding_task__three_day_baseline_extra__combined_d0000_loss0_j000__run8__198d1bd6.json,198d1bd6,coding_task,8,three_day_baseline_extra,combined_d0000_loss0_j000,combined,0,0,0,0,,,,,True,3,0,172.97,325,5,5,True,0,0,0,heuristic,1078,3
coding_task__three_day_baseline_extra__combined_d0000_loss0_j000__run9__f5190e41.json,f5190e41,coding_task,9,three_day_baseline_extra,combined_d0000_loss0_j000,combined,0,0,0,0,,,,,True,3,0,134.09,255,5,5,True,0,0,0,heuristic,807,3
coding_task__three_day_combined_sample__combined_d0000_loss0_j000__run1__e629fc05.json,e629fc05,coding_task,1,three_day_combined_sample,combined_d0000_loss0_j000,combined,0,0,0,0,,,,,True,3,0,143.62,292,5,5,True,0,0,0,heuristic,976,3
coding_task__three_day_combined_sample__combined_d0000_loss0_j001__run1__f0cddb31.json,f0cddb31,coding_task,1,three_day_combined_sample,combined_d0000_loss0_j001,combined,50,0,1,0,,,,,True,3,0,332.41,300,5,5,True,0,0,0,heuristic,985,3
coding_task__three_day_combined_sample__combined_d0000_loss0_j020__run1__90bc87e6.json,90bc87e6,coding_task,1,three_day_combined_sample,combined_d0000_loss0_j020,combined,50,0,20,0,,,,,True,3,0,122.58,314,5,5,True,0,0,0,heuristic,1057,3
coding_task__three_day_combined_sample__combined_d0000_loss0_j075__run1__99d994bd.json,99d994bd,coding_task,1,three_day_combined_sample,combined_d0000_loss0_j075,combined,50,0,75,0,,,,,True,3,0,131.07,312,5,5,True,0,0,0,heuristic,1045,3
coding_task__three_day_combined_sample__combined_d0000_loss10_j020__run1__b7992f18.json,b7992f18,coding_task,1,three_day_combined_sample,combined_d0000_loss10_j020,combined,50,0,20,10,,,,,True,3,0,392.51,317,5,5,True,0,0,0,heuristic,1072,3
coding_task__three_day_combined_sample__combined_d0000_loss20_j000__run1__91eafd05.json,91eafd05,coding_task,1,three_day_combined_sample,combined_d0000_loss20_j000,combined,0,0,0,20,,,,,True,3,0,135.2,295,5,5,True,0,0,0,heuristic,955,3
coding_task__three_day_combined_sample__combined_d0000_loss20_j020__run1__f34f557c.json,f34f557c,coding_task,1,three_day_combined_sample,combined_d0000_loss20_j020,combined,50,0,20,20,,,,,True,3,0,133.33,306,5,5,True,0,0,0,heuristic,1008,3
coding_task__three_day_combined_sample__combined_d0000_loss20_j075__run1__f79fa284.json,f79fa284,coding_task,1,three_day_combined_sample,combined_d0000_loss20_j075,combined,50,0,75,20,,,,,True,3,0,112.01,206,5,5,True,0,0,0,heuristic,623,3
coding_task__three_day_combined_sample__combined_d0000_loss25_j075__run1__9b2689f0.json,9b2689f0,coding_task,1,three_day_combined_sample,combined_d0000_loss25_j075,combined,50,0,75,25,,,,,True,3,0,133.62,215,5,5,True,0,0,0,heuristic,670,3
coding_task__three_day_combined_sample__combined_d0000_loss75_j000__run1__9c1e2766.json,9c1e2766,coding_task,1,three_day_combined_sample,combined_d0000_loss75_j000,combined,0,0,0,75,,,,,True,3,0,170.83,238,5,5,True,0,0,0,heuristic,721,3
coding_task__three_day_combined_sample__combined_d0000_loss75_j005__run1__c88aa7a2.json,c88aa7a2,coding_task,1,three_day_combined_sample,combined_d0000_loss75_j005,combined,50,0,5,75,,,,,True,3,0,482.03,286,5,5,True,0,0,0,heuristic,860,3
coding_task__three_day_combined_sample__combined_d0000_loss75_j020__run1__fa5d421e.json,fa5d421e,coding_task,1,three_day_combined_sample,combined_d0000_loss75_j020,combined,50,0,20,75,,,,,True,3,0,302.56,319,5,5,True,0,0,0,heuristic,1048,3
coding_task__three_day_combined_sample__combined_d0000_loss75_j075__run1__dacbbc10.json,dacbbc10,coding_task,1,three_day_combined_sample,combined_d0000_loss75_j075,combined,50,0,75,75,,,,,False,1,0,499.08,105,,1,False,2,0,5,heuristic,0,3
coding_task__three_day_combined_sample__combined_d0050_loss20_j030__run1__c9f8c810.json,c9f8c810,coding_task,1,three_day_combined_sample,combined_d0050_loss20_j030,combined,50,50,30,20,,,,,True,3,0,118.9,289,5,5,True,0,0,0,heuristic,953,3
coding_task__three_day_combined_sample__combined_d0050_loss40_j075__run1__25864381.json,25864381,coding_task,1,three_day_combined_sample,combined_d0050_loss40_j075,combined,50,50,75,40,,,,,True,3,0,126.45,302,5,5,True,0,0,0,heuristic,1011,3
coding_task__three_day_combined_sample__combined_d0050_loss5_j025__run1__4d7d29a4.json,4d7d29a4,coding_task,1,three_day_combined_sample,combined_d0050_loss5_j025,combined,50,50,25,5,,,,,True,3,0,147.7,289,5,5,True,0,0,0,heuristic,941,3
coding_task__three_day_combined_sample__combined_d0100_loss15_j010__run1__d0596bce.json,d0596bce,coding_task,1,three_day_combined_sample,combined_d0100_loss15_j010,combined,100,100,10,15,,,,,True,3,0,153.26,312,5,5,True,0,0,0,heuristic,1016,3
coding_task__three_day_combined_sample__combined_d0100_loss1_j001__run1__09e55773.json,09e55773,coding_task,1,three_day_combined_sample,combined_d0100_loss1_j001,combined,100,100,1,1,,,,,True,3,0,160.66,269,5,5,True,0,0,0,heuristic,863,3
coding_task__three_day_combined_sample__combined_d0100_loss30_j015__run1__f504cb1a.json,f504cb1a,coding_task,1,three_day_combined_sample,combined_d0100_loss30_j015,combined,100,100,15,30,,,,,True,3,0,118.14,323,5,5,True,0,0,0,heuristic,1062,3
coding_task__three_day_combined_sample__combined_d0100_loss75_j025__run1__a9907e08.json,a9907e08,coding_task,1,three_day_combined_sample,combined_d0100_loss75_j025,combined,100,100,25,75,,,,,True,3,0,233.78,282,5,5,True,0,0,0,heuristic,912,3
coding_task__three_day_combined_sample__combined_d0150_loss20_j075__run1__56776862.json,56776862,coding_task,1,three_day_combined_sample,combined_d0150_loss20_j075,combined,150,150,75,20,,,,,True,3,0,115.34,328,5,5,True,0,0,0,heuristic,1080,3
coding_task__three_day_combined_sample__combined_d0150_loss50_j001__run1__46df7c34.json,46df7c34,coding_task,1,three_day_combined_sample,combined_d0150_loss50_j001,combined,150,150,1,50,,,,,True,3,0,184.08,262,5,5,True,0,0,0,heuristic,851,3
coding_task__three_day_combined_sample__combined_d0150_loss5_j050__run1__3cd6bb5c.json,3cd6bb5c,coding_task,1,three_day_combined_sample,combined_d0150_loss5_j050,combined,150,150,50,5,,,,,True,3,0,121.88,290,5,5,True,0,0,0,heuristic,938,3
coding_task__three_day_combined_sample__combined_d0200_loss15_j015__run1__af056f51.json,af056f51,coding_task,1,three_day_combined_sample,combined_d0200_loss15_j015,combined,200,200,15,15,,,,,True,3,0,232.0,266,5,5,True,0,0,0,heuristic,849,3
coding_task__three_day_combined_sample__combined_d0200_loss1_j010__run1__0eb98b50.json,0eb98b50,coding_task,1,three_day_combined_sample,combined_d0200_loss1_j010,combined,200,200,10,1,,,,,True,3,0,155.46,274,5,5,True,0,0,0,heuristic,876,3
coding_task__three_day_combined_sample__combined_d0200_loss30_j025__run1__de72090a.json,de72090a,coding_task,1,three_day_combined_sample,combined_d0200_loss30_j025,combined,200,200,25,30,,,,,True,3,0,360.02,255,5,5,True,0,0,0,heuristic,820,3
coding_task__three_day_combined_sample__combined_d0200_loss75_j050__run1__25755c63.json,25755c63,coding_task,1,three_day_combined_sample,combined_d0200_loss75_j050,combined,200,200,50,75,,,,,True,3,0,705.57,333,5,5,True,0,1,2,heuristic,993,4
coding_task__three_day_combined_sample__combined_d0250_loss25_j001__run1__463ca574.json,463ca574,coding_task,1,three_day_combined_sample,combined_d0250_loss25_j001,combined,250,250,1,25,,,,,True,3,0,113.19,331,5,5,True,0,0,0,heuristic,1065,3
coding_task__three_day_combined_sample__combined_d0250_loss50_j010__run1__8d2b766f.json,8d2b766f,coding_task,1,three_day_combined_sample,combined_d0250_loss50_j010,combined,250,250,10,50,,,,,True,3,0,107.24,236,5,5,True,0,0,0,heuristic,745,3
coding_task__three_day_combined_sample__combined_d0250_loss5_j075__run1__fd4dd557.json,fd4dd557,coding_task,1,three_day_combined_sample,combined_d0250_loss5_j075,combined,250,250,75,5,,,,,True,3,0,100.61,319,5,5,True,0,0,0,heuristic,1053,3
coding_task__three_day_combined_sample__combined_d0300_loss15_j025__run1__af48178c.json,af48178c,coding_task,1,three_day_combined_sample,combined_d0300_loss15_j025,combined,300,300,25,15,,,,,True,3,0,190.88,305,5,5,True,0,0,0,heuristic,1030,3
coding_task__three_day_combined_sample__combined_d0300_loss1_j020__run1__1726064d.json,1726064d,coding_task,1,three_day_combined_sample,combined_d0300_loss1_j020,combined,300,300,20,1,,,,,True,3,0,138.34,312,5,5,True,0,0,0,heuristic,1015,3
coding_task__three_day_combined_sample__combined_d0300_loss30_j050__run1__db0c5296.json,db0c5296,coding_task,1,three_day_combined_sample,combined_d0300_loss30_j050,combined,300,300,50,30,,,,,True,3,0,242.7,303,5,5,True,0,0,0,heuristic,987,3
coding_task__three_day_combined_sample__combined_d0350_loss0_j000__run1__d3e501be.json,d3e501be,coding_task,1,three_day_combined_sample,combined_d0350_loss0_j000,combined,350,350,0,0,,,,,True,3,0,112.41,271,5,5,True,0,0,0,heuristic,882,3
coding_task__three_day_combined_sample__combined_d0350_loss10_j001__run1__506ef02c.json,506ef02c,coding_task,1,three_day_combined_sample,combined_d0350_loss10_j001,combined,350,350,1,10,,,,,True,3,0,116.12,288,5,5,True,0,0,0,heuristic,964,3
coding_task__three_day_combined_sample__combined_d0350_loss25_j010__run1__9d54c6b5.json,9d54c6b5,coding_task,1,three_day_combined_sample,combined_d0350_loss25_j010,combined,350,350,10,25,,,,,True,3,0,117.96,294,5,5,True,0,0,0,heuristic,949,3
coding_task__three_day_combined_sample__combined_d0350_loss50_j020__run1__db751831.json,db751831,coding_task,1,three_day_combined_sample,combined_d0350_loss50_j020,combined,350,350,20,50,,,,,True,3,0,124.21,310,5,5,True,0,0,0,heuristic,1038,3
coding_task__three_day_combined_sample__combined_d0400_loss15_j050__run1__b39f1177.json,b39f1177,coding_task,1,three_day_combined_sample,combined_d0400_loss15_j050,combined,400,400,50,15,,,,,True,3,0,128.59,245,5,5,True,0,0,0,heuristic,689,3
coding_task__three_day_combined_sample__combined_d0400_loss1_j025__run1__ab6486e6.json,ab6486e6,coding_task,1,three_day_combined_sample,combined_d0400_loss1_j025,combined,400,400,25,1,,,,,True,3,0,112.8,308,5,5,True,0,0,0,heuristic,1001,3
coding_task__three_day_combined_sample__combined_d0400_loss40_j000__run1__49996cb1.json,49996cb1,coding_task,1,three_day_combined_sample,combined_d0400_loss40_j000,combined,400,400,0,40,,,,,True,3,0,140.53,233,5,5,True,0,0,0,heuristic,717,3
coding_task__three_day_combined_sample__combined_d0450_loss0_j005__run1__26f39df5.json,26f39df5,coding_task,1,three_day_combined_sample,combined_d0450_loss0_j005,combined,450,450,5,0,,,,,True,3,0,101.7,209,5,5,True,0,0,0,heuristic,647,3
coding_task__three_day_combined_sample__combined_d0450_loss10_j010__run1__00b969ba.json,00b969ba,coding_task,1,three_day_combined_sample,combined_d0450_loss10_j010,combined,450,450,10,10,,,,,True,3,0,99.42,327,5,5,True,0,0,0,heuristic,1097,3
coding_task__three_day_combined_sample__combined_d0450_loss25_j020__run1__4bb1ee4f.json,4bb1ee4f,coding_task,1,three_day_combined_sample,combined_d0450_loss25_j020,combined,450,450,20,25,,,,,True,3,0,113.64,284,5,5,True,0,0,0,heuristic,918,3
coding_task__three_day_combined_sample__combined_d0450_loss50_j030__run1__22c7b3f2.json,22c7b3f2,coding_task,1,three_day_combined_sample,combined_d0450_loss50_j030,combined,450,450,30,50,,,,,True,3,0,130.01,329,5,5,True,0,0,0,heuristic,1110,3
coding_task__three_day_combined_sample__combined_d0500_loss0_j000__run1__a57d486b.json,a57d486b,coding_task,1,three_day_combined_sample,combined_d0500_loss0_j000,combined,500,500,0,0,,,,,True,3,0,118.27,301,5,5,True,0,0,0,heuristic,1004,3
coding_task__three_day_combined_sample__combined_d0500_loss0_j020__run1__92fef948.json,92fef948,coding_task,1,three_day_combined_sample,combined_d0500_loss0_j020,combined,500,500,20,0,,,,,True,3,0,170.33,327,5,5,True,0,0,0,heuristic,1098,3
coding_task__three_day_combined_sample__combined_d0500_loss0_j075__run1__57f35436.json,57f35436,coding_task,1,three_day_combined_sample,combined_d0500_loss0_j075,combined,500,500,75,0,,,,,True,3,0,160.18,295,5,5,True,0,0,0,heuristic,987,3
coding_task__three_day_combined_sample__combined_d0500_loss20_j000__run1__b7905dac.json,b7905dac,coding_task,1,three_day_combined_sample,combined_d0500_loss20_j000,combined,500,500,0,20,,,,,True,3,0,276.78,330,5,5,True,0,0,0,heuristic,1084,3
coding_task__three_day_combined_sample__combined_d0500_loss20_j015__run1__bf538027.json,bf538027,coding_task,1,three_day_combined_sample,combined_d0500_loss20_j015,combined,500,500,15,20,,,,,True,3,0,130.76,280,5,5,True,0,0,0,heuristic,906,3
coding_task__three_day_combined_sample__combined_d0500_loss20_j020__run1__35454daf.json,35454daf,coding_task,1,three_day_combined_sample,combined_d0500_loss20_j020,combined,500,500,20,20,,,,,True,3,0,105.21,201,5,5,True,0,0,0,heuristic,600,3
coding_task__three_day_combined_sample__combined_d0500_loss20_j075__run1__f090d400.json,f090d400,coding_task,1,three_day_combined_sample,combined_d0500_loss20_j075,combined,500,500,75,20,,,,,True,3,0,164.48,266,5,5,True,0,0,0,heuristic,860,3
coding_task__three_day_combined_sample__combined_d0500_loss40_j050__run1__e47e5d25.json,e47e5d25,coding_task,1,three_day_combined_sample,combined_d0500_loss40_j050,combined,500,500,50,40,,,,,True,3,0,133.86,269,5,5,True,0,0,0,heuristic,874,3
coding_task__three_day_combined_sample__combined_d0500_loss5_j001__run1__0428552b.json,0428552b,coding_task,1,three_day_combined_sample,combined_d0500_loss5_j001,combined,500,500,1,5,,,,,True,3,0,146.49,344,5,5,True,0,0,0,heuristic,1151,3
coding_task__three_day_combined_sample__combined_d0500_loss75_j000__run1__c12382c7.json,c12382c7,coding_task,1,three_day_combined_sample,combined_d0500_loss75_j000,combined,500,500,0,75,,,,,True,3,0,1430.95,554,5,5,True,1,1,4,heuristic,621,6
coding_task__three_day_combined_sample__combined_d0500_loss75_j020__run1__44d8cfe7.json,44d8cfe7,coding_task,1,three_day_combined_sample,combined_d0500_loss75_j020,combined,500,500,20,75,,,,,False,2,0,1223.83,337,,5,True,2,2,5,heuristic,931,4
coding_task__three_day_combined_sample__combined_d0500_loss75_j075__run1__92088cff.json,92088cff,coding_task,1,three_day_combined_sample,combined_d0500_loss75_j075,combined,500,500,75,75,,,,,True,3,0,421.87,377,5,5,True,0,0,2,heuristic,1151,4
coding_task__three_day_combined_sample__combined_d0550_loss15_j015__run1__0cd4fa39.json,0cd4fa39,coding_task,1,three_day_combined_sample,combined_d0550_loss15_j015,combined,550,550,15,15,,,,,True,3,0,117.47,349,5,5,True,0,0,0,heuristic,1211,3
coding_task__three_day_combined_sample__combined_d0550_loss1_j005__run1__d55b2463.json,d55b2463,coding_task,1,three_day_combined_sample,combined_d0550_loss1_j005,combined,550,550,5,1,,,,,True,3,0,142.53,330,5,5,True,0,0,0,heuristic,1131,3
coding_task__three_day_combined_sample__combined_d0550_loss30_j025__run1__1ea71e1e.json,1ea71e1e,coding_task,1,three_day_combined_sample,combined_d0550_loss30_j025,combined,550,550,25,30,,,,,True,3,0,151.63,263,5,5,True,0,0,0,heuristic,839,3
coding_task__three_day_combined_sample__combined_d0550_loss75_j030__run1__0ea4fcb4.json,0ea4fcb4,coding_task,1,three_day_combined_sample,combined_d0550_loss75_j030,combined,550,550,30,75,,,,,True,3,0,1249.5,372,5,5,True,1,2,4,heuristic,938,5
coding_task__three_day_combined_sample__combined_d0600_loss25_j001__run1__f35cf337.json,f35cf337,coding_task,1,three_day_combined_sample,combined_d0600_loss25_j001,combined,600,600,1,25,,,,,True,3,0,255.31,328,5,5,True,0,0,0,heuristic,1118,3
coding_task__three_day_combined_sample__combined_d0600_loss50_j010__run1__fa085b6e.json,fa085b6e,coding_task,1,three_day_combined_sample,combined_d0600_loss50_j010,combined,600,600,10,50,,,,,True,3,0,125.35,289,5,5,True,0,0,0,heuristic,959,3
coding_task__three_day_combined_sample__combined_d0600_loss5_j075__run1__b9128bde.json,b9128bde,coding_task,1,three_day_combined_sample,combined_d0600_loss5_j075,combined,600,600,75,5,,,,,True,3,0,124.63,324,5,5,True,0,0,0,heuristic,1094,3
coding_task__three_day_combined_sample__combined_d0650_loss15_j025__run1__0bd09ce6.json,0bd09ce6,coding_task,1,three_day_combined_sample,combined_d0650_loss15_j025,combined,650,650,25,15,,,,,True,3,0,113.97,328,5,5,True,0,0,0,heuristic,1106,3
coding_task__three_day_combined_sample__combined_d0650_loss1_j015__run1__7f42af3f.json,7f42af3f,coding_task,1,three_day_combined_sample,combined_d0650_loss1_j015,combined,650,650,15,1,,,,,True,3,0,285.58,281,5,5,True,0,0,0,heuristic,916,3
coding_task__three_day_combined_sample__combined_d0650_loss30_j050__run1__487ac2af.json,487ac2af,coding_task,1,three_day_combined_sample,combined_d0650_loss30_j050,combined,650,650,50,30,,,,,True,3,0,106.39,238,5,5,True,0,0,0,heuristic,736,3
coding_task__three_day_combined_sample__combined_d0650_loss75_j075__run1__7e2a3db1.json,7e2a3db1,coding_task,1,three_day_combined_sample,combined_d0650_loss75_j075,combined,650,650,75,75,,,,,False,1,0,983.7,379,,1,False,2,0,5,heuristic,1099,4
coding_task__three_day_combined_sample__combined_d0700_loss10_j001__run1__baa08740.json,baa08740,coding_task,1,three_day_combined_sample,combined_d0700_loss10_j001,combined,700,700,1,10,,,,,True,3,0,235.63,253,5,5,True,0,0,0,heuristic,781,3
coding_task__three_day_combined_sample__combined_d0700_loss25_j010__run1__d86d658c.json,d86d658c,coding_task,1,three_day_combined_sample,combined_d0700_loss25_j010,combined,700,700,10,25,,,,,True,3,0,258.54,340,5,5,True,0,0,0,heuristic,1157,3
coding_task__three_day_combined_sample__combined_d0700_loss50_j015__run1__1cba83ca.json,1cba83ca,coding_task,1,three_day_combined_sample,combined_d0700_loss50_j015,combined,700,700,15,50,,,,,True,3,0,299.31,293,5,5,True,0,0,0,heuristic,947,3
coding_task__three_day_combined_sample__combined_d0750_loss15_j050__run1__5fe57ccd.json,5fe57ccd,coding_task,1,three_day_combined_sample,combined_d0750_loss15_j050,combined,750,750,50,15,,,,,True,3,0,127.98,220,5,5,True,0,0,0,heuristic,679,3
coding_task__three_day_combined_sample__combined_d0750_loss1_j025__run1__23242d49.json,23242d49,coding_task,1,three_day_combined_sample,combined_d0750_loss1_j025,combined,750,750,25,1,,,,,True,3,0,110.03,283,5,5,True,0,0,0,heuristic,925,3
coding_task__three_day_combined_sample__combined_d0750_loss40_j000__run1__11034863.json,11034863,coding_task,1,three_day_combined_sample,combined_d0750_loss40_j000,combined,750,750,0,40,,,,,True,3,0,579.35,336,5,5,True,0,1,2,heuristic,979,4
coding_task__three_day_combined_sample__combined_d0800_loss0_j001__run1__d2ee64dc.json,d2ee64dc,coding_task,1,three_day_combined_sample,combined_d0800_loss0_j001,combined,800,800,1,0,,,,,True,3,0,546.94,359,5,5,True,0,1,2,heuristic,1069,4
coding_task__three_day_combined_sample__combined_d0800_loss10_j010__run1__fd4ee964.json,fd4ee964,coding_task,1,three_day_combined_sample,combined_d0800_loss10_j010,combined,800,800,10,10,,,,,True,3,0,186.06,327,5,5,True,0,0,0,heuristic,1109,3
coding_task__three_day_combined_sample__combined_d0800_loss25_j020__run1__560662fe.json,560662fe,coding_task,1,three_day_combined_sample,combined_d0800_loss25_j020,combined,800,800,20,25,,,,,True,3,0,399.17,266,5,5,True,0,0,0,heuristic,857,3
coding_task__three_day_combined_sample__combined_d0800_loss50_j025__run1__a403f4a8.json,a403f4a8,coding_task,1,three_day_combined_sample,combined_d0800_loss50_j025,combined,800,800,25,50,,,,,True,3,0,484.95,389,5,5,True,0,1,2,heuristic,1180,4
coding_task__three_day_combined_sample__combined_d0850_loss1_j050__run1__83a1b961.json,83a1b961,coding_task,1,three_day_combined_sample,combined_d0850_loss1_j050,combined,850,850,50,1,,,,,True,3,0,153.53,333,5,5,True,0,0,0,heuristic,1094,3
coding_task__three_day_combined_sample__combined_d0850_loss20_j000__run1__702ddb81.json,702ddb81,coding_task,1,three_day_combined_sample,combined_d0850_loss20_j000,combined,850,850,0,20,,,,,True,3,0,287.49,337,5,5,True,0,0,0,heuristic,1146,3
coding_task__three_day_combined_sample__combined_d0850_loss40_j001__run1__687d881b.json,687d881b,coding_task,1,three_day_combined_sample,combined_d0850_loss40_j001,combined,850,850,1,40,,,,,True,3,0,741.71,356,5,5,True,0,1,2,heuristic,1083,4
coding_task__three_day_combined_sample__combined_d0900_loss0_j010__run1__866f2cbe.json,866f2cbe,coding_task,1,three_day_combined_sample,combined_d0900_loss0_j010,combined,900,900,10,0,,,,,True,3,0,155.19,267,5,5,True,0,0,0,heuristic,867,3
coding_task__three_day_combined_sample__combined_d0900_loss10_j020__run1__328394d8.json,328394d8,coding_task,1,three_day_combined_sample,combined_d0900_loss10_j020,combined,900,900,20,10,,,,,True,3,0,185.4,326,5,5,True,0,0,0,heuristic,1113,3
coding_task__three_day_combined_sample__combined_d0900_loss25_j025__run1__11e1c1b4.json,11e1c1b4,coding_task,1,three_day_combined_sample,combined_d0900_loss25_j025,combined,900,900,25,25,,,,,True,3,0,642.01,300,5,5,True,0,1,2,heuristic,859,4
coding_task__three_day_combined_sample__combined_d0900_loss50_j050__run1__b172631f.json,b172631f,coding_task,1,three_day_combined_sample,combined_d0900_loss50_j050,combined,900,900,50,50,,,,,True,3,0,645.47,284,5,5,True,0,1,2,heuristic,798,4
coding_task__three_day_combined_sample__combined_d0950_loss20_j005__run1__1ff67b58.json,1ff67b58,coding_task,1,three_day_combined_sample,combined_d0950_loss20_j005,combined,950,950,5,20,,,,,True,3,0,140.3,261,5,5,True,0,0,0,heuristic,844,3
coding_task__three_day_combined_sample__combined_d0950_loss40_j010__run1__e7a87a2d.json,e7a87a2d,coding_task,1,three_day_combined_sample,combined_d0950_loss40_j010,combined,950,950,10,40,,,,,True,3,0,311.39,295,5,5,True,0,0,0,heuristic,953,3
coding_task__three_day_combined_sample__combined_d0950_loss5_j000__run1__c793e67c.json,c793e67c,coding_task,1,three_day_combined_sample,combined_d0950_loss5_j000,combined,950,950,0,5,,,,,True,3,0,131.33,301,5,5,True,0,0,0,heuristic,975,3
coding_task__three_day_combined_sample__combined_d1000_loss0_j000__run1__0be2fced.json,0be2fced,coding_task,1,three_day_combined_sample,combined_d1000_loss0_j000,combined,1000,1000,0,0,,,,,True,3,0,103.66,242,5,5,True,0,0,0,heuristic,765,3
coding_task__three_day_combined_sample__combined_d1000_loss0_j020__run1__9a1676dc.json,9a1676dc,coding_task,1,three_day_combined_sample,combined_d1000_loss0_j020,combined,1000,1000,20,0,,,,,True,3,0,140.24,307,5,5,True,0,0,0,heuristic,1031,3
coding_task__three_day_combined_sample__combined_d1000_loss0_j030__run1__a1a2b80e.json,a1a2b80e,coding_task,1,three_day_combined_sample,combined_d1000_loss0_j030,combined,1000,1000,30,0,,,,,True,3,0,239.81,248,5,5,True,0,0,0,heuristic,793,3
coding_task__three_day_combined_sample__combined_d1000_loss0_j075__run1__6e378038.json,6e378038,coding_task,1,three_day_combined_sample,combined_d1000_loss0_j075,combined,1000,1000,75,0,,,,,True,3,0,279.95,323,5,5,True,0,0,0,heuristic,1067,3
coding_task__three_day_combined_sample__combined_d1000_loss15_j000__run1__fec290b7.json,fec290b7,coding_task,1,three_day_combined_sample,combined_d1000_loss15_j000,combined,1000,1000,0,15,,,,,True,3,0,139.16,339,5,5,True,0,0,0,heuristic,1129,3
coding_task__three_day_combined_sample__combined_d1000_loss20_j000__run1__b2461b02.json,b2461b02,coding_task,1,three_day_combined_sample,combined_d1000_loss20_j000,combined,1000,1000,0,20,,,,,True,3,0,136.37,292,5,5,True,0,0,0,heuristic,969,3
coding_task__three_day_combined_sample__combined_d1000_loss20_j020__run1__36e601fa.json,36e601fa,coding_task,1,three_day_combined_sample,combined_d1000_loss20_j020,combined,1000,1000,20,20,,,,,True,3,0,128.63,193,5,5,True,0,0,0,heuristic,578,3
coding_task__three_day_combined_sample__combined_d1000_loss20_j075__run1__338de130.json,338de130,coding_task,1,three_day_combined_sample,combined_d1000_loss20_j075,combined,1000,1000,75,20,,,,,True,3,0,394.42,261,5,5,True,0,0,0,heuristic,841,3
coding_task__three_day_combined_sample__combined_d1000_loss30_j015__run1__f3cd118b.json,f3cd118b,coding_task,1,three_day_combined_sample,combined_d1000_loss30_j015,combined,1000,1000,15,30,,,,,True,3,0,401.61,308,5,5,True,0,0,0,heuristic,1033,3
coding_task__three_day_combined_sample__combined_d1000_loss75_j000__run1__85bfbbf8.json,85bfbbf8,coding_task,1,three_day_combined_sample,combined_d1000_loss75_j000,combined,1000,1000,0,75,,,,,False,1,0,1093.94,338,,1,False,2,2,5,heuristic,934,4
coding_task__three_day_combined_sample__combined_d1000_loss75_j020__run1__ad2bc661.json,ad2bc661,coding_task,1,three_day_combined_sample,combined_d1000_loss75_j020,combined,1000,1000,20,75,,,,,False,1,0,1340.13,315,,1,False,2,3,5,heuristic,840,4
coding_task__three_day_combined_sample__combined_d1000_loss75_j050__run1__9663fb5c.json,9663fb5c,coding_task,1,three_day_combined_sample,combined_d1000_loss75_j050,combined,1000,1000,50,75,,,,,False,1,0,899.44,105,,1,False,2,2,5,heuristic,0,3
coding_task__three_day_combined_sample__combined_d1000_loss75_j075__run1__00ca8e93.json,00ca8e93,coding_task,1,three_day_combined_sample,combined_d1000_loss75_j075,combined,1000,1000,75,75,,,,,False,1,0,736.56,306,,1,False,2,1,5,heuristic,806,4
coding_task__three_day_main_effect__main_delay_d0000__run1__98b2d93d.json,98b2d93d,coding_task,1,three_day_main_effect,main_delay_d0000,main_effect,0,0,0,0,,delay,,,True,3,0,264.66,298,5,5,True,0,0,0,heuristic,975,3
coding_task__three_day_main_effect__main_delay_d0000__run2__be183d07.json,be183d07,coding_task,2,three_day_main_effect,main_delay_d0000,main_effect,0,0,0,0,,delay,,,True,3,0,159.14,339,5,5,True,0,0,0,heuristic,1158,3
coding_task__three_day_main_effect__main_delay_d0000__run3__6d13c220.json,6d13c220,coding_task,3,three_day_main_effect,main_delay_d0000,main_effect,0,0,0,0,,delay,,,True,3,0,127.89,308,5,5,True,0,0,0,heuristic,1006,3
coding_task__three_day_main_effect__main_delay_d0000__run4__75130829.json,75130829,coding_task,4,three_day_main_effect,main_delay_d0000,main_effect,0,0,0,0,,delay,,,True,3,0,99.32,233,5,5,True,0,0,0,heuristic,730,3
coding_task__three_day_main_effect__main_delay_d0000__run5__0a70ef2d.json,0a70ef2d,coding_task,5,three_day_main_effect,main_delay_d0000,main_effect,0,0,0,0,,delay,,,True,3,0,101.55,303,5,5,True,0,0,0,heuristic,1010,3
coding_task__three_day_main_effect__main_delay_d0050__run1__f5b10331.json,f5b10331,coding_task,1,three_day_main_effect,main_delay_d0050,main_effect,50,50,0,0,,delay,,,True,3,0,133.95,339,5,5,True,0,0,0,heuristic,1128,3
coding_task__three_day_main_effect__main_delay_d0050__run2__c8856bcb.json,c8856bcb,coding_task,2,three_day_main_effect,main_delay_d0050,main_effect,50,50,0,0,,delay,,,True,3,0,142.5,289,5,5,True,0,0,0,heuristic,953,3
coding_task__three_day_main_effect__main_delay_d0050__run3__ab8a5ae1.json,ab8a5ae1,coding_task,3,three_day_main_effect,main_delay_d0050,main_effect,50,50,0,0,,delay,,,True,3,0,148.18,359,5,5,True,0,0,0,heuristic,1209,3
coding_task__three_day_main_effect__main_delay_d0050__run4__2fded7e8.json,2fded7e8,coding_task,4,three_day_main_effect,main_delay_d0050,main_effect,50,50,0,0,,delay,,,True,3,0,98.99,269,5,5,True,0,0,0,heuristic,852,3
coding_task__three_day_main_effect__main_delay_d0050__run5__658e2c4b.json,658e2c4b,coding_task,5,three_day_main_effect,main_delay_d0050,main_effect,50,50,0,0,,delay,,,True,3,0,124.62,248,5,5,True,0,0,0,heuristic,791,3
coding_task__three_day_main_effect__main_delay_d0100__run1__f9d45e84.json,f9d45e84,coding_task,1,three_day_main_effect,main_delay_d0100,main_effect,100,100,0,0,,delay,,,True,3,0,121.38,327,5,5,True,0,0,0,heuristic,1107,3
coding_task__three_day_main_effect__main_delay_d0100__run2__c53b368e.json,c53b368e,coding_task,2,three_day_main_effect,main_delay_d0100,main_effect,100,100,0,0,,delay,,,True,3,0,165.95,327,5,5,True,0,0,0,heuristic,1083,3
coding_task__three_day_main_effect__main_delay_d0100__run3__70503350.json,70503350,coding_task,3,three_day_main_effect,main_delay_d0100,main_effect,100,100,0,0,,delay,,,True,3,0,104.74,242,5,5,True,0,0,0,heuristic,765,3
coding_task__three_day_main_effect__main_delay_d0100__run4__7dd9e725.json,7dd9e725,coding_task,4,three_day_main_effect,main_delay_d0100,main_effect,100,100,0,0,,delay,,,True,3,0,131.97,306,5,5,True,0,0,0,heuristic,1021,3
coding_task__three_day_main_effect__main_delay_d0100__run5__60c496bc.json,60c496bc,coding_task,5,three_day_main_effect,main_delay_d0100,main_effect,100,100,0,0,,delay,,,True,3,0,153.83,367,5,5,True,0,0,0,heuristic,1244,3
coding_task__three_day_main_effect__main_delay_d0150__run1__232b9f84.json,232b9f84,coding_task,1,three_day_main_effect,main_delay_d0150,main_effect,150,150,0,0,,delay,,,True,3,0,101.15,302,5,5,True,0,0,0,heuristic,995,3
coding_task__three_day_main_effect__main_delay_d0150__run2__d05e6907.json,d05e6907,coding_task,2,three_day_main_effect,main_delay_d0150,main_effect,150,150,0,0,,delay,,,True,3,0,165.34,382,5,5,True,0,0,0,heuristic,1329,3
coding_task__three_day_main_effect__main_delay_d0150__run3__e1d0904c.json,e1d0904c,coding_task,3,three_day_main_effect,main_delay_d0150,main_effect,150,150,0,0,,delay,,,True,3,0,106.23,317,5,5,True,0,0,0,heuristic,1073,3
coding_task__three_day_main_effect__main_delay_d0150__run4__01461739.json,01461739,coding_task,4,three_day_main_effect,main_delay_d0150,main_effect,150,150,0,0,,delay,,,True,3,0,110.21,303,5,5,True,0,0,0,heuristic,1009,3
coding_task__three_day_main_effect__main_delay_d0150__run5__fd57ceb8.json,fd57ceb8,coding_task,5,three_day_main_effect,main_delay_d0150,main_effect,150,150,0,0,,delay,,,True,3,0,107.05,300,5,5,True,0,0,0,heuristic,1000,3
coding_task__three_day_main_effect__main_delay_d0200__run1__61bf2505.json,61bf2505,coding_task,1,three_day_main_effect,main_delay_d0200,main_effect,200,200,0,0,,delay,,,True,3,0,132.88,282,5,5,True,0,0,0,heuristic,909,3
coding_task__three_day_main_effect__main_delay_d0200__run2__b3c78de6.json,b3c78de6,coding_task,2,three_day_main_effect,main_delay_d0200,main_effect,200,200,0,0,,delay,,,True,3,0,146.78,256,5,5,True,0,0,0,heuristic,827,3
coding_task__three_day_main_effect__main_delay_d0200__run3__bfe25c22.json,bfe25c22,coding_task,3,three_day_main_effect,main_delay_d0200,main_effect,200,200,0,0,,delay,,,True,3,0,173.41,325,5,5,True,0,0,0,heuristic,1073,3
coding_task__three_day_main_effect__main_delay_d0200__run4__7cbdb7dd.json,7cbdb7dd,coding_task,4,three_day_main_effect,main_delay_d0200,main_effect,200,200,0,0,,delay,,,True,3,0,152.62,270,5,5,True,0,0,0,heuristic,869,3
coding_task__three_day_main_effect__main_delay_d0200__run5__203645bc.json,203645bc,coding_task,5,three_day_main_effect,main_delay_d0200,main_effect,200,200,0,0,,delay,,,True,3,0,120.8,280,5,5,True,0,0,0,heuristic,905,3
coding_task__three_day_main_effect__main_delay_d0250__run1__71cfa07c.json,71cfa07c,coding_task,1,three_day_main_effect,main_delay_d0250,main_effect,250,250,0,0,,delay,,,True,3,0,92.95,255,5,5,True,0,0,0,heuristic,799,3
coding_task__three_day_main_effect__main_delay_d0250__run2__bbf91129.json,bbf91129,coding_task,2,three_day_main_effect,main_delay_d0250,main_effect,250,250,0,0,,delay,,,True,3,0,129.63,289,5,5,True,0,0,0,heuristic,953,3
coding_task__three_day_main_effect__main_delay_d0250__run3__db6e4c57.json,db6e4c57,coding_task,3,three_day_main_effect,main_delay_d0250,main_effect,250,250,0,0,,delay,,,True,3,0,133.25,298,5,5,True,0,0,0,heuristic,966,3
coding_task__three_day_main_effect__main_delay_d0250__run4__6cf64812.json,6cf64812,coding_task,4,three_day_main_effect,main_delay_d0250,main_effect,250,250,0,0,,delay,,,True,3,0,94.99,251,5,5,True,0,0,0,heuristic,799,3
coding_task__three_day_main_effect__main_delay_d0250__run5__6c78941e.json,6c78941e,coding_task,5,three_day_main_effect,main_delay_d0250,main_effect,250,250,0,0,,delay,,,True,3,0,121.92,334,5,5,True,0,0,0,heuristic,1098,3
coding_task__three_day_main_effect__main_delay_d0300__run1__34425ab2.json,34425ab2,coding_task,1,three_day_main_effect,main_delay_d0300,main_effect,300,300,0,0,,delay,,,True,3,0,98.01,294,5,4,True,0,0,0,heuristic,947,3
coding_task__three_day_main_effect__main_delay_d0300__run2__26b968cb.json,26b968cb,coding_task,2,three_day_main_effect,main_delay_d0300,main_effect,300,300,0,0,,delay,,,True,3,0,141.7,258,5,5,True,0,0,0,heuristic,827,3
coding_task__three_day_main_effect__main_delay_d0300__run3__02c5f1e9.json,02c5f1e9,coding_task,3,three_day_main_effect,main_delay_d0300,main_effect,300,300,0,0,,delay,,,True,3,0,169.78,309,5,5,True,0,0,0,heuristic,1000,3
coding_task__three_day_main_effect__main_delay_d0300__run4__d0292e3d.json,d0292e3d,coding_task,4,three_day_main_effect,main_delay_d0300,main_effect,300,300,0,0,,delay,,,True,3,0,117.95,302,5,5,True,0,0,0,heuristic,1011,3
coding_task__three_day_main_effect__main_delay_d0300__run5__da87024a.json,da87024a,coding_task,5,three_day_main_effect,main_delay_d0300,main_effect,300,300,0,0,,delay,,,True,3,0,167.61,268,5,5,True,0,0,0,heuristic,833,3
coding_task__three_day_main_effect__main_delay_d0350__run1__c23fa9e5.json,c23fa9e5,coding_task,1,three_day_main_effect,main_delay_d0350,main_effect,350,350,0,0,,delay,,,True,3,0,80.46,262,5,4,True,0,0,0,heuristic,816,3
coding_task__three_day_main_effect__main_delay_d0350__run2__43584af2.json,43584af2,coding_task,2,three_day_main_effect,main_delay_d0350,main_effect,350,350,0,0,,delay,,,True,3,0,283.92,307,5,5,True,0,0,0,heuristic,1025,3
coding_task__three_day_main_effect__main_delay_d0350__run3__dd5a4da7.json,dd5a4da7,coding_task,3,three_day_main_effect,main_delay_d0350,main_effect,350,350,0,0,,delay,,,True,3,0,182.5,331,5,5,True,0,0,0,heuristic,1096,3
coding_task__three_day_main_effect__main_delay_d0350__run4__e9e840a9.json,e9e840a9,coding_task,4,three_day_main_effect,main_delay_d0350,main_effect,350,350,0,0,,delay,,,True,3,0,224.47,292,5,5,True,0,0,0,heuristic,974,3
coding_task__three_day_main_effect__main_delay_d0350__run5__85e35026.json,85e35026,coding_task,5,three_day_main_effect,main_delay_d0350,main_effect,350,350,0,0,,delay,,,True,3,0,120.3,267,5,5,True,0,0,0,heuristic,873,3
coding_task__three_day_main_effect__main_delay_d0400__run1__957027db.json,957027db,coding_task,1,three_day_main_effect,main_delay_d0400,main_effect,400,400,0,0,,delay,,,True,3,0,99.72,292,5,5,True,0,0,0,heuristic,944,3
coding_task__three_day_main_effect__main_delay_d0400__run2__c6e47195.json,c6e47195,coding_task,2,three_day_main_effect,main_delay_d0400,main_effect,400,400,0,0,,delay,,,True,3,0,155.46,295,5,5,True,0,0,0,heuristic,939,3
coding_task__three_day_main_effect__main_delay_d0400__run3__fbafc8a6.json,fbafc8a6,coding_task,3,three_day_main_effect,main_delay_d0400,main_effect,400,400,0,0,,delay,,,True,3,0,123.4,241,5,4,True,0,0,0,heuristic,728,3
coding_task__three_day_main_effect__main_delay_d0400__run4__ce5f77b0.json,ce5f77b0,coding_task,4,three_day_main_effect,main_delay_d0400,main_effect,400,400,0,0,,delay,,,True,3,0,374.34,314,5,5,True,0,0,0,heuristic,1053,3
coding_task__three_day_main_effect__main_delay_d0400__run5__eb2883c1.json,eb2883c1,coding_task,5,three_day_main_effect,main_delay_d0400,main_effect,400,400,0,0,,delay,,,True,3,0,212.57,266,5,5,True,0,0,0,heuristic,843,3
coding_task__three_day_main_effect__main_delay_d0450__run1__15606453.json,15606453,coding_task,1,three_day_main_effect,main_delay_d0450,main_effect,450,450,0,0,,delay,,,True,3,0,158.6,284,5,5,True,0,0,0,heuristic,936,3
coding_task__three_day_main_effect__main_delay_d0450__run2__279d0a23.json,279d0a23,coding_task,2,three_day_main_effect,main_delay_d0450,main_effect,450,450,0,0,,delay,,,True,3,0,292.29,272,5,5,True,0,0,0,heuristic,860,3
coding_task__three_day_main_effect__main_delay_d0450__run3__2929f784.json,2929f784,coding_task,3,three_day_main_effect,main_delay_d0450,main_effect,450,450,0,0,,delay,,,True,3,0,138.61,282,5,5,True,0,0,0,heuristic,926,3
coding_task__three_day_main_effect__main_delay_d0450__run4__75793ca6.json,75793ca6,coding_task,4,three_day_main_effect,main_delay_d0450,main_effect,450,450,0,0,,delay,,,True,3,0,151.46,294,5,5,True,0,0,0,heuristic,973,3
coding_task__three_day_main_effect__main_delay_d0450__run5__08ed4fa6.json,08ed4fa6,coding_task,5,three_day_main_effect,main_delay_d0450,main_effect,450,450,0,0,,delay,,,True,3,0,223.87,317,5,5,True,0,0,0,heuristic,1065,3
coding_task__three_day_main_effect__main_delay_d0500__run1__cd3d8c34.json,cd3d8c34,coding_task,1,three_day_main_effect,main_delay_d0500,main_effect,500,500,0,0,,delay,,,True,3,0,93.5,268,5,4,True,0,0,0,heuristic,854,3
coding_task__three_day_main_effect__main_delay_d0500__run2__390cb161.json,390cb161,coding_task,2,three_day_main_effect,main_delay_d0500,main_effect,500,500,0,0,,delay,,,True,3,0,258.86,345,5,5,True,0,0,0,heuristic,1169,3
coding_task__three_day_main_effect__main_delay_d0500__run3__33e74b96.json,33e74b96,coding_task,3,three_day_main_effect,main_delay_d0500,main_effect,500,500,0,0,,delay,,,True,3,0,472.97,258,5,5,True,0,1,2,heuristic,676,4
coding_task__three_day_main_effect__main_delay_d0500__run4__37a37b35.json,37a37b35,coding_task,4,three_day_main_effect,main_delay_d0500,main_effect,500,500,0,0,,delay,,,True,3,0,122.69,293,5,4,True,0,0,0,heuristic,977,3
coding_task__three_day_main_effect__main_delay_d0500__run5__24c4ee15.json,24c4ee15,coding_task,5,three_day_main_effect,main_delay_d0500,main_effect,500,500,0,0,,delay,,,True,3,0,138.32,266,5,5,True,0,0,0,heuristic,841,3
coding_task__three_day_main_effect__main_delay_d0550__run1__b35ca86e.json,b35ca86e,coding_task,1,three_day_main_effect,main_delay_d0550,main_effect,550,550,0,0,,delay,,,True,3,0,109.83,332,5,5,True,0,0,0,heuristic,1099,3
coding_task__three_day_main_effect__main_delay_d0550__run2__e4d5f744.json,e4d5f744,coding_task,2,three_day_main_effect,main_delay_d0550,main_effect,550,550,0,0,,delay,,,True,3,0,245.75,338,5,5,True,0,0,0,heuristic,1126,3
coding_task__three_day_main_effect__main_delay_d0550__run3__cbee6f24.json,cbee6f24,coding_task,3,three_day_main_effect,main_delay_d0550,main_effect,550,550,0,0,,delay,,,True,3,0,117.05,311,5,5,True,0,0,0,heuristic,1042,3
coding_task__three_day_main_effect__main_delay_d0550__run4__f1f8d7dd.json,f1f8d7dd,coding_task,4,three_day_main_effect,main_delay_d0550,main_effect,550,550,0,0,,delay,,,True,3,0,118.86,248,5,5,True,0,0,0,heuristic,767,3
coding_task__three_day_main_effect__main_delay_d0550__run5__a8c79430.json,a8c79430,coding_task,5,three_day_main_effect,main_delay_d0550,main_effect,550,550,0,0,,delay,,,True,3,0,100.58,311,5,5,True,0,0,0,heuristic,991,3
coding_task__three_day_main_effect__main_delay_d0600__run1__9c343a36.json,9c343a36,coding_task,1,three_day_main_effect,main_delay_d0600,main_effect,600,600,0,0,,delay,,,True,3,0,110.18,336,5,5,True,0,0,0,heuristic,1144,3
coding_task__three_day_main_effect__main_delay_d0600__run2__a1514894.json,a1514894,coding_task,2,three_day_main_effect,main_delay_d0600,main_effect,600,600,0,0,,delay,,,True,3,0,167.06,354,5,5,True,0,0,0,heuristic,1216,3
coding_task__three_day_main_effect__main_delay_d0600__run3__17705972.json,17705972,coding_task,3,three_day_main_effect,main_delay_d0600,main_effect,600,600,0,0,,delay,,,True,3,0,151.6,275,5,5,True,0,0,0,heuristic,910,3
coding_task__three_day_main_effect__main_delay_d0600__run4__666c296c.json,666c296c,coding_task,4,three_day_main_effect,main_delay_d0600,main_effect,600,600,0,0,,delay,,,True,3,0,122.58,250,5,5,True,0,0,0,heuristic,799,3
coding_task__three_day_main_effect__main_delay_d0600__run5__c29ec7a7.json,c29ec7a7,coding_task,5,three_day_main_effect,main_delay_d0600,main_effect,600,600,0,0,,delay,,,True,3,0,148.03,257,5,5,True,0,0,0,heuristic,801,3
coding_task__three_day_main_effect__main_delay_d0650__run1__57938469.json,57938469,coding_task,1,three_day_main_effect,main_delay_d0650,main_effect,650,650,0,0,,delay,,,True,3,0,161.59,307,5,5,True,0,0,0,heuristic,1030,3
coding_task__three_day_main_effect__main_delay_d0650__run2__462a2799.json,462a2799,coding_task,2,three_day_main_effect,main_delay_d0650,main_effect,650,650,0,0,,delay,,,True,3,0,96.8,243,5,5,True,0,0,0,heuristic,771,3
coding_task__three_day_main_effect__main_delay_d0650__run3__addfd512.json,addfd512,coding_task,3,three_day_main_effect,main_delay_d0650,main_effect,650,650,0,0,,delay,,,True,3,0,88.95,243,5,5,True,0,0,0,heuristic,770,3
coding_task__three_day_main_effect__main_delay_d0650__run4__5b50167c.json,5b50167c,coding_task,4,three_day_main_effect,main_delay_d0650,main_effect,650,650,0,0,,delay,,,True,3,0,102.02,250,5,4,True,0,0,0,heuristic,798,3
coding_task__three_day_main_effect__main_delay_d0650__run5__0aff7f13.json,0aff7f13,coding_task,5,three_day_main_effect,main_delay_d0650,main_effect,650,650,0,0,,delay,,,True,3,0,275.0,307,5,5,True,0,0,0,heuristic,1031,3
coding_task__three_day_main_effect__main_delay_d0700__run1__f2a14dac.json,f2a14dac,coding_task,1,three_day_main_effect,main_delay_d0700,main_effect,700,700,0,0,,delay,,,True,3,0,111.04,334,5,5,True,0,0,0,heuristic,1139,3
coding_task__three_day_main_effect__main_delay_d0700__run2__15ffee78.json,15ffee78,coding_task,2,three_day_main_effect,main_delay_d0700,main_effect,700,700,0,0,,delay,,,True,3,0,141.52,307,5,5,True,0,0,0,heuristic,1034,3
coding_task__three_day_main_effect__main_delay_d0700__run3__b50a2c64.json,b50a2c64,coding_task,3,three_day_main_effect,main_delay_d0700,main_effect,700,700,0,0,,delay,,,True,3,0,259.14,269,5,4,True,0,0,0,heuristic,856,3
coding_task__three_day_main_effect__main_delay_d0700__run4__6d23981b.json,6d23981b,coding_task,4,three_day_main_effect,main_delay_d0700,main_effect,700,700,0,0,,delay,,,True,3,0,117.75,266,5,5,True,0,0,0,heuristic,863,3
coding_task__three_day_main_effect__main_delay_d0700__run5__df11ab54.json,df11ab54,coding_task,5,three_day_main_effect,main_delay_d0700,main_effect,700,700,0,0,,delay,,,True,3,0,137.57,253,5,5,True,0,0,0,heuristic,772,3
coding_task__three_day_main_effect__main_delay_d0750__run1__d39ed786.json,d39ed786,coding_task,1,three_day_main_effect,main_delay_d0750,main_effect,750,750,0,0,,delay,,,True,3,0,105.35,244,5,5,True,0,0,0,heuristic,775,3
coding_task__three_day_main_effect__main_delay_d0750__run2__1e40bb81.json,1e40bb81,coding_task,2,three_day_main_effect,main_delay_d0750,main_effect,750,750,0,0,,delay,,,True,3,0,118.96,300,5,5,True,0,0,0,heuristic,979,3
coding_task__three_day_main_effect__main_delay_d0750__run3__b04ed9dd.json,b04ed9dd,coding_task,3,three_day_main_effect,main_delay_d0750,main_effect,750,750,0,0,,delay,,,True,3,0,176.56,334,5,4,True,0,0,0,heuristic,1135,3
coding_task__three_day_main_effect__main_delay_d0750__run4__e19b61aa.json,e19b61aa,coding_task,4,three_day_main_effect,main_delay_d0750,main_effect,750,750,0,0,,delay,,,True,3,0,233.53,260,5,5,True,0,0,0,heuristic,840,3
coding_task__three_day_main_effect__main_delay_d0750__run5__5635dead.json,5635dead,coding_task,5,three_day_main_effect,main_delay_d0750,main_effect,750,750,0,0,,delay,,,True,3,0,180.29,319,5,5,True,0,0,0,heuristic,1079,3
coding_task__three_day_main_effect__main_delay_d0800__run1__1db8e698.json,1db8e698,coding_task,1,three_day_main_effect,main_delay_d0800,main_effect,800,800,0,0,,delay,,,True,3,0,89.59,279,5,5,True,0,0,0,heuristic,893,3
coding_task__three_day_main_effect__main_delay_d0800__run2__935fb5e1.json,935fb5e1,coding_task,2,three_day_main_effect,main_delay_d0800,main_effect,800,800,0,0,,delay,,,True,3,0,85.77,285,5,5,True,0,0,0,heuristic,942,3
coding_task__three_day_main_effect__main_delay_d0800__run3__779e80f6.json,779e80f6,coding_task,3,three_day_main_effect,main_delay_d0800,main_effect,800,800,0,0,,delay,,,True,3,0,141.94,332,5,5,True,0,0,0,heuristic,1126,3
coding_task__three_day_main_effect__main_delay_d0800__run4__4433b6b8.json,4433b6b8,coding_task,4,three_day_main_effect,main_delay_d0800,main_effect,800,800,0,0,,delay,,,True,3,0,155.54,276,5,5,True,0,0,0,heuristic,886,3
coding_task__three_day_main_effect__main_delay_d0800__run5__974689f0.json,974689f0,coding_task,5,three_day_main_effect,main_delay_d0800,main_effect,800,800,0,0,,delay,,,True,3,0,156.36,277,5,5,True,0,0,0,heuristic,904,3
coding_task__three_day_main_effect__main_delay_d0850__run1__f9125bb0.json,f9125bb0,coding_task,1,three_day_main_effect,main_delay_d0850,main_effect,850,850,0,0,,delay,,,True,3,0,368.41,256,5,5,True,0,0,0,heuristic,821,3
coding_task__three_day_main_effect__main_delay_d0850__run2__a5327e59.json,a5327e59,coding_task,2,three_day_main_effect,main_delay_d0850,main_effect,850,850,0,0,,delay,,,True,3,0,265.31,307,5,5,True,0,0,0,heuristic,1038,3
coding_task__three_day_main_effect__main_delay_d0850__run3__1ae1bbba.json,1ae1bbba,coding_task,3,three_day_main_effect,main_delay_d0850,main_effect,850,850,0,0,,delay,,,True,3,0,364.85,314,5,5,True,0,0,0,heuristic,1053,3
coding_task__three_day_main_effect__main_delay_d0850__run4__7812db18.json,7812db18,coding_task,4,three_day_main_effect,main_delay_d0850,main_effect,850,850,0,0,,delay,,,True,3,0,105.95,310,5,5,True,0,0,0,heuristic,1016,3
coding_task__three_day_main_effect__main_delay_d0850__run5__c3098649.json,c3098649,coding_task,5,three_day_main_effect,main_delay_d0850,main_effect,850,850,0,0,,delay,,,True,3,0,139.15,263,5,5,True,0,0,0,heuristic,859,3
coding_task__three_day_main_effect__main_delay_d0900__run1__91b57885.json,91b57885,coding_task,1,three_day_main_effect,main_delay_d0900,main_effect,900,900,0,0,,delay,,,True,3,0,116.99,284,5,5,True,0,0,0,heuristic,899,3
coding_task__three_day_main_effect__main_delay_d0900__run2__2676b2e3.json,2676b2e3,coding_task,2,three_day_main_effect,main_delay_d0900,main_effect,900,900,0,0,,delay,,,True,3,0,238.69,253,5,5,True,0,0,0,heuristic,811,3
coding_task__three_day_main_effect__main_delay_d0900__run3__e2bfbe2b.json,e2bfbe2b,coding_task,3,three_day_main_effect,main_delay_d0900,main_effect,900,900,0,0,,delay,,,True,3,0,160.04,279,5,5,True,0,0,0,heuristic,923,3
coding_task__three_day_main_effect__main_delay_d0900__run4__913b07b2.json,913b07b2,coding_task,4,three_day_main_effect,main_delay_d0900,main_effect,900,900,0,0,,delay,,,True,3,0,146.77,302,5,5,True,0,0,0,heuristic,1004,3
coding_task__three_day_main_effect__main_delay_d0900__run5__3062bf22.json,3062bf22,coding_task,5,three_day_main_effect,main_delay_d0900,main_effect,900,900,0,0,,delay,,,True,3,0,132.35,209,5,5,True,0,0,0,heuristic,633,3
coding_task__three_day_main_effect__main_delay_d0950__run1__d24b1e43.json,d24b1e43,coding_task,1,three_day_main_effect,main_delay_d0950,main_effect,950,950,0,0,,delay,,,True,3,0,131.05,292,5,5,True,0,0,0,heuristic,948,3
coding_task__three_day_main_effect__main_delay_d0950__run2__8490ab26.json,8490ab26,coding_task,2,three_day_main_effect,main_delay_d0950,main_effect,950,950,0,0,,delay,,,True,3,0,136.92,262,5,5,True,0,0,0,heuristic,806,3
coding_task__three_day_main_effect__main_delay_d0950__run3__402a1c90.json,402a1c90,coding_task,3,three_day_main_effect,main_delay_d0950,main_effect,950,950,0,0,,delay,,,True,3,0,161.21,290,5,5,True,0,0,0,heuristic,924,3
coding_task__three_day_main_effect__main_delay_d0950__run4__5ac9fe1b.json,5ac9fe1b,coding_task,4,three_day_main_effect,main_delay_d0950,main_effect,950,950,0,0,,delay,,,True,3,0,274.39,332,5,5,True,0,0,0,heuristic,1105,3
coding_task__three_day_main_effect__main_delay_d0950__run5__245c9c7e.json,245c9c7e,coding_task,5,three_day_main_effect,main_delay_d0950,main_effect,950,950,0,0,,delay,,,True,3,0,147.91,321,5,5,True,0,0,0,heuristic,1075,3
coding_task__three_day_main_effect__main_delay_d1000__run1__e0fad867.json,e0fad867,coding_task,1,three_day_main_effect,main_delay_d1000,main_effect,1000,1000,0,0,,delay,,,True,3,0,148.38,266,5,5,True,0,0,0,heuristic,864,3
coding_task__three_day_main_effect__main_delay_d1000__run2__867e0086.json,867e0086,coding_task,2,three_day_main_effect,main_delay_d1000,main_effect,1000,1000,0,0,,delay,,,True,3,0,188.33,303,5,5,True,0,0,0,heuristic,1010,3
coding_task__three_day_main_effect__main_delay_d1000__run3__62ffe91b.json,62ffe91b,coding_task,3,three_day_main_effect,main_delay_d1000,main_effect,1000,1000,0,0,,delay,,,True,3,0,256.55,338,5,5,True,0,0,0,heuristic,1150,3
coding_task__three_day_main_effect__main_delay_d1000__run4__079d4066.json,079d4066,coding_task,4,three_day_main_effect,main_delay_d1000,main_effect,1000,1000,0,0,,delay,,,True,3,0,305.29,271,5,5,True,0,0,0,heuristic,892,3
coding_task__three_day_main_effect__main_delay_d1000__run5__57f2a114.json,57f2a114,coding_task,5,three_day_main_effect,main_delay_d1000,main_effect,1000,1000,0,0,,delay,,,True,3,0,153.64,348,5,5,True,0,0,0,heuristic,1189,3
coding_task__three_day_main_effect__main_jitter_j000__run1__c4f2c9e7.json,c4f2c9e7,coding_task,1,three_day_main_effect,main_jitter_j000,main_effect,0,0,0,0,,jitter,,,True,3,0,91.83,260,5,5,True,0,0,0,heuristic,823,3
coding_task__three_day_main_effect__main_jitter_j000__run2__7a55b000.json,7a55b000,coding_task,2,three_day_main_effect,main_jitter_j000,main_effect,0,0,0,0,,jitter,,,True,3,0,111.24,256,5,5,True,0,0,0,heuristic,834,3
coding_task__three_day_main_effect__main_jitter_j000__run3__38cdc8c6.json,38cdc8c6,coding_task,3,three_day_main_effect,main_jitter_j000,main_effect,0,0,0,0,,jitter,,,True,3,0,124.31,216,5,5,True,0,0,0,heuristic,661,3
coding_task__three_day_main_effect__main_jitter_j000__run4__115f984b.json,115f984b,coding_task,4,three_day_main_effect,main_jitter_j000,main_effect,0,0,0,0,,jitter,,,True,3,0,101.89,312,5,5,True,0,0,0,heuristic,1045,3
coding_task__three_day_main_effect__main_jitter_j000__run5__2d77c965.json,2d77c965,coding_task,5,three_day_main_effect,main_jitter_j000,main_effect,0,0,0,0,,jitter,,,True,3,0,127.19,307,5,5,True,0,0,0,heuristic,992,3
coding_task__three_day_main_effect__main_jitter_j001__run1__06cea082.json,06cea082,coding_task,1,three_day_main_effect,main_jitter_j001,main_effect,50,0,1,0,,jitter,,,True,3,0,172.39,300,5,5,True,0,0,0,heuristic,987,3
coding_task__three_day_main_effect__main_jitter_j001__run2__b7881e57.json,b7881e57,coding_task,2,three_day_main_effect,main_jitter_j001,main_effect,50,0,1,0,,jitter,,,True,3,0,164.21,288,5,5,True,0,0,0,heuristic,954,3
coding_task__three_day_main_effect__main_jitter_j001__run3__9fe66c9b.json,9fe66c9b,coding_task,3,three_day_main_effect,main_jitter_j001,main_effect,50,0,1,0,,jitter,,,True,3,0,417.06,253,5,5,True,0,0,0,heuristic,809,3
coding_task__three_day_main_effect__main_jitter_j001__run4__b19b69a1.json,b19b69a1,coding_task,4,three_day_main_effect,main_jitter_j001,main_effect,50,0,1,0,,jitter,,,True,3,0,150.47,304,5,5,True,0,0,0,heuristic,1018,3
coding_task__three_day_main_effect__main_jitter_j001__run5__ea9cb1d4.json,ea9cb1d4,coding_task,5,three_day_main_effect,main_jitter_j001,main_effect,50,0,1,0,,jitter,,,True,3,0,120.71,251,5,5,True,0,0,0,heuristic,812,3
coding_task__three_day_main_effect__main_jitter_j005__run1__b28dfc21.json,b28dfc21,coding_task,1,three_day_main_effect,main_jitter_j005,main_effect,50,0,5,0,,jitter,,,True,3,0,258.08,318,5,5,True,0,0,0,heuristic,1062,3
coding_task__three_day_main_effect__main_jitter_j005__run2__1a0a4b9a.json,1a0a4b9a,coding_task,2,three_day_main_effect,main_jitter_j005,main_effect,50,0,5,0,,jitter,,,True,3,0,134.14,296,5,5,True,0,0,0,heuristic,984,3
coding_task__three_day_main_effect__main_jitter_j005__run3__49040f93.json,49040f93,coding_task,3,three_day_main_effect,main_jitter_j005,main_effect,50,0,5,0,,jitter,,,True,3,0,167.74,272,5,5,True,0,0,0,heuristic,884,3
coding_task__three_day_main_effect__main_jitter_j005__run4__d138a2a4.json,d138a2a4,coding_task,4,three_day_main_effect,main_jitter_j005,main_effect,50,0,5,0,,jitter,,,True,3,0,298.67,266,5,5,True,0,0,0,heuristic,861,3
coding_task__three_day_main_effect__main_jitter_j005__run5__e8d9ba5a.json,e8d9ba5a,coding_task,5,three_day_main_effect,main_jitter_j005,main_effect,50,0,5,0,,jitter,,,True,3,0,144.14,278,5,5,True,0,0,0,heuristic,916,3
coding_task__three_day_main_effect__main_jitter_j010__run1__01b18217.json,01b18217,coding_task,1,three_day_main_effect,main_jitter_j010,main_effect,50,0,10,0,,jitter,,,True,3,0,497.72,335,5,5,True,0,1,2,heuristic,1010,4
coding_task__three_day_main_effect__main_jitter_j010__run2__8c37cb7c.json,8c37cb7c,coding_task,2,three_day_main_effect,main_jitter_j010,main_effect,50,0,10,0,,jitter,,,True,3,0,157.06,220,5,5,True,0,0,0,heuristic,686,3
coding_task__three_day_main_effect__main_jitter_j010__run3__a2e7bfff.json,a2e7bfff,coding_task,3,three_day_main_effect,main_jitter_j010,main_effect,50,0,10,0,,jitter,,,True,3,0,110.87,243,5,5,True,0,0,0,heuristic,752,3
coding_task__three_day_main_effect__main_jitter_j010__run4__2f12730c.json,2f12730c,coding_task,4,three_day_main_effect,main_jitter_j010,main_effect,50,0,10,0,,jitter,,,True,3,0,112.15,266,5,5,True,0,0,0,heuristic,828,3
coding_task__three_day_main_effect__main_jitter_j010__run5__86470d2b.json,86470d2b,coding_task,5,three_day_main_effect,main_jitter_j010,main_effect,50,0,10,0,,jitter,,,True,3,0,174.5,310,5,5,True,0,0,0,heuristic,1010,3
coding_task__three_day_main_effect__main_jitter_j015__run1__a1983120.json,a1983120,coding_task,1,three_day_main_effect,main_jitter_j015,main_effect,50,0,15,0,,jitter,,,True,3,0,170.8,283,5,5,True,0,0,0,heuristic,924,3
coding_task__three_day_main_effect__main_jitter_j015__run2__8b483a08.json,8b483a08,coding_task,2,three_day_main_effect,main_jitter_j015,main_effect,50,0,15,0,,jitter,,,True,3,0,139.05,314,5,5,True,0,0,0,heuristic,1058,3
coding_task__three_day_main_effect__main_jitter_j015__run3__653fa43c.json,653fa43c,coding_task,3,three_day_main_effect,main_jitter_j015,main_effect,50,0,15,0,,jitter,,,True,3,0,234.46,336,5,5,True,0,0,0,heuristic,1132,3
coding_task__three_day_main_effect__main_jitter_j015__run4__644f9936.json,644f9936,coding_task,4,three_day_main_effect,main_jitter_j015,main_effect,50,0,15,0,,jitter,,,True,3,0,122.95,304,5,5,True,0,0,0,heuristic,1018,3
coding_task__three_day_main_effect__main_jitter_j015__run5__0543ccfb.json,0543ccfb,coding_task,5,three_day_main_effect,main_jitter_j015,main_effect,50,0,15,0,,jitter,,,True,3,0,147.43,271,5,5,True,0,0,0,heuristic,889,3
coding_task__three_day_main_effect__main_jitter_j020__run1__95a133cc.json,95a133cc,coding_task,1,three_day_main_effect,main_jitter_j020,main_effect,50,0,20,0,,jitter,,,True,3,0,112.9,261,5,5,True,0,0,0,heuristic,842,3
coding_task__three_day_main_effect__main_jitter_j020__run2__150ed6fc.json,150ed6fc,coding_task,2,three_day_main_effect,main_jitter_j020,main_effect,50,0,20,0,,jitter,,,True,3,0,126.5,246,5,5,True,0,0,0,heuristic,780,3
coding_task__three_day_main_effect__main_jitter_j020__run3__6a798754.json,6a798754,coding_task,3,three_day_main_effect,main_jitter_j020,main_effect,50,0,20,0,,jitter,,,True,3,0,258.41,286,5,5,True,0,0,0,heuristic,942,3
coding_task__three_day_main_effect__main_jitter_j020__run4__162ccb70.json,162ccb70,coding_task,4,three_day_main_effect,main_jitter_j020,main_effect,50,0,20,0,,jitter,,,True,3,0,85.95,253,5,5,True,0,0,0,heuristic,808,3
coding_task__three_day_main_effect__main_jitter_j020__run5__95e5e244.json,95e5e244,coding_task,5,three_day_main_effect,main_jitter_j020,main_effect,50,0,20,0,,jitter,,,True,3,0,277.33,279,5,5,True,0,0,0,heuristic,900,3
coding_task__three_day_main_effect__main_jitter_j025__run1__cbe80670.json,cbe80670,coding_task,1,three_day_main_effect,main_jitter_j025,main_effect,50,0,25,0,,jitter,,,True,3,0,155.42,327,5,5,True,0,0,0,heuristic,1080,3
coding_task__three_day_main_effect__main_jitter_j025__run2__cc2f126f.json,cc2f126f,coding_task,2,three_day_main_effect,main_jitter_j025,main_effect,50,0,25,0,,jitter,,,True,3,0,116.53,329,5,5,True,0,0,0,heuristic,1112,3
coding_task__three_day_main_effect__main_jitter_j025__run3__f68cd960.json,f68cd960,coding_task,3,three_day_main_effect,main_jitter_j025,main_effect,50,0,25,0,,jitter,,,True,3,0,125.77,263,5,5,True,0,0,0,heuristic,838,3
coding_task__three_day_main_effect__main_jitter_j025__run4__f87a720c.json,f87a720c,coding_task,4,three_day_main_effect,main_jitter_j025,main_effect,50,0,25,0,,jitter,,,True,3,0,144.95,353,5,5,True,0,0,0,heuristic,1199,3
coding_task__three_day_main_effect__main_jitter_j025__run5__bd898cc2.json,bd898cc2,coding_task,5,three_day_main_effect,main_jitter_j025,main_effect,50,0,25,0,,jitter,,,True,3,0,155.34,281,5,5,True,0,0,0,heuristic,921,3
coding_task__three_day_main_effect__main_jitter_j030__run1__5ec125ce.json,5ec125ce,coding_task,1,three_day_main_effect,main_jitter_j030,main_effect,50,0,30,0,,jitter,,,True,3,0,94.64,313,5,5,True,0,0,0,heuristic,1027,3
coding_task__three_day_main_effect__main_jitter_j030__run2__4dc17fa9.json,4dc17fa9,coding_task,2,three_day_main_effect,main_jitter_j030,main_effect,50,0,30,0,,jitter,,,True,3,0,193.43,285,5,5,True,0,0,0,heuristic,939,3
coding_task__three_day_main_effect__main_jitter_j030__run3__412717b9.json,412717b9,coding_task,3,three_day_main_effect,main_jitter_j030,main_effect,50,0,30,0,,jitter,,,True,3,0,114.1,306,5,5,True,0,0,0,heuristic,1025,3
coding_task__three_day_main_effect__main_jitter_j030__run4__df2aea81.json,df2aea81,coding_task,4,three_day_main_effect,main_jitter_j030,main_effect,50,0,30,0,,jitter,,,True,3,0,162.81,251,5,5,True,0,0,0,heuristic,789,3
coding_task__three_day_main_effect__main_jitter_j030__run5__d92893ba.json,d92893ba,coding_task,5,three_day_main_effect,main_jitter_j030,main_effect,50,0,30,0,,jitter,,,True,3,0,123.66,305,5,5,True,0,0,0,heuristic,991,3
coding_task__three_day_main_effect__main_jitter_j050__run1__fa7b91af.json,fa7b91af,coding_task,1,three_day_main_effect,main_jitter_j050,main_effect,50,0,50,0,,jitter,,,True,3,0,125.44,284,5,5,True,0,0,0,heuristic,909,3
coding_task__three_day_main_effect__main_jitter_j050__run2__70c73513.json,70c73513,coding_task,2,three_day_main_effect,main_jitter_j050,main_effect,50,0,50,0,,jitter,,,True,3,0,133.63,307,5,5,True,0,0,0,heuristic,1012,3
coding_task__three_day_main_effect__main_jitter_j050__run3__6fa8768f.json,6fa8768f,coding_task,3,three_day_main_effect,main_jitter_j050,main_effect,50,0,50,0,,jitter,,,True,3,0,101.82,313,5,5,True,0,0,0,heuristic,1024,3
coding_task__three_day_main_effect__main_jitter_j050__run4__730607cc.json,730607cc,coding_task,4,three_day_main_effect,main_jitter_j050,main_effect,50,0,50,0,,jitter,,,True,3,0,259.67,227,5,5,True,0,0,0,heuristic,693,3
coding_task__three_day_main_effect__main_jitter_j050__run5__ac2a64fe.json,ac2a64fe,coding_task,5,three_day_main_effect,main_jitter_j050,main_effect,50,0,50,0,,jitter,,,True,3,0,115.06,261,5,5,True,0,0,0,heuristic,850,3
coding_task__three_day_main_effect__main_jitter_j075__run1__86e3bb6b.json,86e3bb6b,coding_task,1,three_day_main_effect,main_jitter_j075,main_effect,50,0,75,0,,jitter,,,True,3,0,214.89,302,5,5,True,0,0,0,heuristic,1004,3
coding_task__three_day_main_effect__main_jitter_j075__run2__0d01b501.json,0d01b501,coding_task,2,three_day_main_effect,main_jitter_j075,main_effect,50,0,75,0,,jitter,,,True,3,0,116.85,257,5,5,True,0,0,0,heuristic,827,3
coding_task__three_day_main_effect__main_jitter_j075__run3__c466296c.json,c466296c,coding_task,3,three_day_main_effect,main_jitter_j075,main_effect,50,0,75,0,,jitter,,,True,3,0,116.33,304,5,5,True,0,0,0,heuristic,987,3
coding_task__three_day_main_effect__main_jitter_j075__run4__6455cc4d.json,6455cc4d,coding_task,4,three_day_main_effect,main_jitter_j075,main_effect,50,0,75,0,,jitter,,,True,3,0,97.84,253,5,5,True,0,0,0,heuristic,803,3
coding_task__three_day_main_effect__main_jitter_j075__run5__ff08a596.json,ff08a596,coding_task,5,three_day_main_effect,main_jitter_j075,main_effect,50,0,75,0,,jitter,,,True,3,0,114.7,268,5,5,True,0,0,0,heuristic,837,3
coding_task__three_day_main_effect__main_loss_loss0__run1__76023bc0.json,76023bc0,coding_task,1,three_day_main_effect,main_loss_loss0,main_effect,0,0,0,0,,loss,,,True,3,0,145.91,314,5,5,True,0,0,0,heuristic,1055,3
coding_task__three_day_main_effect__main_loss_loss0__run2__035fa6e0.json,035fa6e0,coding_task,2,three_day_main_effect,main_loss_loss0,main_effect,0,0,0,0,,loss,,,True,3,0,327.86,292,5,5,True,0,0,0,heuristic,967,3
coding_task__three_day_main_effect__main_loss_loss0__run3__544dbfa0.json,544dbfa0,coding_task,3,three_day_main_effect,main_loss_loss0,main_effect,0,0,0,0,,loss,,,True,3,0,148.99,282,5,5,True,0,0,0,heuristic,927,3
coding_task__three_day_main_effect__main_loss_loss0__run4__2f92c5fd.json,2f92c5fd,coding_task,4,three_day_main_effect,main_loss_loss0,main_effect,0,0,0,0,,loss,,,True,3,0,245.86,346,5,5,True,0,0,0,heuristic,1184,3
coding_task__three_day_main_effect__main_loss_loss0__run5__1a010fbf.json,1a010fbf,coding_task,5,three_day_main_effect,main_loss_loss0,main_effect,0,0,0,0,,loss,,,True,3,0,378.11,282,5,5,True,0,0,0,heuristic,914,3
coding_task__three_day_main_effect__main_loss_loss10__run1__181e5250.json,181e5250,coding_task,1,three_day_main_effect,main_loss_loss10,main_effect,0,0,0,10,,loss,,,True,3,0,102.33,331,5,5,True,0,0,0,heuristic,1127,3
coding_task__three_day_main_effect__main_loss_loss10__run2__7f2536c7.json,7f2536c7,coding_task,2,three_day_main_effect,main_loss_loss10,main_effect,0,0,0,10,,loss,,,True,3,0,133.07,334,5,5,True,0,0,0,heuristic,1148,3
coding_task__three_day_main_effect__main_loss_loss10__run3__65d951c1.json,65d951c1,coding_task,3,three_day_main_effect,main_loss_loss10,main_effect,0,0,0,10,,loss,,,True,3,0,361.63,313,5,5,True,0,0,0,heuristic,1048,3
coding_task__three_day_main_effect__main_loss_loss10__run4__1b4d47c6.json,1b4d47c6,coding_task,4,three_day_main_effect,main_loss_loss10,main_effect,0,0,0,10,,loss,,,True,3,0,107.35,298,5,5,True,0,0,0,heuristic,988,3
coding_task__three_day_main_effect__main_loss_loss10__run5__607b997a.json,607b997a,coding_task,5,three_day_main_effect,main_loss_loss10,main_effect,0,0,0,10,,loss,,,True,3,0,404.0,279,5,5,True,0,0,0,heuristic,886,3
coding_task__three_day_main_effect__main_loss_loss15__run1__b04e0524.json,b04e0524,coding_task,1,three_day_main_effect,main_loss_loss15,main_effect,0,0,0,15,,loss,,,True,3,0,105.87,307,5,5,True,0,0,0,heuristic,999,3
coding_task__three_day_main_effect__main_loss_loss15__run2__17e81ce6.json,17e81ce6,coding_task,2,three_day_main_effect,main_loss_loss15,main_effect,0,0,0,15,,loss,,,True,3,0,117.72,313,5,5,True,0,0,0,heuristic,1047,3
coding_task__three_day_main_effect__main_loss_loss15__run3__08c7e663.json,08c7e663,coding_task,3,three_day_main_effect,main_loss_loss15,main_effect,0,0,0,15,,loss,,,True,3,0,186.09,289,5,5,True,0,0,0,heuristic,932,3
coding_task__three_day_main_effect__main_loss_loss15__run4__ff0e436f.json,ff0e436f,coding_task,4,three_day_main_effect,main_loss_loss15,main_effect,0,0,0,15,,loss,,,True,3,0,114.42,264,5,5,True,0,0,0,heuristic,855,3
coding_task__three_day_main_effect__main_loss_loss15__run5__11c0d835.json,11c0d835,coding_task,5,three_day_main_effect,main_loss_loss15,main_effect,0,0,0,15,,loss,,,True,3,0,264.48,245,5,5,True,0,0,0,heuristic,767,3
coding_task__three_day_main_effect__main_loss_loss1__run1__d7fbb306.json,d7fbb306,coding_task,1,three_day_main_effect,main_loss_loss1,main_effect,0,0,0,1,,loss,,,True,3,0,104.66,293,5,5,True,0,0,0,heuristic,972,3
coding_task__three_day_main_effect__main_loss_loss1__run2__18ee35e9.json,18ee35e9,coding_task,2,three_day_main_effect,main_loss_loss1,main_effect,0,0,0,1,,loss,,,True,3,0,175.36,276,5,5,True,0,0,0,heuristic,905,3
coding_task__three_day_main_effect__main_loss_loss1__run3__415052ec.json,415052ec,coding_task,3,three_day_main_effect,main_loss_loss1,main_effect,0,0,0,1,,loss,,,True,3,0,108.92,252,5,5,True,0,0,0,heuristic,792,3
coding_task__three_day_main_effect__main_loss_loss1__run4__e10687ff.json,e10687ff,coding_task,4,three_day_main_effect,main_loss_loss1,main_effect,0,0,0,1,,loss,,,True,3,0,247.07,313,5,5,True,0,0,0,heuristic,1018,3
coding_task__three_day_main_effect__main_loss_loss1__run5__9e3658b2.json,9e3658b2,coding_task,5,three_day_main_effect,main_loss_loss1,main_effect,0,0,0,1,,loss,,,True,3,0,165.63,295,5,5,True,0,0,0,heuristic,980,3
coding_task__three_day_main_effect__main_loss_loss20__run1__e1ae1ba6.json,e1ae1ba6,coding_task,1,three_day_main_effect,main_loss_loss20,main_effect,0,0,0,20,,loss,,,True,3,0,104.3,287,5,5,True,0,0,0,heuristic,914,3
coding_task__three_day_main_effect__main_loss_loss20__run2__19cb8cb5.json,19cb8cb5,coding_task,2,three_day_main_effect,main_loss_loss20,main_effect,0,0,0,20,,loss,,,True,3,0,125.22,255,5,5,True,0,0,0,heuristic,819,3
coding_task__three_day_main_effect__main_loss_loss20__run3__7277097b.json,7277097b,coding_task,3,three_day_main_effect,main_loss_loss20,main_effect,0,0,0,20,,loss,,,True,3,0,104.26,276,5,5,True,0,0,0,heuristic,876,3
coding_task__three_day_main_effect__main_loss_loss20__run4__82842c1a.json,82842c1a,coding_task,4,three_day_main_effect,main_loss_loss20,main_effect,0,0,0,20,,loss,,,True,3,0,142.55,317,5,5,True,0,0,0,heuristic,1069,3
coding_task__three_day_main_effect__main_loss_loss20__run5__9d3f83c7.json,9d3f83c7,coding_task,5,three_day_main_effect,main_loss_loss20,main_effect,0,0,0,20,,loss,,,True,3,0,269.55,346,5,5,True,0,0,0,heuristic,1180,3
coding_task__three_day_main_effect__main_loss_loss25__run1__14cf961c.json,14cf961c,coding_task,1,three_day_main_effect,main_loss_loss25,main_effect,0,0,0,25,,loss,,,True,3,0,108.47,209,5,5,True,0,0,0,heuristic,651,3
coding_task__three_day_main_effect__main_loss_loss25__run2__4768900d.json,4768900d,coding_task,2,three_day_main_effect,main_loss_loss25,main_effect,0,0,0,25,,loss,,,True,3,0,152.35,337,5,5,True,0,0,0,heuristic,1145,3
coding_task__three_day_main_effect__main_loss_loss25__run3__630424b5.json,630424b5,coding_task,3,three_day_main_effect,main_loss_loss25,main_effect,0,0,0,25,,loss,,,True,3,0,142.8,341,5,5,True,0,0,0,heuristic,1161,3
coding_task__three_day_main_effect__main_loss_loss25__run4__d8ace956.json,d8ace956,coding_task,4,three_day_main_effect,main_loss_loss25,main_effect,0,0,0,25,,loss,,,True,3,0,130.91,272,5,5,True,0,0,0,heuristic,870,3
coding_task__three_day_main_effect__main_loss_loss25__run5__0d43c248.json,0d43c248,coding_task,5,three_day_main_effect,main_loss_loss25,main_effect,0,0,0,25,,loss,,,True,3,0,123.49,210,5,5,True,0,0,0,heuristic,636,3
coding_task__three_day_main_effect__main_loss_loss30__run1__943e4275.json,943e4275,coding_task,1,three_day_main_effect,main_loss_loss30,main_effect,0,0,0,30,,loss,,,True,3,0,128.48,326,5,5,True,0,0,0,heuristic,1103,3
coding_task__three_day_main_effect__main_loss_loss30__run2__d971daf0.json,d971daf0,coding_task,2,three_day_main_effect,main_loss_loss30,main_effect,0,0,0,30,,loss,,,True,3,0,424.81,320,5,5,True,0,0,0,heuristic,1051,3
coding_task__three_day_main_effect__main_loss_loss30__run3__9710d334.json,9710d334,coding_task,3,three_day_main_effect,main_loss_loss30,main_effect,0,0,0,30,,loss,,,True,3,0,95.72,251,5,5,True,0,0,0,heuristic,807,3
coding_task__three_day_main_effect__main_loss_loss30__run4__4b03dbbe.json,4b03dbbe,coding_task,4,three_day_main_effect,main_loss_loss30,main_effect,0,0,0,30,,loss,,,True,3,0,175.03,280,5,5,True,0,0,0,heuristic,925,3
coding_task__three_day_main_effect__main_loss_loss30__run5__18881bf7.json,18881bf7,coding_task,5,three_day_main_effect,main_loss_loss30,main_effect,0,0,0,30,,loss,,,True,3,0,122.96,265,5,5,True,0,0,0,heuristic,857,3
coding_task__three_day_main_effect__main_loss_loss40__run1__a4924fd1.json,a4924fd1,coding_task,1,three_day_main_effect,main_loss_loss40,main_effect,0,0,0,40,,loss,,,True,3,0,114.02,318,5,5,True,0,0,0,heuristic,1069,3
coding_task__three_day_main_effect__main_loss_loss40__run2__8b5c1e7e.json,8b5c1e7e,coding_task,2,three_day_main_effect,main_loss_loss40,main_effect,0,0,0,40,,loss,,,True,3,0,167.23,331,5,5,True,0,0,0,heuristic,1120,3
coding_task__three_day_main_effect__main_loss_loss40__run3__3b18e5b4.json,3b18e5b4,coding_task,3,three_day_main_effect,main_loss_loss40,main_effect,0,0,0,40,,loss,,,True,3,0,258.87,299,5,5,True,0,0,0,heuristic,1000,3
coding_task__three_day_main_effect__main_loss_loss40__run4__0adcb16d.json,0adcb16d,coding_task,4,three_day_main_effect,main_loss_loss40,main_effect,0,0,0,40,,loss,,,True,3,0,357.75,307,5,5,True,0,0,0,heuristic,1016,3
coding_task__three_day_main_effect__main_loss_loss40__run5__d663f17a.json,d663f17a,coding_task,5,three_day_main_effect,main_loss_loss40,main_effect,0,0,0,40,,loss,,,True,3,0,288.7,259,5,5,True,0,0,0,heuristic,835,3
coding_task__three_day_main_effect__main_loss_loss50__run1__95072955.json,95072955,coding_task,1,three_day_main_effect,main_loss_loss50,main_effect,0,0,0,50,,loss,,,True,3,0,400.04,332,5,5,True,0,0,0,heuristic,1125,3
coding_task__three_day_main_effect__main_loss_loss50__run2__3c09a2f9.json,3c09a2f9,coding_task,2,three_day_main_effect,main_loss_loss50,main_effect,0,0,0,50,,loss,,,True,3,0,126.19,312,5,5,True,0,0,0,heuristic,1042,3
coding_task__three_day_main_effect__main_loss_loss50__run3__3a62588c.json,3a62588c,coding_task,3,three_day_main_effect,main_loss_loss50,main_effect,0,0,0,50,,loss,,,True,3,0,494.83,272,5,5,True,0,1,2,heuristic,745,4
coding_task__three_day_main_effect__main_loss_loss50__run4__f9ac7200.json,f9ac7200,coding_task,4,three_day_main_effect,main_loss_loss50,main_effect,0,0,0,50,,loss,,,True,3,0,521.93,353,5,5,True,0,1,2,heuristic,1038,4
coding_task__three_day_main_effect__main_loss_loss50__run5__792afc21.json,792afc21,coding_task,5,three_day_main_effect,main_loss_loss50,main_effect,0,0,0,50,,loss,,,True,3,0,489.02,314,5,5,True,0,0,0,heuristic,1057,3
coding_task__three_day_main_effect__main_loss_loss5__run1__1dc5ac89.json,1dc5ac89,coding_task,1,three_day_main_effect,main_loss_loss5,main_effect,0,0,0,5,,loss,,,True,3,0,98.95,314,5,5,True,0,0,0,heuristic,1052,3
coding_task__three_day_main_effect__main_loss_loss5__run2__8c74ed90.json,8c74ed90,coding_task,2,three_day_main_effect,main_loss_loss5,main_effect,0,0,0,5,,loss,,,True,3,0,265.85,319,5,5,True,0,0,0,heuristic,1070,3
coding_task__three_day_main_effect__main_loss_loss5__run3__18370891.json,18370891,coding_task,3,three_day_main_effect,main_loss_loss5,main_effect,0,0,0,5,,loss,,,True,3,0,95.06,258,5,5,True,0,0,0,heuristic,828,3
coding_task__three_day_main_effect__main_loss_loss5__run4__b419514d.json,b419514d,coding_task,4,three_day_main_effect,main_loss_loss5,main_effect,0,0,0,5,,loss,,,True,3,0,235.36,276,5,5,True,0,0,0,heuristic,901,3
coding_task__three_day_main_effect__main_loss_loss5__run5__5d1ae363.json,5d1ae363,coding_task,5,three_day_main_effect,main_loss_loss5,main_effect,0,0,0,5,,loss,,,True,3,0,185.76,212,5,5,True,0,0,0,heuristic,644,3
coding_task__three_day_main_effect__main_loss_loss75__run1__7abd8b4a.json,7abd8b4a,coding_task,1,three_day_main_effect,main_loss_loss75,main_effect,0,0,0,75,,loss,,,False,1,0,1524.82,335,,1,False,2,2,5,heuristic,923,4
coding_task__three_day_main_effect__main_loss_loss75__run2__f442ba85.json,f442ba85,coding_task,2,three_day_main_effect,main_loss_loss75,main_effect,0,0,0,75,,loss,,,True,3,0,354.39,319,5,5,True,0,0,0,heuristic,1076,3
coding_task__three_day_main_effect__main_loss_loss75__run3__fcf800a3.json,fcf800a3,coding_task,3,three_day_main_effect,main_loss_loss75,main_effect,0,0,0,75,,loss,,,False,1,0,1148.76,105,,1,False,2,1,5,heuristic,0,3
coding_task__three_day_main_effect__main_loss_loss75__run4__49a35d89.json,49a35d89,coding_task,4,three_day_main_effect,main_loss_loss75,main_effect,0,0,0,75,,loss,,,True,3,0,500.67,312,5,5,True,0,0,2,heuristic,908,4
coding_task__three_day_main_effect__main_loss_loss75__run5__94b1cff3.json,94b1cff3,coding_task,5,three_day_main_effect,main_loss_loss75,main_effect,0,0,0,75,,loss,,,True,3,0,661.79,583,5,5,True,0,1,2,heuristic,862,5
data_analysis__r01_m01__sideA__three_day_tournament__factorial_baseline__run1__4018f10a.json,4018f10a,data_analysis,1,three_day_tournament,factorial_baseline,factorial,0,0,0,0,,,r01_m01,A,True,3,0,123.07,532,5,5,True,0,0,0,heuristic,1909,3
data_analysis__r01_m01__sideB__three_day_tournament__factorial_delay_loss_jitter__run1__976e205c.json,976e205c,data_analysis,1,three_day_tournament,factorial_delay_loss_jitter,factorial,300,300,30,5,,,r01_m01,B,True,3,0,93.4,446,5,5,True,0,0,0,heuristic,1576,3
data_analysis__r01_m02__sideA__three_day_tournament__factorial_jitter__run1__68cee0ba.json,68cee0ba,data_analysis,1,three_day_tournament,factorial_jitter,factorial,50,0,30,0,,,r01_m02,A,True,3,0,112.9,535,4,5,True,0,0,0,heuristic,1920,3
data_analysis__r01_m02__sideB__three_day_tournament__factorial_delay_loss__run1__3a471ea6.json,3a471ea6,data_analysis,1,three_day_tournament,factorial_delay_loss,factorial,300,300,0,5,,,r01_m02,B,True,3,0,122.35,531,5,5,True,0,0,0,heuristic,1898,3
data_analysis__r01_m03__sideA__three_day_tournament__factorial_loss__run1__bdc2a4de.json,bdc2a4de,data_analysis,1,three_day_tournament,factorial_loss,factorial,0,0,0,5,,,r01_m03,A,True,3,0,100.42,450,5,5,True,0,0,0,heuristic,1586,3
data_analysis__r01_m03__sideB__three_day_tournament__factorial_delay_jitter__run1__063ce95b.json,063ce95b,data_analysis,1,three_day_tournament,factorial_delay_jitter,factorial,300,300,30,0,,,r01_m03,B,True,3,0,124.11,556,5,5,True,0,0,0,heuristic,2002,3
data_analysis__r01_m04__sideA__three_day_tournament__factorial_loss_jitter__run1__d99ca875.json,d99ca875,data_analysis,1,three_day_tournament,factorial_loss_jitter,factorial,50,0,30,5,,,r01_m04,A,True,3,0,113.28,587,5,5,True,0,0,0,heuristic,2120,3
data_analysis__r01_m04__sideB__three_day_tournament__factorial_delay__run1__225148aa.json,225148aa,data_analysis,1,three_day_tournament,factorial_delay,factorial,300,300,0,0,,,r01_m04,B,True,3,0,103.41,545,5,5,True,0,0,0,heuristic,1942,3
data_analysis__r02_m01__sideA__three_day_tournament__factorial_baseline__run1__0587571b.json,0587571b,data_analysis,1,three_day_tournament,factorial_baseline,factorial,0,0,0,0,,,r02_m01,A,True,3,0,105.44,615,5,5,True,0,0,0,heuristic,2236,3
data_analysis__r02_m01__sideB__three_day_tournament__factorial_delay_loss__run1__2c6a1072.json,2c6a1072,data_analysis,1,three_day_tournament,factorial_delay_loss,factorial,300,300,0,5,,,r02_m01,B,True,3,0,108.62,479,5,5,True,0,0,0,heuristic,1702,3
data_analysis__r02_m02__sideA__three_day_tournament__factorial_delay_loss_jitter__run1__4be21449.json,4be21449,data_analysis,1,three_day_tournament,factorial_delay_loss_jitter,factorial,300,300,30,5,,,r02_m02,A,True,3,0,112.21,456,5,5,True,0,0,0,heuristic,1606,3
data_analysis__r02_m02__sideB__three_day_tournament__factorial_delay_jitter__run1__3b878ef8.json,3b878ef8,data_analysis,1,three_day_tournament,factorial_delay_jitter,factorial,300,300,30,0,,,r02_m02,B,True,3,0,109.75,486,5,5,True,0,0,0,heuristic,1723,3
data_analysis__r02_m03__sideA__three_day_tournament__factorial_jitter__run1__6dd5245f.json,6dd5245f,data_analysis,1,three_day_tournament,factorial_jitter,factorial,50,0,30,0,,,r02_m03,A,True,3,0,109.78,503,5,5,True,0,0,0,heuristic,1788,3
data_analysis__r02_m03__sideB__three_day_tournament__factorial_delay__run1__6a0d9dfd.json,6a0d9dfd,data_analysis,1,three_day_tournament,factorial_delay,factorial,300,300,0,0,,,r02_m03,B,True,3,0,108.28,554,5,5,True,0,0,0,heuristic,1997,3
data_analysis__r02_m04__sideA__three_day_tournament__factorial_loss__run1__ed52a4b1.json,ed52a4b1,data_analysis,1,three_day_tournament,factorial_loss,factorial,0,0,0,5,,,r02_m04,A,True,3,0,110.38,533,5,5,True,0,0,0,heuristic,1937,3
data_analysis__r02_m04__sideB__three_day_tournament__factorial_loss_jitter__run1__e507ff6c.json,e507ff6c,data_analysis,1,three_day_tournament,factorial_loss_jitter,factorial,50,0,30,5,,,r02_m04,B,True,3,0,114.24,543,5,5,True,0,0,0,heuristic,1974,3
data_analysis__r03_m01__sideA__three_day_tournament__factorial_baseline__run1__da36d130.json,da36d130,data_analysis,1,three_day_tournament,factorial_baseline,factorial,0,0,0,0,,,r03_m01,A,True,3,0,140.28,492,5,5,True,0,0,0,heuristic,1715,3
data_analysis__r03_m01__sideB__three_day_tournament__factorial_delay_jitter__run1__3b7e6c29.json,3b7e6c29,data_analysis,1,three_day_tournament,factorial_delay_jitter,factorial,300,300,30,0,,,r03_m01,B,True,3,0,128.83,504,5,5,True,0,0,0,heuristic,1799,3
data_analysis__r03_m02__sideA__three_day_tournament__factorial_delay_loss__run1__4a25f3d6.json,4a25f3d6,data_analysis,1,three_day_tournament,factorial_delay_loss,factorial,300,300,0,5,,,r03_m02,A,True,3,0,125.12,536,5,5,True,0,0,0,heuristic,1929,3
data_analysis__r03_m02__sideB__three_day_tournament__factorial_delay__run1__72c4a1b5.json,72c4a1b5,data_analysis,1,three_day_tournament,factorial_delay,factorial,300,300,0,0,,,r03_m02,B,True,3,0,96.94,457,5,5,True,0,0,0,heuristic,1612,3
data_analysis__r03_m03__sideA__three_day_tournament__factorial_delay_loss_jitter__run1__45c6fdde.json,45c6fdde,data_analysis,1,three_day_tournament,factorial_delay_loss_jitter,factorial,300,300,30,5,,,r03_m03,A,True,3,0,114.92,540,5,5,True,0,0,0,heuristic,1949,3
data_analysis__r03_m03__sideB__three_day_tournament__factorial_loss_jitter__run1__85b43c3f.json,85b43c3f,data_analysis,1,three_day_tournament,factorial_loss_jitter,factorial,50,0,30,5,,,r03_m03,B,True,3,0,133.04,454,5,5,True,0,0,0,heuristic,1602,3
data_analysis__r03_m04__sideA__three_day_tournament__factorial_jitter__run1__832f1fc0.json,832f1fc0,data_analysis,1,three_day_tournament,factorial_jitter,factorial,50,0,30,0,,,r03_m04,A,True,3,0,121.27,491,5,5,True,0,0,0,heuristic,1747,3
data_analysis__r03_m04__sideB__three_day_tournament__factorial_loss__run1__6c0ab322.json,6c0ab322,data_analysis,1,three_day_tournament,factorial_loss,factorial,0,0,0,5,,,r03_m04,B,True,3,0,124.02,562,5,5,True,0,0,0,heuristic,2027,3
data_analysis__r04_m01__sideA__three_day_tournament__factorial_baseline__run1__606fb005.json,606fb005,data_analysis,1,three_day_tournament,factorial_baseline,factorial,0,0,0,0,,,r04_m01,A,True,3,0,141.04,608,5,5,True,0,0,0,heuristic,2218,3
data_analysis__r04_m01__sideB__three_day_tournament__factorial_delay__run1__ee508bec.json,ee508bec,data_analysis,1,three_day_tournament,factorial_delay,factorial,300,300,0,0,,,r04_m01,B,True,3,0,108.09,492,5,5,True,0,0,0,heuristic,1749,3
data_analysis__r04_m02__sideA__three_day_tournament__factorial_delay_jitter__run1__79458b28.json,79458b28,data_analysis,1,three_day_tournament,factorial_delay_jitter,factorial,300,300,30,0,,,r04_m02,A,True,3,0,76.71,501,5,5,True,0,0,0,heuristic,1785,3
data_analysis__r04_m02__sideB__three_day_tournament__factorial_loss_jitter__run1__4d886520.json,4d886520,data_analysis,1,three_day_tournament,factorial_loss_jitter,factorial,50,0,30,5,,,r04_m02,B,True,3,0,84.28,460,5,5,True,0,0,0,heuristic,1625,3
data_analysis__r04_m03__sideA__three_day_tournament__factorial_delay_loss__run1__cf5d5ff8.json,cf5d5ff8,data_analysis,1,three_day_tournament,factorial_delay_loss,factorial,300,300,0,5,,,r04_m03,A,True,3,0,99.21,466,5,5,True,0,0,0,heuristic,1619,3
data_analysis__r04_m03__sideB__three_day_tournament__factorial_loss__run1__bd4f013f.json,bd4f013f,data_analysis,1,three_day_tournament,factorial_loss,factorial,0,0,0,5,,,r04_m03,B,True,3,0,99.78,554,5,5,True,0,0,0,heuristic,1985,3
data_analysis__r04_m04__sideA__three_day_tournament__factorial_delay_loss_jitter__run1__0553fdb7.json,0553fdb7,data_analysis,1,three_day_tournament,factorial_delay_loss_jitter,factorial,300,300,30,5,,,r04_m04,A,True,3,0,109.52,522,5,5,True,0,0,0,heuristic,1854,3
data_analysis__r04_m04__sideB__three_day_tournament__factorial_jitter__run1__016b163f.json,016b163f,data_analysis,1,three_day_tournament,factorial_jitter,factorial,50,0,30,0,,,r04_m04,B,True,3,0,104.99,623,5,5,True,0,0,0,heuristic,2263,3
data_analysis__r05_m01__sideA__three_day_tournament__factorial_baseline__run1__0e32fb39.json,0e32fb39,data_analysis,1,three_day_tournament,factorial_baseline,factorial,0,0,0,0,,,r05_m01,A,True,3,0,105.22,606,5,5,True,0,0,0,heuristic,2210,3
data_analysis__r05_m01__sideB__three_day_tournament__factorial_loss_jitter__run1__c516792e.json,c516792e,data_analysis,1,three_day_tournament,factorial_loss_jitter,factorial,50,0,30,5,,,r05_m01,B,True,3,0,89.09,527,5,5,True,0,0,0,heuristic,1881,3
data_analysis__r05_m02__sideA__three_day_tournament__factorial_delay__run1__373ccbd6.json,373ccbd6,data_analysis,1,three_day_tournament,factorial_delay,factorial,300,300,0,0,,,r05_m02,A,True,3,0,92.34,476,5,5,True,0,0,0,heuristic,1696,3
data_analysis__r05_m02__sideB__three_day_tournament__factorial_loss__run1__a692a7f5.json,a692a7f5,data_analysis,1,three_day_tournament,factorial_loss,factorial,0,0,0,5,,,r05_m02,B,True,3,0,91.29,512,5,5,True,0,0,0,heuristic,1829,3
data_analysis__r05_m03__sideA__three_day_tournament__factorial_delay_jitter__run1__7831e302.json,7831e302,data_analysis,1,three_day_tournament,factorial_delay_jitter,factorial,300,300,30,0,,,r05_m03,A,True,3,0,79.33,527,5,5,True,0,0,0,heuristic,1884,3
data_analysis__r05_m03__sideB__three_day_tournament__factorial_jitter__run1__90075c80.json,90075c80,data_analysis,1,three_day_tournament,factorial_jitter,factorial,50,0,30,0,,,r05_m03,B,True,3,0,92.56,511,5,5,True,0,0,0,heuristic,1829,3
data_analysis__r05_m04__sideA__three_day_tournament__factorial_delay_loss__run1__e00f0fce.json,e00f0fce,data_analysis,1,three_day_tournament,factorial_delay_loss,factorial,300,300,0,5,,,r05_m04,A,True,3,0,87.4,586,5,5,True,0,0,0,heuristic,2131,3
data_analysis__r05_m04__sideB__three_day_tournament__factorial_delay_loss_jitter__run1__e9a8e647.json,e9a8e647,data_analysis,1,three_day_tournament,factorial_delay_loss_jitter,factorial,300,300,30,5,,,r05_m04,B,True,3,0,107.1,603,5,5,True,0,0,0,heuristic,2220,3
data_analysis__r06_m01__sideA__three_day_tournament__factorial_baseline__run1__be8cdec9.json,be8cdec9,data_analysis,1,three_day_tournament,factorial_baseline,factorial,0,0,0,0,,,r06_m01,A,True,3,0,86.49,591,5,5,True,0,0,0,heuristic,2149,3
data_analysis__r06_m01__sideB__three_day_tournament__factorial_loss__run1__4fed335f.json,4fed335f,data_analysis,1,three_day_tournament,factorial_loss,factorial,0,0,0,5,,,r06_m01,B,True,3,0,76.34,515,5,5,True,0,0,0,heuristic,1843,3
data_analysis__r06_m02__sideA__three_day_tournament__factorial_loss_jitter__run1__4f38431f.json,4f38431f,data_analysis,1,three_day_tournament,factorial_loss_jitter,factorial,50,0,30,5,,,r06_m02,A,True,3,0,87.93,539,5,5,True,0,0,0,heuristic,1949,3
data_analysis__r06_m02__sideB__three_day_tournament__factorial_jitter__run1__fca10182.json,fca10182,data_analysis,1,three_day_tournament,factorial_jitter,factorial,50,0,30,0,,,r06_m02,B,True,3,0,90.55,529,5,5,True,0,0,0,heuristic,1888,3
data_analysis__r06_m03__sideA__three_day_tournament__factorial_delay__run1__817c9c29.json,817c9c29,data_analysis,1,three_day_tournament,factorial_delay,factorial,300,300,0,0,,,r06_m03,A,True,3,0,89.92,570,5,5,True,0,0,0,heuristic,2063,3
data_analysis__r06_m03__sideB__three_day_tournament__factorial_delay_loss_jitter__run1__fbdb9ef3.json,fbdb9ef3,data_analysis,1,three_day_tournament,factorial_delay_loss_jitter,factorial,300,300,30,5,,,r06_m03,B,True,3,0,105.15,493,5,5,True,0,0,0,heuristic,1727,3
data_analysis__r06_m04__sideA__three_day_tournament__factorial_delay_jitter__run1__28f1c75d.json,28f1c75d,data_analysis,1,three_day_tournament,factorial_delay_jitter,factorial,300,300,30,0,,,r06_m04,A,True,3,0,94.03,580,5,5,True,0,0,0,heuristic,2104,3
data_analysis__r06_m04__sideB__three_day_tournament__factorial_delay_loss__run1__a7cfb284.json,a7cfb284,data_analysis,1,three_day_tournament,factorial_delay_loss,factorial,300,300,0,5,,,r06_m04,B,True,3,0,104.83,574,5,5,True,0,0,0,heuristic,2082,3
data_analysis__r07_m01__sideA__three_day_tournament__factorial_baseline__run1__d90e9973.json,d90e9973,data_analysis,1,three_day_tournament,factorial_baseline,factorial,0,0,0,0,,,r07_m01,A,True,3,0,102.48,636,5,5,True,0,0,0,heuristic,2331,3
data_analysis__r07_m01__sideB__three_day_tournament__factorial_jitter__run1__cee49055.json,cee49055,data_analysis,1,three_day_tournament,factorial_jitter,factorial,50,0,30,0,,,r07_m01,B,True,3,0,100.79,581,5,5,True,0,0,0,heuristic,2107,3
data_analysis__r07_m02__sideA__three_day_tournament__factorial_loss__run1__41951ea1.json,41951ea1,data_analysis,1,three_day_tournament,factorial_loss,factorial,0,0,0,5,,,r07_m02,A,True,3,0,91.11,597,5,5,True,0,0,0,heuristic,2154,3
data_analysis__r07_m02__sideB__three_day_tournament__factorial_delay_loss_jitter__run1__de934df7.json,de934df7,data_analysis,1,three_day_tournament,factorial_delay_loss_jitter,factorial,300,300,30,5,,,r07_m02,B,True,3,0,88.88,485,5,5,True,0,0,0,heuristic,1723,3
data_analysis__r07_m03__sideA__three_day_tournament__factorial_loss_jitter__run1__b0de4011.json,b0de4011,data_analysis,1,three_day_tournament,factorial_loss_jitter,factorial,50,0,30,5,,,r07_m03,A,True,3,0,89.57,522,5,5,True,0,0,0,heuristic,1874,3
data_analysis__r07_m03__sideB__three_day_tournament__factorial_delay_loss__run1__cfd6204a.json,cfd6204a,data_analysis,1,three_day_tournament,factorial_delay_loss,factorial,300,300,0,5,,,r07_m03,B,True,3,0,93.8,598,5,5,True,0,0,0,heuristic,2183,3
data_analysis__r07_m04__sideA__three_day_tournament__factorial_delay__run1__63c38c52.json,63c38c52,data_analysis,1,three_day_tournament,factorial_delay,factorial,300,300,0,0,,,r07_m04,A,True,3,0,77.08,478,5,5,True,0,0,0,heuristic,1680,3
data_analysis__r07_m04__sideB__three_day_tournament__factorial_delay_jitter__run1__4f7aa5ec.json,4f7aa5ec,data_analysis,1,three_day_tournament,factorial_delay_jitter,factorial,300,300,30,0,,,r07_m04,B,True,3,0,95.09,584,5,5,True,0,0,0,heuristic,2128,3
data_analysis__three_day_baseline_extra__combined_d0000_loss0_j000__run10__03cc4a83.json,03cc4a83,data_analysis,10,three_day_baseline_extra,combined_d0000_loss0_j000,combined,0,0,0,0,,,,,True,3,0,128.36,586,5,5,True,0,0,0,heuristic,2127,3
data_analysis__three_day_baseline_extra__combined_d0000_loss0_j000__run11__6f2c862e.json,6f2c862e,data_analysis,11,three_day_baseline_extra,combined_d0000_loss0_j000,combined,0,0,0,0,,,,,True,3,0,128.85,507,5,5,True,0,0,0,heuristic,1823,3
data_analysis__three_day_baseline_extra__combined_d0000_loss0_j000__run12__f6cd1c66.json,f6cd1c66,data_analysis,12,three_day_baseline_extra,combined_d0000_loss0_j000,combined,0,0,0,0,,,,,True,3,0,100.07,436,5,5,True,0,0,0,heuristic,1528,3
data_analysis__three_day_baseline_extra__combined_d0000_loss0_j000__run13__5987b3b2.json,5987b3b2,data_analysis,13,three_day_baseline_extra,combined_d0000_loss0_j000,combined,0,0,0,0,,,,,True,3,0,128.27,424,5,5,True,0,0,0,heuristic,1497,3
data_analysis__three_day_baseline_extra__combined_d0000_loss0_j000__run14__e7b99ee3.json,e7b99ee3,data_analysis,14,three_day_baseline_extra,combined_d0000_loss0_j000,combined,0,0,0,0,,,,,True,3,0,120.69,597,5,5,True,0,0,0,heuristic,2161,3
data_analysis__three_day_baseline_extra__combined_d0000_loss0_j000__run15__bd03b7d0.json,bd03b7d0,data_analysis,15,three_day_baseline_extra,combined_d0000_loss0_j000,combined,0,0,0,0,,,,,True,3,0,123.68,634,5,5,True,0,0,0,heuristic,2308,3
data_analysis__three_day_baseline_extra__combined_d0000_loss0_j000__run16__efc69e8d.json,efc69e8d,data_analysis,16,three_day_baseline_extra,combined_d0000_loss0_j000,combined,0,0,0,0,,,,,True,3,0,113.83,583,5,5,True,0,0,0,heuristic,2114,3
data_analysis__three_day_baseline_extra__combined_d0000_loss0_j000__run17__0724f95e.json,0724f95e,data_analysis,17,three_day_baseline_extra,combined_d0000_loss0_j000,combined,0,0,0,0,,,,,True,3,0,109.96,527,5,5,True,0,0,0,heuristic,1885,3
data_analysis__three_day_baseline_extra__combined_d0000_loss0_j000__run18__a1efce46.json,a1efce46,data_analysis,18,three_day_baseline_extra,combined_d0000_loss0_j000,combined,0,0,0,0,,,,,True,3,0,138.11,630,5,5,True,0,0,0,heuristic,2304,3
data_analysis__three_day_baseline_extra__combined_d0000_loss0_j000__run19__3dd933fa.json,3dd933fa,data_analysis,19,three_day_baseline_extra,combined_d0000_loss0_j000,combined,0,0,0,0,,,,,True,3,0,130.44,501,5,5,True,0,0,0,heuristic,1790,3
data_analysis__three_day_baseline_extra__combined_d0000_loss0_j000__run1__52e7696f.json,52e7696f,data_analysis,1,three_day_baseline_extra,combined_d0000_loss0_j000,combined,0,0,0,0,,,,,True,3,0,109.92,586,5,5,True,0,0,0,heuristic,2135,3
data_analysis__three_day_baseline_extra__combined_d0000_loss0_j000__run20__d037607a.json,d037607a,data_analysis,20,three_day_baseline_extra,combined_d0000_loss0_j000,combined,0,0,0,0,,,,,True,3,0,116.32,568,5,5,True,0,0,0,heuristic,2059,3
data_analysis__three_day_baseline_extra__combined_d0000_loss0_j000__run2__b198b7d5.json,b198b7d5,data_analysis,2,three_day_baseline_extra,combined_d0000_loss0_j000,combined,0,0,0,0,,,,,True,3,0,120.08,612,5,5,True,0,0,0,heuristic,2214,3
data_analysis__three_day_baseline_extra__combined_d0000_loss0_j000__run3__1078f80c.json,1078f80c,data_analysis,3,three_day_baseline_extra,combined_d0000_loss0_j000,combined,0,0,0,0,,,,,True,3,0,130.02,556,5,5,True,0,0,0,heuristic,2014,3
data_analysis__three_day_baseline_extra__combined_d0000_loss0_j000__run4__5647f5b4.json,5647f5b4,data_analysis,4,three_day_baseline_extra,combined_d0000_loss0_j000,combined,0,0,0,0,,,,,True,3,0,148.16,611,5,5,True,0,0,0,heuristic,2191,3
data_analysis__three_day_baseline_extra__combined_d0000_loss0_j000__run5__166cfc8d.json,166cfc8d,data_analysis,5,three_day_baseline_extra,combined_d0000_loss0_j000,combined,0,0,0,0,,,,,True,3,0,132.88,602,5,5,True,0,0,0,heuristic,2184,3
data_analysis__three_day_baseline_extra__combined_d0000_loss0_j000__run6__e7cef2f9.json,e7cef2f9,data_analysis,6,three_day_baseline_extra,combined_d0000_loss0_j000,combined,0,0,0,0,,,,,True,3,0,110.06,496,5,5,True,0,0,0,heuristic,1771,3
data_analysis__three_day_baseline_extra__combined_d0000_loss0_j000__run7__1a076636.json,1a076636,data_analysis,7,three_day_baseline_extra,combined_d0000_loss0_j000,combined,0,0,0,0,,,,,True,3,0,125.3,670,5,5,True,0,0,0,heuristic,2461,3
data_analysis__three_day_baseline_extra__combined_d0000_loss0_j000__run8__680a7a79.json,680a7a79,data_analysis,8,three_day_baseline_extra,combined_d0000_loss0_j000,combined,0,0,0,0,,,,,True,3,0,114.57,576,5,5,True,0,0,0,heuristic,2075,3
data_analysis__three_day_baseline_extra__combined_d0000_loss0_j000__run9__c85cccc8.json,c85cccc8,data_analysis,9,three_day_baseline_extra,combined_d0000_loss0_j000,combined,0,0,0,0,,,,,True,3,0,113.92,637,5,5,True,0,0,0,heuristic,2349,3
data_analysis__three_day_combined_sample__combined_d0000_loss0_j000__run1__6c93ff87.json,6c93ff87,data_analysis,1,three_day_combined_sample,combined_d0000_loss0_j000,combined,0,0,0,0,,,,,True,3,0,89.89,471,5,5,True,0,0,0,heuristic,1656,3
data_analysis__three_day_combined_sample__combined_d0000_loss0_j001__run1__4f94ae6a.json,4f94ae6a,data_analysis,1,three_day_combined_sample,combined_d0000_loss0_j001,combined,50,0,1,0,,,,,True,3,0,169.77,492,5,5,True,0,0,0,heuristic,1741,3
data_analysis__three_day_combined_sample__combined_d0000_loss0_j020__run1__bfa4c6b0.json,bfa4c6b0,data_analysis,1,three_day_combined_sample,combined_d0000_loss0_j020,combined,50,0,20,0,,,,,True,3,0,90.63,499,5,5,True,0,0,0,heuristic,1779,3
data_analysis__three_day_combined_sample__combined_d0000_loss0_j075__run1__274bdbe2.json,274bdbe2,data_analysis,1,three_day_combined_sample,combined_d0000_loss0_j075,combined,50,0,75,0,,,,,True,3,0,99.22,576,5,5,True,0,0,0,heuristic,2084,3
data_analysis__three_day_combined_sample__combined_d0000_loss10_j020__run1__27db2e6c.json,27db2e6c,data_analysis,1,three_day_combined_sample,combined_d0000_loss10_j020,combined,50,0,20,10,,,,,True,3,0,139.41,525,5,5,True,0,0,0,heuristic,1877,3
data_analysis__three_day_combined_sample__combined_d0000_loss20_j000__run1__3b3defd9.json,3b3defd9,data_analysis,1,three_day_combined_sample,combined_d0000_loss20_j000,combined,0,0,0,20,,,,,True,3,0,93.74,524,5,5,True,0,0,0,heuristic,1883,3
data_analysis__three_day_combined_sample__combined_d0000_loss20_j020__run1__bb880312.json,bb880312,data_analysis,1,three_day_combined_sample,combined_d0000_loss20_j020,combined,50,0,20,20,,,,,True,3,0,96.66,508,5,5,True,0,0,0,heuristic,1813,3
data_analysis__three_day_combined_sample__combined_d0000_loss20_j075__run1__6dbf4b47.json,6dbf4b47,data_analysis,1,three_day_combined_sample,combined_d0000_loss20_j075,combined,50,0,75,20,,,,,True,3,0,88.66,578,5,5,True,0,0,0,heuristic,2092,3
data_analysis__three_day_combined_sample__combined_d0000_loss25_j075__run1__c467d218.json,c467d218,data_analysis,1,three_day_combined_sample,combined_d0000_loss25_j075,combined,50,0,75,25,,,,,True,3,0,114.75,526,5,5,True,0,0,0,heuristic,1861,3
data_analysis__three_day_combined_sample__combined_d0000_loss75_j000__run1__7ab7e30f.json,7ab7e30f,data_analysis,1,three_day_combined_sample,combined_d0000_loss75_j000,combined,0,0,0,75,,,,,True,3,0,299.43,590,5,5,True,0,0,0,heuristic,2150,3
data_analysis__three_day_combined_sample__combined_d0000_loss75_j005__run1__ce0e24fc.json,ce0e24fc,data_analysis,1,three_day_combined_sample,combined_d0000_loss75_j005,combined,50,0,5,75,,,,,True,3,0,208.95,517,5,5,True,0,0,0,heuristic,1859,3
data_analysis__three_day_combined_sample__combined_d0000_loss75_j020__run1__b5c82eea.json,b5c82eea,data_analysis,1,three_day_combined_sample,combined_d0000_loss75_j020,combined,50,0,20,75,,,,,True,3,0,487.45,534,5,5,True,0,1,2,heuristic,1787,4
data_analysis__three_day_combined_sample__combined_d0000_loss75_j075__run1__67bfd21d.json,67bfd21d,data_analysis,1,three_day_combined_sample,combined_d0000_loss75_j075,combined,50,0,75,75,,,,,False,2,0,871.19,1214,,5,True,2,2,5,heuristic,2337,5
data_analysis__three_day_combined_sample__combined_d0050_loss20_j030__run1__d348eefc.json,d348eefc,data_analysis,1,three_day_combined_sample,combined_d0050_loss20_j030,combined,50,50,30,20,,,,,True,3,0,103.53,534,5,5,True,0,0,0,heuristic,1920,3
data_analysis__three_day_combined_sample__combined_d0050_loss40_j075__run1__aa5c2c9c.json,aa5c2c9c,data_analysis,1,three_day_combined_sample,combined_d0050_loss40_j075,combined,50,50,75,40,,,,,True,3,0,120.57,446,5,5,True,0,0,0,heuristic,1568,3
data_analysis__three_day_combined_sample__combined_d0050_loss5_j025__run1__8f078b42.json,8f078b42,data_analysis,1,three_day_combined_sample,combined_d0050_loss5_j025,combined,50,50,25,5,,,,,True,3,0,107.76,489,5,5,True,0,0,0,heuristic,1730,3
data_analysis__three_day_combined_sample__combined_d0100_loss15_j010__run1__20f128f9.json,20f128f9,data_analysis,1,three_day_combined_sample,combined_d0100_loss15_j010,combined,100,100,10,15,,,,,True,3,0,102.7,488,5,5,True,0,0,0,heuristic,1735,3
data_analysis__three_day_combined_sample__combined_d0100_loss1_j001__run1__c77927c2.json,c77927c2,data_analysis,1,three_day_combined_sample,combined_d0100_loss1_j001,combined,100,100,1,1,,,,,True,3,0,109.04,542,5,5,True,0,0,0,heuristic,1958,3
data_analysis__three_day_combined_sample__combined_d0100_loss30_j015__run1__31b75ab4.json,31b75ab4,data_analysis,1,three_day_combined_sample,combined_d0100_loss30_j015,combined,100,100,15,30,,,,,True,3,0,96.18,580,5,5,True,0,0,0,heuristic,2106,3
data_analysis__three_day_combined_sample__combined_d0100_loss75_j025__run1__01d0e398.json,01d0e398,data_analysis,1,three_day_combined_sample,combined_d0100_loss75_j025,combined,100,100,25,75,,,,,False,1,0,973.63,547,,1,False,2,1,5,heuristic,1793,4
data_analysis__three_day_combined_sample__combined_d0150_loss20_j075__run1__48183794.json,48183794,data_analysis,1,three_day_combined_sample,combined_d0150_loss20_j075,combined,150,150,75,20,,,,,True,3,0,98.27,535,5,5,True,0,0,0,heuristic,1927,3
data_analysis__three_day_combined_sample__combined_d0150_loss50_j001__run1__68e2f40e.json,68e2f40e,data_analysis,1,three_day_combined_sample,combined_d0150_loss50_j001,combined,150,150,1,50,,,,,True,3,0,141.5,566,5,5,True,0,0,0,heuristic,2025,3
data_analysis__three_day_combined_sample__combined_d0150_loss5_j050__run1__9e50568a.json,9e50568a,data_analysis,1,three_day_combined_sample,combined_d0150_loss5_j050,combined,150,150,50,5,,,,,True,3,0,106.98,512,5,5,True,0,0,0,heuristic,1833,3
data_analysis__three_day_combined_sample__combined_d0200_loss15_j015__run1__40fd1c50.json,40fd1c50,data_analysis,1,three_day_combined_sample,combined_d0200_loss15_j015,combined,200,200,15,15,,,,,True,3,0,125.2,571,5,5,True,0,0,0,heuristic,2070,3
data_analysis__three_day_combined_sample__combined_d0200_loss1_j010__run1__4fc902b7.json,4fc902b7,data_analysis,1,three_day_combined_sample,combined_d0200_loss1_j010,combined,200,200,10,1,,,,,True,3,0,100.98,519,5,5,True,0,0,0,heuristic,1835,3
data_analysis__three_day_combined_sample__combined_d0200_loss30_j025__run1__6689ecb0.json,6689ecb0,data_analysis,1,three_day_combined_sample,combined_d0200_loss30_j025,combined,200,200,25,30,,,,,True,3,0,102.4,567,5,5,True,0,0,0,heuristic,2057,3
data_analysis__three_day_combined_sample__combined_d0200_loss75_j050__run1__a1fd8409.json,a1fd8409,data_analysis,1,three_day_combined_sample,combined_d0200_loss75_j050,combined,200,200,50,75,,,,,True,3,0,212.08,391,5,5,True,0,0,0,heuristic,1356,3
data_analysis__three_day_combined_sample__combined_d0250_loss25_j001__run1__feb36cda.json,feb36cda,data_analysis,1,three_day_combined_sample,combined_d0250_loss25_j001,combined,250,250,1,25,,,,,True,3,0,97.32,519,5,5,True,0,0,0,heuristic,1862,3
data_analysis__three_day_combined_sample__combined_d0250_loss50_j010__run1__7423af18.json,7423af18,data_analysis,1,three_day_combined_sample,combined_d0250_loss50_j010,combined,250,250,10,50,,,,,True,3,0,144.47,512,5,5,True,0,0,0,heuristic,1837,3
data_analysis__three_day_combined_sample__combined_d0250_loss5_j075__run1__c4063873.json,c4063873,data_analysis,1,three_day_combined_sample,combined_d0250_loss5_j075,combined,250,250,75,5,,,,,True,3,0,98.77,501,5,5,True,0,0,0,heuristic,1786,3
data_analysis__three_day_combined_sample__combined_d0300_loss15_j025__run1__681a499a.json,681a499a,data_analysis,1,three_day_combined_sample,combined_d0300_loss15_j025,combined,300,300,25,15,,,,,True,3,0,101.83,588,5,5,True,0,0,0,heuristic,2139,3
data_analysis__three_day_combined_sample__combined_d0300_loss1_j020__run1__7e23879a.json,7e23879a,data_analysis,1,three_day_combined_sample,combined_d0300_loss1_j020,combined,300,300,20,1,,,,,True,3,0,94.15,488,5,5,True,0,0,0,heuristic,1746,3
data_analysis__three_day_combined_sample__combined_d0300_loss30_j050__run1__70f0d06e.json,70f0d06e,data_analysis,1,three_day_combined_sample,combined_d0300_loss30_j050,combined,300,300,50,30,,,,,True,3,0,83.55,493,5,5,True,0,0,0,heuristic,1730,3
data_analysis__three_day_combined_sample__combined_d0350_loss0_j000__run1__bcacd026.json,bcacd026,data_analysis,1,three_day_combined_sample,combined_d0350_loss0_j000,combined,350,350,0,0,,,,,True,3,0,89.03,564,5,5,True,0,0,0,heuristic,2039,3
data_analysis__three_day_combined_sample__combined_d0350_loss10_j001__run1__05a671fc.json,05a671fc,data_analysis,1,three_day_combined_sample,combined_d0350_loss10_j001,combined,350,350,1,10,,,,,True,3,0,74.41,354,5,5,True,0,0,0,heuristic,1200,3
data_analysis__three_day_combined_sample__combined_d0350_loss25_j010__run1__b81cd9eb.json,b81cd9eb,data_analysis,1,three_day_combined_sample,combined_d0350_loss25_j010,combined,350,350,10,25,,,,,True,3,0,101.61,652,5,5,True,0,0,0,heuristic,2389,3
data_analysis__three_day_combined_sample__combined_d0350_loss50_j020__run1__aae76867.json,aae76867,data_analysis,1,three_day_combined_sample,combined_d0350_loss50_j020,combined,350,350,20,50,,,,,True,3,0,102.4,539,5,5,True,0,0,0,heuristic,1945,3
data_analysis__three_day_combined_sample__combined_d0400_loss15_j050__run1__4be05c78.json,4be05c78,data_analysis,1,three_day_combined_sample,combined_d0400_loss15_j050,combined,400,400,50,15,,,,,True,3,0,96.69,519,5,5,True,0,0,0,heuristic,1852,3
data_analysis__three_day_combined_sample__combined_d0400_loss1_j025__run1__d9a6c452.json,d9a6c452,data_analysis,1,three_day_combined_sample,combined_d0400_loss1_j025,combined,400,400,25,1,,,,,True,3,0,91.49,566,5,5,True,0,0,0,heuristic,2046,3
data_analysis__three_day_combined_sample__combined_d0400_loss40_j000__run1__94de8ec2.json,94de8ec2,data_analysis,1,three_day_combined_sample,combined_d0400_loss40_j000,combined,400,400,0,40,,,,,True,3,0,87.62,445,5,5,True,0,0,0,heuristic,1568,3
data_analysis__three_day_combined_sample__combined_d0450_loss0_j005__run1__79c0e86a.json,79c0e86a,data_analysis,1,three_day_combined_sample,combined_d0450_loss0_j005,combined,450,450,5,0,,,,,True,3,0,77.72,446,5,5,True,0,0,0,heuristic,1559,3
data_analysis__three_day_combined_sample__combined_d0450_loss10_j010__run1__2e468203.json,2e468203,data_analysis,1,three_day_combined_sample,combined_d0450_loss10_j010,combined,450,450,10,10,,,,,True,3,0,96.51,591,5,5,True,0,0,0,heuristic,2139,3
data_analysis__three_day_combined_sample__combined_d0450_loss25_j020__run1__bf9d3b0e.json,bf9d3b0e,data_analysis,1,three_day_combined_sample,combined_d0450_loss25_j020,combined,450,450,20,25,,,,,True,3,0,98.94,532,5,5,True,0,0,0,heuristic,1919,3
data_analysis__three_day_combined_sample__combined_d0450_loss50_j030__run1__18b5f287.json,18b5f287,data_analysis,1,three_day_combined_sample,combined_d0450_loss50_j030,combined,450,450,30,50,,,,,True,3,0,235.71,498,5,5,True,0,0,0,heuristic,1781,3
data_analysis__three_day_combined_sample__combined_d0500_loss0_j000__run1__2abf6c08.json,2abf6c08,data_analysis,1,three_day_combined_sample,combined_d0500_loss0_j000,combined,500,500,0,0,,,,,True,3,0,135.54,609,5,5,True,0,0,0,heuristic,2217,3
data_analysis__three_day_combined_sample__combined_d0500_loss0_j020__run1__2fe19224.json,2fe19224,data_analysis,1,three_day_combined_sample,combined_d0500_loss0_j020,combined,500,500,20,0,,,,,True,3,0,118.57,468,5,5,True,0,0,0,heuristic,1630,3
data_analysis__three_day_combined_sample__combined_d0500_loss0_j075__run1__095cb509.json,095cb509,data_analysis,1,three_day_combined_sample,combined_d0500_loss0_j075,combined,500,500,75,0,,,,,True,3,0,131.96,620,5,5,True,0,0,0,heuristic,2272,3
data_analysis__three_day_combined_sample__combined_d0500_loss20_j000__run1__a9304b1c.json,a9304b1c,data_analysis,1,three_day_combined_sample,combined_d0500_loss20_j000,combined,500,500,0,20,,,,,True,3,0,139.94,566,5,5,True,0,0,0,heuristic,2050,3
data_analysis__three_day_combined_sample__combined_d0500_loss20_j015__run1__b1502482.json,b1502482,data_analysis,1,three_day_combined_sample,combined_d0500_loss20_j015,combined,500,500,15,20,,,,,True,3,0,108.47,569,5,5,True,0,0,0,heuristic,2058,3
data_analysis__three_day_combined_sample__combined_d0500_loss20_j020__run1__c14af71e.json,c14af71e,data_analysis,1,three_day_combined_sample,combined_d0500_loss20_j020,combined,500,500,20,20,,,,,True,3,0,91.84,423,5,5,True,0,0,0,heuristic,1477,3
data_analysis__three_day_combined_sample__combined_d0500_loss20_j075__run1__1c188254.json,1c188254,data_analysis,1,three_day_combined_sample,combined_d0500_loss20_j075,combined,500,500,75,20,,,,,True,3,0,105.02,458,5,5,True,0,0,0,heuristic,1604,3
data_analysis__three_day_combined_sample__combined_d0500_loss40_j050__run1__3f937bbd.json,3f937bbd,data_analysis,1,three_day_combined_sample,combined_d0500_loss40_j050,combined,500,500,50,40,,,,,True,3,0,107.94,584,5,5,True,0,0,0,heuristic,2120,3
data_analysis__three_day_combined_sample__combined_d0500_loss5_j001__run1__61ab10e3.json,61ab10e3,data_analysis,1,three_day_combined_sample,combined_d0500_loss5_j001,combined,500,500,1,5,,,,,True,3,0,103.45,592,5,5,True,0,0,0,heuristic,2158,3
data_analysis__three_day_combined_sample__combined_d0500_loss75_j000__run1__788bc9b0.json,788bc9b0,data_analysis,1,three_day_combined_sample,combined_d0500_loss75_j000,combined,500,500,0,75,,,,,False,2,0,1262.89,1067,,5,True,2,3,5,heuristic,1887,5
data_analysis__three_day_combined_sample__combined_d0500_loss75_j020__run1__598df381.json,598df381,data_analysis,1,three_day_combined_sample,combined_d0500_loss75_j020,combined,500,500,20,75,,,,,False,2,0,1112.13,1036,,5,True,2,2,5,heuristic,2071,5
data_analysis__three_day_combined_sample__combined_d0500_loss75_j075__run1__cb5e2435.json,cb5e2435,data_analysis,1,three_day_combined_sample,combined_d0500_loss75_j075,combined,500,500,75,75,,,,,False,2,0,1373.38,965,,5,True,2,2,5,heuristic,1435,5
data_analysis__three_day_combined_sample__combined_d0550_loss15_j015__run1__a9506697.json,a9506697,data_analysis,1,three_day_combined_sample,combined_d0550_loss15_j015,combined,550,550,15,15,,,,,True,3,0,95.23,506,5,5,True,0,0,0,heuristic,1802,3
data_analysis__three_day_combined_sample__combined_d0550_loss1_j005__run1__de1f4cf3.json,de1f4cf3,data_analysis,1,three_day_combined_sample,combined_d0550_loss1_j005,combined,550,550,5,1,,,,,True,3,0,101.71,522,5,5,True,0,0,0,heuristic,1877,3
data_analysis__three_day_combined_sample__combined_d0550_loss30_j025__run1__5634f2da.json,5634f2da,data_analysis,1,three_day_combined_sample,combined_d0550_loss30_j025,combined,550,550,25,30,,,,,True,3,0,118.28,468,5,5,True,0,0,0,heuristic,1652,3
data_analysis__three_day_combined_sample__combined_d0550_loss75_j030__run1__88b182ef.json,88b182ef,data_analysis,1,three_day_combined_sample,combined_d0550_loss75_j030,combined,550,550,30,75,,,,,False,1,0,1357.52,620,,1,False,2,3,5,heuristic,2087,4
data_analysis__three_day_combined_sample__combined_d0600_loss25_j001__run1__339ac15d.json,339ac15d,data_analysis,1,three_day_combined_sample,combined_d0600_loss25_j001,combined,600,600,1,25,,,,,True,3,0,76.42,397,5,5,True,0,0,0,heuristic,1369,3
data_analysis__three_day_combined_sample__combined_d0600_loss50_j010__run1__544bd78b.json,544bd78b,data_analysis,1,three_day_combined_sample,combined_d0600_loss50_j010,combined,600,600,10,50,,,,,True,3,0,122.07,557,5,5,True,0,0,0,heuristic,2019,3
data_analysis__three_day_combined_sample__combined_d0600_loss5_j075__run1__867798a8.json,867798a8,data_analysis,1,three_day_combined_sample,combined_d0600_loss5_j075,combined,600,600,75,5,,,,,True,3,0,124.65,597,5,5,True,0,0,0,heuristic,2162,3
data_analysis__three_day_combined_sample__combined_d0650_loss15_j025__run1__2e82c8cd.json,2e82c8cd,data_analysis,1,three_day_combined_sample,combined_d0650_loss15_j025,combined,650,650,25,15,,,,,True,3,0,102.95,472,5,5,True,0,0,0,heuristic,1680,3
data_analysis__three_day_combined_sample__combined_d0650_loss1_j015__run1__65905f3a.json,65905f3a,data_analysis,1,three_day_combined_sample,combined_d0650_loss1_j015,combined,650,650,15,1,,,,,True,3,0,129.19,708,5,5,True,0,0,0,heuristic,2626,3
data_analysis__three_day_combined_sample__combined_d0650_loss30_j050__run1__7678b4ca.json,7678b4ca,data_analysis,1,three_day_combined_sample,combined_d0650_loss30_j050,combined,650,650,50,30,,,,,True,3,0,117.03,574,5,5,True,0,0,0,heuristic,2083,3
data_analysis__three_day_combined_sample__combined_d0650_loss75_j075__run1__80d47593.json,80d47593,data_analysis,1,three_day_combined_sample,combined_d0650_loss75_j075,combined,650,650,75,75,,,,,False,2,0,1432.54,1085,,5,True,2,3,5,heuristic,2118,5
data_analysis__three_day_combined_sample__combined_d0700_loss10_j001__run1__123ee1c4.json,123ee1c4,data_analysis,1,three_day_combined_sample,combined_d0700_loss10_j001,combined,700,700,1,10,,,,,True,3,0,98.38,431,5,5,True,0,0,0,heuristic,1516,3
data_analysis__three_day_combined_sample__combined_d0700_loss25_j010__run1__b77a777f.json,b77a777f,data_analysis,1,three_day_combined_sample,combined_d0700_loss25_j010,combined,700,700,10,25,,,,,True,3,0,131.37,707,5,5,True,0,0,0,heuristic,2610,3
data_analysis__three_day_combined_sample__combined_d0700_loss50_j015__run1__a499c217.json,a499c217,data_analysis,1,three_day_combined_sample,combined_d0700_loss50_j015,combined,700,700,15,50,,,,,True,3,0,115.69,529,5,5,True,0,0,0,heuristic,1895,3
data_analysis__three_day_combined_sample__combined_d0750_loss15_j050__run1__b240ddf7.json,b240ddf7,data_analysis,1,three_day_combined_sample,combined_d0750_loss15_j050,combined,750,750,50,15,,,,,True,3,0,128.82,642,5,5,True,0,0,0,heuristic,2349,3
data_analysis__three_day_combined_sample__combined_d0750_loss1_j025__run1__143d0f53.json,143d0f53,data_analysis,1,three_day_combined_sample,combined_d0750_loss1_j025,combined,750,750,25,1,,,,,True,3,0,108.39,534,5,5,True,0,0,0,heuristic,1910,3
data_analysis__three_day_combined_sample__combined_d0750_loss40_j000__run1__072e2f69.json,072e2f69,data_analysis,1,three_day_combined_sample,combined_d0750_loss40_j000,combined,750,750,0,40,,,,,True,3,0,515.62,557,5,5,True,0,1,2,heuristic,1881,4
data_analysis__three_day_combined_sample__combined_d0800_loss0_j001__run1__05d1ec4c.json,05d1ec4c,data_analysis,1,three_day_combined_sample,combined_d0800_loss0_j001,combined,800,800,1,0,,,,,True,3,0,135.39,494,5,5,True,0,0,0,heuristic,1758,3
data_analysis__three_day_combined_sample__combined_d0800_loss10_j010__run1__ad01e612.json,ad01e612,data_analysis,1,three_day_combined_sample,combined_d0800_loss10_j010,combined,800,800,10,10,,,,,True,3,0,147.22,651,5,5,True,0,0,0,heuristic,2342,3
data_analysis__three_day_combined_sample__combined_d0800_loss25_j020__run1__c75a6898.json,c75a6898,data_analysis,1,three_day_combined_sample,combined_d0800_loss25_j020,combined,800,800,20,25,,,,,True,3,0,139.09,588,5,5,True,0,0,0,heuristic,2120,3
data_analysis__three_day_combined_sample__combined_d0800_loss50_j025__run1__70c5e966.json,70c5e966,data_analysis,1,three_day_combined_sample,combined_d0800_loss50_j025,combined,800,800,25,50,,,,,True,3,0,145.83,633,5,5,True,0,0,0,heuristic,2321,3
data_analysis__three_day_combined_sample__combined_d0850_loss1_j050__run1__2366b859.json,2366b859,data_analysis,1,three_day_combined_sample,combined_d0850_loss1_j050,combined,850,850,50,1,,,,,True,3,0,142.64,524,5,5,True,0,0,0,heuristic,1882,3
data_analysis__three_day_combined_sample__combined_d0850_loss20_j000__run1__115e055d.json,115e055d,data_analysis,1,three_day_combined_sample,combined_d0850_loss20_j000,combined,850,850,0,20,,,,,True,3,0,146.69,662,5,5,True,0,0,0,heuristic,2428,3
data_analysis__three_day_combined_sample__combined_d0850_loss40_j001__run1__ea1e9848.json,ea1e9848,data_analysis,1,three_day_combined_sample,combined_d0850_loss40_j001,combined,850,850,1,40,,,,,True,3,0,140.33,524,5,5,True,0,0,0,heuristic,1881,3
data_analysis__three_day_combined_sample__combined_d0900_loss0_j010__run1__33f39613.json,33f39613,data_analysis,1,three_day_combined_sample,combined_d0900_loss0_j010,combined,900,900,10,0,,,,,True,3,0,134.9,611,5,5,True,0,0,0,heuristic,2220,3
data_analysis__three_day_combined_sample__combined_d0900_loss10_j020__run1__341669aa.json,341669aa,data_analysis,1,three_day_combined_sample,combined_d0900_loss10_j020,combined,900,900,20,10,,,,,True,3,0,101.16,476,5,5,True,0,0,0,heuristic,1688,3
data_analysis__three_day_combined_sample__combined_d0900_loss25_j025__run1__f009df2b.json,f009df2b,data_analysis,1,three_day_combined_sample,combined_d0900_loss25_j025,combined,900,900,25,25,,,,,True,3,0,143.6,542,5,5,True,0,0,0,heuristic,1945,3
data_analysis__three_day_combined_sample__combined_d0900_loss50_j050__run1__34fbd27f.json,34fbd27f,data_analysis,1,three_day_combined_sample,combined_d0900_loss50_j050,combined,900,900,50,50,,,,,True,3,0,277.31,502,5,5,True,0,0,0,heuristic,1780,3
data_analysis__three_day_combined_sample__combined_d0950_loss20_j005__run1__6a7b7049.json,6a7b7049,data_analysis,1,three_day_combined_sample,combined_d0950_loss20_j005,combined,950,950,5,20,,,,,True,3,0,131.29,515,5,5,True,0,0,0,heuristic,1843,3
data_analysis__three_day_combined_sample__combined_d0950_loss40_j010__run1__dc496778.json,dc496778,data_analysis,1,three_day_combined_sample,combined_d0950_loss40_j010,combined,950,950,10,40,,,,,True,3,0,110.5,489,5,5,True,0,0,0,heuristic,1728,3
data_analysis__three_day_combined_sample__combined_d0950_loss5_j000__run1__ce70fbe7.json,ce70fbe7,data_analysis,1,three_day_combined_sample,combined_d0950_loss5_j000,combined,950,950,0,5,,,,,True,3,0,123.37,667,5,5,True,0,0,0,heuristic,2436,3
data_analysis__three_day_combined_sample__combined_d1000_loss0_j000__run1__577dbc98.json,577dbc98,data_analysis,1,three_day_combined_sample,combined_d1000_loss0_j000,combined,1000,1000,0,0,,,,,True,3,0,107.8,546,5,5,True,0,0,0,heuristic,1971,3
data_analysis__three_day_combined_sample__combined_d1000_loss0_j020__run1__4aa3f7e9.json,4aa3f7e9,data_analysis,1,three_day_combined_sample,combined_d1000_loss0_j020,combined,1000,1000,20,0,,,,,True,3,0,104.97,568,5,5,True,0,0,0,heuristic,2063,3
data_analysis__three_day_combined_sample__combined_d1000_loss0_j030__run1__888e7757.json,888e7757,data_analysis,1,three_day_combined_sample,combined_d1000_loss0_j030,combined,1000,1000,30,0,,,,,True,3,0,136.69,451,5,5,True,0,0,0,heuristic,1576,3
data_analysis__three_day_combined_sample__combined_d1000_loss0_j075__run1__42dd88b3.json,42dd88b3,data_analysis,1,three_day_combined_sample,combined_d1000_loss0_j075,combined,1000,1000,75,0,,,,,True,3,0,122.25,651,5,5,True,0,0,0,heuristic,2384,3
data_analysis__three_day_combined_sample__combined_d1000_loss15_j000__run1__1ee6ddba.json,1ee6ddba,data_analysis,1,three_day_combined_sample,combined_d1000_loss15_j000,combined,1000,1000,0,15,,,,,True,3,0,134.77,467,5,5,True,0,0,0,heuristic,1652,3
data_analysis__three_day_combined_sample__combined_d1000_loss20_j000__run1__5b9beef5.json,5b9beef5,data_analysis,1,three_day_combined_sample,combined_d1000_loss20_j000,combined,1000,1000,0,20,,,,,True,3,0,121.22,427,5,5,True,0,0,0,heuristic,1494,3
data_analysis__three_day_combined_sample__combined_d1000_loss20_j020__run1__8a71fd6d.json,8a71fd6d,data_analysis,1,three_day_combined_sample,combined_d1000_loss20_j020,combined,1000,1000,20,20,,,,,True,3,0,142.33,599,5,5,True,0,0,0,heuristic,2146,3
data_analysis__three_day_combined_sample__combined_d1000_loss20_j075__run1__7e96ecc9.json,7e96ecc9,data_analysis,1,three_day_combined_sample,combined_d1000_loss20_j075,combined,1000,1000,75,20,,,,,True,3,0,99.68,478,5,5,True,0,0,0,heuristic,1719,3
data_analysis__three_day_combined_sample__combined_d1000_loss30_j015__run1__be847cbe.json,be847cbe,data_analysis,1,three_day_combined_sample,combined_d1000_loss30_j015,combined,1000,1000,15,30,,,,,True,3,0,247.23,469,5,5,True,0,0,0,heuristic,1659,3
data_analysis__three_day_combined_sample__combined_d1000_loss75_j000__run1__0dfb6cf8.json,0dfb6cf8,data_analysis,1,three_day_combined_sample,combined_d1000_loss75_j000,combined,1000,1000,0,75,,,,,False,2,0,1367.12,1325,,5,True,2,2,5,heuristic,1736,6
data_analysis__three_day_combined_sample__combined_d1000_loss75_j020__run1__ea2dc797.json,ea2dc797,data_analysis,1,three_day_combined_sample,combined_d1000_loss75_j020,combined,1000,1000,20,75,,,,,False,1,0,1136.79,99,,1,False,2,3,5,heuristic,0,3
data_analysis__three_day_combined_sample__combined_d1000_loss75_j050__run1__b8d056a2.json,b8d056a2,data_analysis,1,three_day_combined_sample,combined_d1000_loss75_j050,combined,1000,1000,50,75,,,,,False,2,0,1199.5,933,,5,True,2,3,5,heuristic,1818,5
data_analysis__three_day_combined_sample__combined_d1000_loss75_j075__run1__1e6de7ed.json,1e6de7ed,data_analysis,1,three_day_combined_sample,combined_d1000_loss75_j075,combined,1000,1000,75,75,,,,,False,1,0,1111.63,667,,1,False,2,2,5,heuristic,2272,4
data_analysis__three_day_main_effect__main_delay_d0000__run1__6baecb91.json,6baecb91,data_analysis,1,three_day_main_effect,main_delay_d0000,main_effect,0,0,0,0,,delay,,,True,3,0,96.69,581,5,5,True,0,0,0,heuristic,2113,3
data_analysis__three_day_main_effect__main_delay_d0000__run2__aedec02f.json,aedec02f,data_analysis,2,three_day_main_effect,main_delay_d0000,main_effect,0,0,0,0,,delay,,,True,3,0,90.25,507,5,5,True,0,0,0,heuristic,1815,3
data_analysis__three_day_main_effect__main_delay_d0000__run3__6b60fdb7.json,6b60fdb7,data_analysis,3,three_day_main_effect,main_delay_d0000,main_effect,0,0,0,0,,delay,,,True,3,0,96.81,524,5,5,True,0,0,0,heuristic,1880,3
data_analysis__three_day_main_effect__main_delay_d0000__run4__cf8919ff.json,cf8919ff,data_analysis,4,three_day_main_effect,main_delay_d0000,main_effect,0,0,0,0,,delay,,,True,3,0,109.59,576,5,5,True,0,0,0,heuristic,2090,3
data_analysis__three_day_main_effect__main_delay_d0000__run5__4df223ea.json,4df223ea,data_analysis,5,three_day_main_effect,main_delay_d0000,main_effect,0,0,0,0,,delay,,,True,3,0,76.94,501,5,5,True,0,0,0,heuristic,1783,3
data_analysis__three_day_main_effect__main_delay_d0050__run1__76a04d39.json,76a04d39,data_analysis,1,three_day_main_effect,main_delay_d0050,main_effect,50,50,0,0,,delay,,,True,3,0,83.38,521,5,5,True,0,0,0,heuristic,1848,3
data_analysis__three_day_main_effect__main_delay_d0050__run2__f8e4e512.json,f8e4e512,data_analysis,2,three_day_main_effect,main_delay_d0050,main_effect,50,50,0,0,,delay,,,True,3,0,120.21,515,5,5,True,0,0,0,heuristic,1854,3
data_analysis__three_day_main_effect__main_delay_d0050__run3__09b71f1c.json,09b71f1c,data_analysis,3,three_day_main_effect,main_delay_d0050,main_effect,50,50,0,0,,delay,,,True,3,0,104.19,562,5,5,True,0,0,0,heuristic,2029,3
data_analysis__three_day_main_effect__main_delay_d0050__run4__4e1d09c4.json,4e1d09c4,data_analysis,4,three_day_main_effect,main_delay_d0050,main_effect,50,50,0,0,,delay,,,True,3,0,111.99,533,5,5,True,0,0,0,heuristic,1884,3
data_analysis__three_day_main_effect__main_delay_d0050__run5__3518cea5.json,3518cea5,data_analysis,5,three_day_main_effect,main_delay_d0050,main_effect,50,50,0,0,,delay,,,True,3,0,93.09,561,5,5,True,0,0,0,heuristic,2033,3
data_analysis__three_day_main_effect__main_delay_d0100__run1__26a67325.json,26a67325,data_analysis,1,three_day_main_effect,main_delay_d0100,main_effect,100,100,0,0,,delay,,,True,3,0,102.58,544,5,5,True,0,0,0,heuristic,1968,3
data_analysis__three_day_main_effect__main_delay_d0100__run2__bfb96357.json,bfb96357,data_analysis,2,three_day_main_effect,main_delay_d0100,main_effect,100,100,0,0,,delay,,,True,3,0,120.01,474,5,5,True,0,0,0,heuristic,1678,3
data_analysis__three_day_main_effect__main_delay_d0100__run3__ffc9c1bc.json,ffc9c1bc,data_analysis,3,three_day_main_effect,main_delay_d0100,main_effect,100,100,0,0,,delay,,,True,3,0,93.52,423,5,5,True,0,0,0,heuristic,1477,3
data_analysis__three_day_main_effect__main_delay_d0100__run4__e7079d21.json,e7079d21,data_analysis,4,three_day_main_effect,main_delay_d0100,main_effect,100,100,0,0,,delay,,,True,3,0,96.2,543,5,5,True,0,0,0,heuristic,1946,3
data_analysis__three_day_main_effect__main_delay_d0100__run5__600ee7fe.json,600ee7fe,data_analysis,5,three_day_main_effect,main_delay_d0100,main_effect,100,100,0,0,,delay,,,True,3,0,85.67,512,5,5,True,0,0,0,heuristic,1833,3
data_analysis__three_day_main_effect__main_delay_d0150__run1__de7c7c6e.json,de7c7c6e,data_analysis,1,three_day_main_effect,main_delay_d0150,main_effect,150,150,0,0,,delay,,,True,3,0,101.41,652,5,5,True,0,0,0,heuristic,2377,3
data_analysis__three_day_main_effect__main_delay_d0150__run2__3a84f596.json,3a84f596,data_analysis,2,three_day_main_effect,main_delay_d0150,main_effect,150,150,0,0,,delay,,,True,3,0,103.91,454,5,5,True,0,0,0,heuristic,1588,3
data_analysis__three_day_main_effect__main_delay_d0150__run3__5bbd1208.json,5bbd1208,data_analysis,3,three_day_main_effect,main_delay_d0150,main_effect,150,150,0,0,,delay,,,True,3,0,96.43,412,5,4,True,0,0,0,heuristic,1435,3
data_analysis__three_day_main_effect__main_delay_d0150__run4__6be1f637.json,6be1f637,data_analysis,4,three_day_main_effect,main_delay_d0150,main_effect,150,150,0,0,,delay,,,True,3,0,78.68,447,5,5,True,0,0,0,heuristic,1562,3
data_analysis__three_day_main_effect__main_delay_d0150__run5__8c0a8d31.json,8c0a8d31,data_analysis,5,three_day_main_effect,main_delay_d0150,main_effect,150,150,0,0,,delay,,,True,3,0,100.87,509,5,5,True,0,0,0,heuristic,1812,3
data_analysis__three_day_main_effect__main_delay_d0200__run1__8b67bb06.json,8b67bb06,data_analysis,1,three_day_main_effect,main_delay_d0200,main_effect,200,200,0,0,,delay,,,True,3,0,90.01,616,5,5,True,0,0,0,heuristic,2245,3
data_analysis__three_day_main_effect__main_delay_d0200__run2__49b5d616.json,49b5d616,data_analysis,2,three_day_main_effect,main_delay_d0200,main_effect,200,200,0,0,,delay,,,True,3,0,117.21,552,5,5,True,0,0,0,heuristic,2003,3
data_analysis__three_day_main_effect__main_delay_d0200__run3__1b7dafdc.json,1b7dafdc,data_analysis,3,three_day_main_effect,main_delay_d0200,main_effect,200,200,0,0,,delay,,,True,3,0,96.94,478,5,5,True,0,0,0,heuristic,1693,3
data_analysis__three_day_main_effect__main_delay_d0200__run4__9f4e9642.json,9f4e9642,data_analysis,4,three_day_main_effect,main_delay_d0200,main_effect,200,200,0,0,,delay,,,True,3,0,116.85,582,5,5,True,0,0,0,heuristic,2108,3
data_analysis__three_day_main_effect__main_delay_d0200__run5__1f03eb45.json,1f03eb45,data_analysis,5,three_day_main_effect,main_delay_d0200,main_effect,200,200,0,0,,delay,,,True,3,0,97.79,447,5,5,True,0,0,0,heuristic,1541,3
data_analysis__three_day_main_effect__main_delay_d0250__run1__19b8ab90.json,19b8ab90,data_analysis,1,three_day_main_effect,main_delay_d0250,main_effect,250,250,0,0,,delay,,,True,3,0,98.32,536,5,5,True,0,0,0,heuristic,1933,3
data_analysis__three_day_main_effect__main_delay_d0250__run2__e47bef83.json,e47bef83,data_analysis,2,three_day_main_effect,main_delay_d0250,main_effect,250,250,0,0,,delay,,,True,3,0,147.82,567,5,5,True,0,0,0,heuristic,2022,3
data_analysis__three_day_main_effect__main_delay_d0250__run3__a9da17e2.json,a9da17e2,data_analysis,3,three_day_main_effect,main_delay_d0250,main_effect,250,250,0,0,,delay,,,True,3,0,75.58,444,5,5,True,0,0,0,heuristic,1557,3
data_analysis__three_day_main_effect__main_delay_d0250__run4__14be0388.json,14be0388,data_analysis,4,three_day_main_effect,main_delay_d0250,main_effect,250,250,0,0,,delay,,,True,3,0,80.41,406,5,5,True,0,0,0,heuristic,1400,3
data_analysis__three_day_main_effect__main_delay_d0250__run5__fcd5427f.json,fcd5427f,data_analysis,5,three_day_main_effect,main_delay_d0250,main_effect,250,250,0,0,,delay,,,True,3,0,98.7,582,5,5,True,0,0,0,heuristic,2116,3
data_analysis__three_day_main_effect__main_delay_d0300__run1__a1f3ff22.json,a1f3ff22,data_analysis,1,three_day_main_effect,main_delay_d0300,main_effect,300,300,0,0,,delay,,,True,3,0,95.31,554,5,5,True,0,0,0,heuristic,1989,3
data_analysis__three_day_main_effect__main_delay_d0300__run2__54da1957.json,54da1957,data_analysis,2,three_day_main_effect,main_delay_d0300,main_effect,300,300,0,0,,delay,,,True,3,0,128.23,464,5,5,True,0,0,0,heuristic,1640,3
data_analysis__three_day_main_effect__main_delay_d0300__run3__4b4715ac.json,4b4715ac,data_analysis,3,three_day_main_effect,main_delay_d0300,main_effect,300,300,0,0,,delay,,,True,3,0,106.91,618,5,5,True,0,0,0,heuristic,2250,3
data_analysis__three_day_main_effect__main_delay_d0300__run4__4660b5bc.json,4660b5bc,data_analysis,4,three_day_main_effect,main_delay_d0300,main_effect,300,300,0,0,,delay,,,True,3,0,107.11,571,5,5,True,0,0,0,heuristic,2073,3
data_analysis__three_day_main_effect__main_delay_d0300__run5__0a2559df.json,0a2559df,data_analysis,5,three_day_main_effect,main_delay_d0300,main_effect,300,300,0,0,,delay,,,True,3,0,84.35,518,5,5,True,0,0,0,heuristic,1855,3
data_analysis__three_day_main_effect__main_delay_d0350__run1__3d1d8e71.json,3d1d8e71,data_analysis,1,three_day_main_effect,main_delay_d0350,main_effect,350,350,0,0,,delay,,,True,3,0,88.37,474,5,5,True,0,0,0,heuristic,1679,3
data_analysis__three_day_main_effect__main_delay_d0350__run2__012e34a2.json,012e34a2,data_analysis,2,three_day_main_effect,main_delay_d0350,main_effect,350,350,0,0,,delay,,,True,3,0,142.06,495,5,5,True,0,0,0,heuristic,1758,3
data_analysis__three_day_main_effect__main_delay_d0350__run3__6e995427.json,6e995427,data_analysis,3,three_day_main_effect,main_delay_d0350,main_effect,350,350,0,0,,delay,,,True,3,0,93.59,529,5,5,True,0,0,0,heuristic,1904,3
data_analysis__three_day_main_effect__main_delay_d0350__run4__e721445c.json,e721445c,data_analysis,4,three_day_main_effect,main_delay_d0350,main_effect,350,350,0,0,,delay,,,True,3,0,152.9,617,5,5,True,0,0,0,heuristic,2258,3
data_analysis__three_day_main_effect__main_delay_d0350__run5__f3fffa96.json,f3fffa96,data_analysis,5,three_day_main_effect,main_delay_d0350,main_effect,350,350,0,0,,delay,,,True,3,0,100.98,526,5,5,True,0,0,0,heuristic,1889,3
data_analysis__three_day_main_effect__main_delay_d0400__run1__c862db03.json,c862db03,data_analysis,1,three_day_main_effect,main_delay_d0400,main_effect,400,400,0,0,,delay,,,True,3,0,115.24,705,5,5,True,0,0,0,heuristic,2605,3
data_analysis__three_day_main_effect__main_delay_d0400__run2__1736a117.json,1736a117,data_analysis,2,three_day_main_effect,main_delay_d0400,main_effect,400,400,0,0,,delay,,,True,3,0,125.44,515,4,5,True,0,0,0,heuristic,1832,3
data_analysis__three_day_main_effect__main_delay_d0400__run3__2280b788.json,2280b788,data_analysis,3,three_day_main_effect,main_delay_d0400,main_effect,400,400,0,0,,delay,,,True,3,0,106.74,575,5,5,True,0,0,0,heuristic,2083,3
data_analysis__three_day_main_effect__main_delay_d0400__run4__285cdeed.json,285cdeed,data_analysis,4,three_day_main_effect,main_delay_d0400,main_effect,400,400,0,0,,delay,,,True,3,0,117.99,563,5,5,True,0,0,0,heuristic,2014,3
data_analysis__three_day_main_effect__main_delay_d0400__run5__36bda493.json,36bda493,data_analysis,5,three_day_main_effect,main_delay_d0400,main_effect,400,400,0,0,,delay,,,True,3,0,98.0,538,5,5,True,0,0,0,heuristic,1935,3
data_analysis__three_day_main_effect__main_delay_d0450__run1__81419ecb.json,81419ecb,data_analysis,1,three_day_main_effect,main_delay_d0450,main_effect,450,450,0,0,,delay,,,True,3,0,100.13,594,5,5,True,0,0,0,heuristic,2158,3
data_analysis__three_day_main_effect__main_delay_d0450__run2__5e5943a5.json,5e5943a5,data_analysis,2,three_day_main_effect,main_delay_d0450,main_effect,450,450,0,0,,delay,,,True,3,0,97.12,463,5,5,True,0,0,0,heuristic,1632,3
data_analysis__three_day_main_effect__main_delay_d0450__run3__a1c3f9b2.json,a1c3f9b2,data_analysis,3,three_day_main_effect,main_delay_d0450,main_effect,450,450,0,0,,delay,,,True,3,0,110.91,551,5,5,True,0,0,0,heuristic,1960,3
data_analysis__three_day_main_effect__main_delay_d0450__run4__38f87154.json,38f87154,data_analysis,4,three_day_main_effect,main_delay_d0450,main_effect,450,450,0,0,,delay,,,True,3,0,110.7,559,5,5,True,0,0,0,heuristic,2028,3
data_analysis__three_day_main_effect__main_delay_d0450__run5__7ffdde80.json,7ffdde80,data_analysis,5,three_day_main_effect,main_delay_d0450,main_effect,450,450,0,0,,delay,,,True,3,0,88.54,511,5,5,True,0,0,0,heuristic,1828,3
data_analysis__three_day_main_effect__main_delay_d0500__run1__9f32590e.json,9f32590e,data_analysis,1,three_day_main_effect,main_delay_d0500,main_effect,500,500,0,0,,delay,,,True,3,0,105.39,557,5,5,True,0,0,0,heuristic,1993,3
data_analysis__three_day_main_effect__main_delay_d0500__run2__8a4b55b0.json,8a4b55b0,data_analysis,2,three_day_main_effect,main_delay_d0500,main_effect,500,500,0,0,,delay,,,True,3,0,98.79,477,5,5,True,0,0,0,heuristic,1691,3
data_analysis__three_day_main_effect__main_delay_d0500__run3__11e6b5ce.json,11e6b5ce,data_analysis,3,three_day_main_effect,main_delay_d0500,main_effect,500,500,0,0,,delay,,,True,3,0,125.15,605,5,5,True,0,0,0,heuristic,2201,3
data_analysis__three_day_main_effect__main_delay_d0500__run4__2af6ad2a.json,2af6ad2a,data_analysis,4,three_day_main_effect,main_delay_d0500,main_effect,500,500,0,0,,delay,,,True,3,0,96.81,467,5,5,True,0,0,0,heuristic,1645,3
data_analysis__three_day_main_effect__main_delay_d0500__run5__6e092a13.json,6e092a13,data_analysis,5,three_day_main_effect,main_delay_d0500,main_effect,500,500,0,0,,delay,,,True,3,0,99.31,471,5,5,True,0,0,0,heuristic,1670,3
data_analysis__three_day_main_effect__main_delay_d0550__run1__15f89bf7.json,15f89bf7,data_analysis,1,three_day_main_effect,main_delay_d0550,main_effect,550,550,0,0,,delay,,,True,3,0,80.82,488,5,5,True,0,0,0,heuristic,1728,3
data_analysis__three_day_main_effect__main_delay_d0550__run2__9db333fc.json,9db333fc,data_analysis,2,three_day_main_effect,main_delay_d0550,main_effect,550,550,0,0,,delay,,,True,3,0,74.55,411,5,5,True,0,0,0,heuristic,1424,3
data_analysis__three_day_main_effect__main_delay_d0550__run3__478f56a6.json,478f56a6,data_analysis,3,three_day_main_effect,main_delay_d0550,main_effect,550,550,0,0,,delay,,,True,3,0,101.0,583,5,5,True,0,0,0,heuristic,2109,3
data_analysis__three_day_main_effect__main_delay_d0550__run4__e355fc31.json,e355fc31,data_analysis,4,three_day_main_effect,main_delay_d0550,main_effect,550,550,0,0,,delay,,,True,3,0,88.18,473,5,5,True,0,0,0,heuristic,1674,3
data_analysis__three_day_main_effect__main_delay_d0550__run5__74ce861a.json,74ce861a,data_analysis,5,three_day_main_effect,main_delay_d0550,main_effect,550,550,0,0,,delay,,,True,3,0,124.17,585,5,5,True,0,0,0,heuristic,2128,3
data_analysis__three_day_main_effect__main_delay_d0600__run1__d43bd1bf.json,d43bd1bf,data_analysis,1,three_day_main_effect,main_delay_d0600,main_effect,600,600,0,0,,delay,,,True,3,0,120.74,654,5,4,True,0,0,0,heuristic,2375,3
data_analysis__three_day_main_effect__main_delay_d0600__run2__3590cc5b.json,3590cc5b,data_analysis,2,three_day_main_effect,main_delay_d0600,main_effect,600,600,0,0,,delay,,,True,3,0,96.42,483,5,5,True,0,0,0,heuristic,1715,3
data_analysis__three_day_main_effect__main_delay_d0600__run3__6502b3d1.json,6502b3d1,data_analysis,3,three_day_main_effect,main_delay_d0600,main_effect,600,600,0,0,,delay,,,True,3,0,105.51,636,5,5,True,0,0,0,heuristic,2334,3
data_analysis__three_day_main_effect__main_delay_d0600__run4__9cb05080.json,9cb05080,data_analysis,4,three_day_main_effect,main_delay_d0600,main_effect,600,600,0,0,,delay,,,True,3,0,118.0,599,5,5,True,0,0,0,heuristic,2168,3
data_analysis__three_day_main_effect__main_delay_d0600__run5__26192892.json,26192892,data_analysis,5,three_day_main_effect,main_delay_d0600,main_effect,600,600,0,0,,delay,,,True,3,0,129.6,527,5,5,True,0,0,0,heuristic,1866,3
data_analysis__three_day_main_effect__main_delay_d0650__run1__66aefc8f.json,66aefc8f,data_analysis,1,three_day_main_effect,main_delay_d0650,main_effect,650,650,0,0,,delay,,,True,3,0,128.61,595,5,5,True,0,0,0,heuristic,2180,3
data_analysis__three_day_main_effect__main_delay_d0650__run2__1b36c57d.json,1b36c57d,data_analysis,2,three_day_main_effect,main_delay_d0650,main_effect,650,650,0,0,,delay,,,True,3,0,107.27,505,5,5,True,0,0,0,heuristic,1787,3
data_analysis__three_day_main_effect__main_delay_d0650__run3__386130a4.json,386130a4,data_analysis,3,three_day_main_effect,main_delay_d0650,main_effect,650,650,0,0,,delay,,,True,3,0,122.36,545,5,5,True,0,0,0,heuristic,1940,3
data_analysis__three_day_main_effect__main_delay_d0650__run4__6c57ab89.json,6c57ab89,data_analysis,4,three_day_main_effect,main_delay_d0650,main_effect,650,650,0,0,,delay,,,True,3,0,111.19,500,5,5,True,0,0,0,heuristic,1773,3
data_analysis__three_day_main_effect__main_delay_d0650__run5__a4749c57.json,a4749c57,data_analysis,5,three_day_main_effect,main_delay_d0650,main_effect,650,650,0,0,,delay,,,True,3,0,133.51,518,5,5,True,0,0,0,heuristic,1822,3
data_analysis__three_day_main_effect__main_delay_d0700__run1__0a21065f.json,0a21065f,data_analysis,1,three_day_main_effect,main_delay_d0700,main_effect,700,700,0,0,,delay,,,True,3,0,81.94,522,5,5,True,0,0,0,heuristic,1868,3
data_analysis__three_day_main_effect__main_delay_d0700__run2__a0048f3f.json,a0048f3f,data_analysis,2,three_day_main_effect,main_delay_d0700,main_effect,700,700,0,0,,delay,,,True,3,0,110.07,542,5,5,True,0,0,0,heuristic,1914,3
data_analysis__three_day_main_effect__main_delay_d0700__run3__e00925bf.json,e00925bf,data_analysis,3,three_day_main_effect,main_delay_d0700,main_effect,700,700,0,0,,delay,,,True,3,0,113.23,491,5,5,True,0,0,0,heuristic,1754,3
data_analysis__three_day_main_effect__main_delay_d0700__run4__d0075cdb.json,d0075cdb,data_analysis,4,three_day_main_effect,main_delay_d0700,main_effect,700,700,0,0,,delay,,,True,3,0,102.42,503,5,5,True,0,0,0,heuristic,1795,3
data_analysis__three_day_main_effect__main_delay_d0700__run5__fb88388e.json,fb88388e,data_analysis,5,three_day_main_effect,main_delay_d0700,main_effect,700,700,0,0,,delay,,,True,3,0,115.09,449,5,5,True,0,0,0,heuristic,1582,3
data_analysis__three_day_main_effect__main_delay_d0750__run1__45600bcf.json,45600bcf,data_analysis,1,three_day_main_effect,main_delay_d0750,main_effect,750,750,0,0,,delay,,,True,3,0,92.35,518,5,5,True,0,0,0,heuristic,1842,3
data_analysis__three_day_main_effect__main_delay_d0750__run2__c3e4b663.json,c3e4b663,data_analysis,2,three_day_main_effect,main_delay_d0750,main_effect,750,750,0,0,,delay,,,True,3,0,102.32,499,5,5,True,0,0,0,heuristic,1777,3
data_analysis__three_day_main_effect__main_delay_d0750__run3__84e9178b.json,84e9178b,data_analysis,3,three_day_main_effect,main_delay_d0750,main_effect,750,750,0,0,,delay,,,True,3,0,83.37,465,5,5,True,0,0,0,heuristic,1650,3
data_analysis__three_day_main_effect__main_delay_d0750__run4__d5a8087f.json,d5a8087f,data_analysis,4,three_day_main_effect,main_delay_d0750,main_effect,750,750,0,0,,delay,,,True,3,0,102.16,524,4,5,True,0,0,0,heuristic,1858,3
data_analysis__three_day_main_effect__main_delay_d0750__run5__ed4771d7.json,ed4771d7,data_analysis,5,three_day_main_effect,main_delay_d0750,main_effect,750,750,0,0,,delay,,,True,3,0,103.94,417,5,5,True,0,0,0,heuristic,1428,3
data_analysis__three_day_main_effect__main_delay_d0800__run1__2ca570da.json,2ca570da,data_analysis,1,three_day_main_effect,main_delay_d0800,main_effect,800,800,0,0,,delay,,,True,3,0,110.5,573,5,5,True,0,0,0,heuristic,2051,3
data_analysis__three_day_main_effect__main_delay_d0800__run2__52f9da56.json,52f9da56,data_analysis,2,three_day_main_effect,main_delay_d0800,main_effect,800,800,0,0,,delay,,,True,3,0,130.83,685,5,5,True,0,0,0,heuristic,2505,3
data_analysis__three_day_main_effect__main_delay_d0800__run3__b7eddf83.json,b7eddf83,data_analysis,3,three_day_main_effect,main_delay_d0800,main_effect,800,800,0,0,,delay,,,True,3,0,111.71,556,5,5,True,0,0,0,heuristic,2009,3
data_analysis__three_day_main_effect__main_delay_d0800__run4__ebb8479f.json,ebb8479f,data_analysis,4,three_day_main_effect,main_delay_d0800,main_effect,800,800,0,0,,delay,,,True,3,0,110.28,686,5,5,True,0,0,0,heuristic,2505,3
data_analysis__three_day_main_effect__main_delay_d0800__run5__65345e42.json,65345e42,data_analysis,5,three_day_main_effect,main_delay_d0800,main_effect,800,800,0,0,,delay,,,True,3,0,118.59,452,5,5,True,0,0,0,heuristic,1585,3
data_analysis__three_day_main_effect__main_delay_d0850__run1__62b3850a.json,62b3850a,data_analysis,1,three_day_main_effect,main_delay_d0850,main_effect,850,850,0,0,,delay,,,True,3,0,94.38,540,5,5,True,0,0,0,heuristic,1937,3
data_analysis__three_day_main_effect__main_delay_d0850__run2__956023f8.json,956023f8,data_analysis,2,three_day_main_effect,main_delay_d0850,main_effect,850,850,0,0,,delay,,,True,3,0,97.46,463,5,5,True,0,0,0,heuristic,1638,3
data_analysis__three_day_main_effect__main_delay_d0850__run3__678db3f6.json,678db3f6,data_analysis,3,three_day_main_effect,main_delay_d0850,main_effect,850,850,0,0,,delay,,,True,3,0,95.02,425,5,5,True,0,0,0,heuristic,1485,3
data_analysis__three_day_main_effect__main_delay_d0850__run4__e277b831.json,e277b831,data_analysis,4,three_day_main_effect,main_delay_d0850,main_effect,850,850,0,0,,delay,,,True,3,0,132.14,696,5,5,True,0,0,0,heuristic,2576,3
data_analysis__three_day_main_effect__main_delay_d0850__run5__49a09ca5.json,49a09ca5,data_analysis,5,three_day_main_effect,main_delay_d0850,main_effect,850,850,0,0,,delay,,,True,3,0,258.36,652,5,5,True,0,0,0,heuristic,2380,3
data_analysis__three_day_main_effect__main_delay_d0900__run1__b132e069.json,b132e069,data_analysis,1,three_day_main_effect,main_delay_d0900,main_effect,900,900,0,0,,delay,,,True,3,0,117.21,693,5,5,True,0,0,0,heuristic,2529,3
data_analysis__three_day_main_effect__main_delay_d0900__run2__91a94823.json,91a94823,data_analysis,2,three_day_main_effect,main_delay_d0900,main_effect,900,900,0,0,,delay,,,True,3,0,114.84,575,5,5,True,0,0,0,heuristic,2083,3
data_analysis__three_day_main_effect__main_delay_d0900__run3__6dd64f7c.json,6dd64f7c,data_analysis,3,three_day_main_effect,main_delay_d0900,main_effect,900,900,0,0,,delay,,,True,3,0,107.24,485,5,5,True,0,0,0,heuristic,1713,3
data_analysis__three_day_main_effect__main_delay_d0900__run4__5d023715.json,5d023715,data_analysis,4,three_day_main_effect,main_delay_d0900,main_effect,900,900,0,0,,delay,,,True,3,0,93.2,520,5,5,True,0,0,0,heuristic,1837,3
data_analysis__three_day_main_effect__main_delay_d0900__run5__c8790361.json,c8790361,data_analysis,5,three_day_main_effect,main_delay_d0900,main_effect,900,900,0,0,,delay,,,True,3,0,99.65,433,5,5,True,0,0,0,heuristic,1507,3
data_analysis__three_day_main_effect__main_delay_d0950__run1__e593e501.json,e593e501,data_analysis,1,three_day_main_effect,main_delay_d0950,main_effect,950,950,0,0,,delay,,,True,3,0,93.63,494,5,5,True,0,0,0,heuristic,1749,3
data_analysis__three_day_main_effect__main_delay_d0950__run2__13a883c8.json,13a883c8,data_analysis,2,three_day_main_effect,main_delay_d0950,main_effect,950,950,0,0,,delay,,,True,3,0,104.84,555,5,5,True,0,0,0,heuristic,2008,3
data_analysis__three_day_main_effect__main_delay_d0950__run3__55241e86.json,55241e86,data_analysis,3,three_day_main_effect,main_delay_d0950,main_effect,950,950,0,0,,delay,,,True,3,0,90.5,433,5,5,True,0,0,0,heuristic,1506,3
data_analysis__three_day_main_effect__main_delay_d0950__run4__a685d955.json,a685d955,data_analysis,4,three_day_main_effect,main_delay_d0950,main_effect,950,950,0,0,,delay,,,True,3,0,113.99,531,5,5,True,0,0,0,heuristic,1905,3
data_analysis__three_day_main_effect__main_delay_d0950__run5__3339730b.json,3339730b,data_analysis,5,three_day_main_effect,main_delay_d0950,main_effect,950,950,0,0,,delay,,,True,3,0,127.83,487,5,5,True,0,0,0,heuristic,1722,3
data_analysis__three_day_main_effect__main_delay_d1000__run1__323e82b6.json,323e82b6,data_analysis,1,three_day_main_effect,main_delay_d1000,main_effect,1000,1000,0,0,,delay,,,True,3,0,107.14,604,5,5,True,0,0,0,heuristic,2203,3
data_analysis__three_day_main_effect__main_delay_d1000__run2__cb0eabf9.json,cb0eabf9,data_analysis,2,three_day_main_effect,main_delay_d1000,main_effect,1000,1000,0,0,,delay,,,True,3,0,101.71,593,5,5,True,0,0,0,heuristic,2159,3
data_analysis__three_day_main_effect__main_delay_d1000__run3__c951756c.json,c951756c,data_analysis,3,three_day_main_effect,main_delay_d1000,main_effect,1000,1000,0,0,,delay,,,True,3,0,123.94,471,5,5,True,0,0,0,heuristic,1658,3
data_analysis__three_day_main_effect__main_delay_d1000__run4__ff3b63f3.json,ff3b63f3,data_analysis,4,three_day_main_effect,main_delay_d1000,main_effect,1000,1000,0,0,,delay,,,True,3,0,122.86,617,5,5,True,0,0,0,heuristic,2254,3
data_analysis__three_day_main_effect__main_delay_d1000__run5__bc5198b5.json,bc5198b5,data_analysis,5,three_day_main_effect,main_delay_d1000,main_effect,1000,1000,0,0,,delay,,,True,3,0,146.03,592,5,5,True,0,0,0,heuristic,2152,3
data_analysis__three_day_main_effect__main_jitter_j000__run1__a1fc62bb.json,a1fc62bb,data_analysis,1,three_day_main_effect,main_jitter_j000,main_effect,0,0,0,0,,jitter,,,True,3,0,107.24,524,5,5,True,0,0,0,heuristic,1877,3
data_analysis__three_day_main_effect__main_jitter_j000__run2__025cc0bb.json,025cc0bb,data_analysis,2,three_day_main_effect,main_jitter_j000,main_effect,0,0,0,0,,jitter,,,True,3,0,124.11,659,5,5,True,0,0,0,heuristic,2411,3
data_analysis__three_day_main_effect__main_jitter_j000__run3__332856b5.json,332856b5,data_analysis,3,three_day_main_effect,main_jitter_j000,main_effect,0,0,0,0,,jitter,,,True,3,0,127.26,509,5,5,True,0,0,0,heuristic,1826,3
data_analysis__three_day_main_effect__main_jitter_j000__run4__d5b681de.json,d5b681de,data_analysis,4,three_day_main_effect,main_jitter_j000,main_effect,0,0,0,0,,jitter,,,True,3,0,98.58,598,5,5,True,0,0,0,heuristic,2176,3
data_analysis__three_day_main_effect__main_jitter_j000__run5__2928e340.json,2928e340,data_analysis,5,three_day_main_effect,main_jitter_j000,main_effect,0,0,0,0,,jitter,,,True,3,0,89.1,465,5,5,True,0,0,0,heuristic,1639,3
data_analysis__three_day_main_effect__main_jitter_j001__run1__e2e849bc.json,e2e849bc,data_analysis,1,three_day_main_effect,main_jitter_j001,main_effect,50,0,1,0,,jitter,,,True,3,0,90.84,489,5,5,True,0,0,0,heuristic,1716,3
data_analysis__three_day_main_effect__main_jitter_j001__run2__24513d2d.json,24513d2d,data_analysis,2,three_day_main_effect,main_jitter_j001,main_effect,50,0,1,0,,jitter,,,True,3,0,115.91,467,5,5,True,0,0,0,heuristic,1654,3
data_analysis__three_day_main_effect__main_jitter_j001__run3__5ce719e5.json,5ce719e5,data_analysis,3,three_day_main_effect,main_jitter_j001,main_effect,50,0,1,0,,jitter,,,True,3,0,121.94,512,5,5,True,0,0,0,heuristic,1836,3
data_analysis__three_day_main_effect__main_jitter_j001__run4__f5692edf.json,f5692edf,data_analysis,4,three_day_main_effect,main_jitter_j001,main_effect,50,0,1,0,,jitter,,,True,3,0,92.51,420,5,5,True,0,0,0,heuristic,1469,3
data_analysis__three_day_main_effect__main_jitter_j001__run5__fec7fe4c.json,fec7fe4c,data_analysis,5,three_day_main_effect,main_jitter_j001,main_effect,50,0,1,0,,jitter,,,True,3,0,107.39,549,5,5,True,0,0,0,heuristic,1968,3
data_analysis__three_day_main_effect__main_jitter_j005__run1__06f2783d.json,06f2783d,data_analysis,1,three_day_main_effect,main_jitter_j005,main_effect,50,0,5,0,,jitter,,,True,3,0,101.12,599,5,5,True,0,0,0,heuristic,2178,3
data_analysis__three_day_main_effect__main_jitter_j005__run2__e0801af6.json,e0801af6,data_analysis,2,three_day_main_effect,main_jitter_j005,main_effect,50,0,5,0,,jitter,,,True,3,0,147.79,614,5,5,True,0,0,0,heuristic,2245,3
data_analysis__three_day_main_effect__main_jitter_j005__run3__42ceef04.json,42ceef04,data_analysis,3,three_day_main_effect,main_jitter_j005,main_effect,50,0,5,0,,jitter,,,True,3,0,93.18,501,5,5,True,0,0,0,heuristic,1795,3
data_analysis__three_day_main_effect__main_jitter_j005__run4__377fe8d7.json,377fe8d7,data_analysis,4,three_day_main_effect,main_jitter_j005,main_effect,50,0,5,0,,jitter,,,True,3,0,122.39,673,5,5,True,0,0,0,heuristic,2494,3
data_analysis__three_day_main_effect__main_jitter_j005__run5__82324cc3.json,82324cc3,data_analysis,5,three_day_main_effect,main_jitter_j005,main_effect,50,0,5,0,,jitter,,,True,3,0,90.8,407,5,5,True,0,0,0,heuristic,1408,3
data_analysis__three_day_main_effect__main_jitter_j010__run1__668f7a3c.json,668f7a3c,data_analysis,1,three_day_main_effect,main_jitter_j010,main_effect,50,0,10,0,,jitter,,,True,3,0,80.03,459,5,5,True,0,0,0,heuristic,1626,3
data_analysis__three_day_main_effect__main_jitter_j010__run2__95c282ec.json,95c282ec,data_analysis,2,three_day_main_effect,main_jitter_j010,main_effect,50,0,10,0,,jitter,,,True,3,0,136.67,552,4,5,True,0,0,0,heuristic,1935,3
data_analysis__three_day_main_effect__main_jitter_j010__run3__637a4fc8.json,637a4fc8,data_analysis,3,three_day_main_effect,main_jitter_j010,main_effect,50,0,10,0,,jitter,,,True,3,0,139.05,675,5,5,True,0,0,0,heuristic,2479,3
data_analysis__three_day_main_effect__main_jitter_j010__run4__52aff42b.json,52aff42b,data_analysis,4,three_day_main_effect,main_jitter_j010,main_effect,50,0,10,0,,jitter,,,True,3,0,90.06,535,5,5,True,0,0,0,heuristic,1927,3
data_analysis__three_day_main_effect__main_jitter_j010__run5__9c8526a1.json,9c8526a1,data_analysis,5,three_day_main_effect,main_jitter_j010,main_effect,50,0,10,0,,jitter,,,True,3,0,89.82,535,5,5,True,0,0,0,heuristic,1919,3
data_analysis__three_day_main_effect__main_jitter_j015__run1__3bc0135d.json,3bc0135d,data_analysis,1,three_day_main_effect,main_jitter_j015,main_effect,50,0,15,0,,jitter,,,True,3,0,97.77,510,5,5,True,0,0,0,heuristic,1822,3
data_analysis__three_day_main_effect__main_jitter_j015__run2__f9e0f136.json,f9e0f136,data_analysis,2,three_day_main_effect,main_jitter_j015,main_effect,50,0,15,0,,jitter,,,True,3,0,131.69,578,5,5,True,0,0,0,heuristic,2099,3
data_analysis__three_day_main_effect__main_jitter_j015__run3__301c05f9.json,301c05f9,data_analysis,3,three_day_main_effect,main_jitter_j015,main_effect,50,0,15,0,,jitter,,,True,3,0,111.12,618,5,5,True,0,0,0,heuristic,2252,3
data_analysis__three_day_main_effect__main_jitter_j015__run4__1c5c5165.json,1c5c5165,data_analysis,4,three_day_main_effect,main_jitter_j015,main_effect,50,0,15,0,,jitter,,,True,3,0,90.56,524,5,5,True,0,0,0,heuristic,1890,3
data_analysis__three_day_main_effect__main_jitter_j015__run5__175fe33e.json,175fe33e,data_analysis,5,three_day_main_effect,main_jitter_j015,main_effect,50,0,15,0,,jitter,,,True,3,0,123.65,574,5,5,True,0,0,0,heuristic,2080,3
data_analysis__three_day_main_effect__main_jitter_j020__run1__51dc4063.json,51dc4063,data_analysis,1,three_day_main_effect,main_jitter_j020,main_effect,50,0,20,0,,jitter,,,True,3,0,108.48,551,5,5,True,0,0,0,heuristic,1966,3
data_analysis__three_day_main_effect__main_jitter_j020__run2__5e7f3eb3.json,5e7f3eb3,data_analysis,2,three_day_main_effect,main_jitter_j020,main_effect,50,0,20,0,,jitter,,,True,3,0,116.53,555,5,5,True,0,0,0,heuristic,1983,3
data_analysis__three_day_main_effect__main_jitter_j020__run3__62cbcab4.json,62cbcab4,data_analysis,3,three_day_main_effect,main_jitter_j020,main_effect,50,0,20,0,,jitter,,,True,3,0,105.23,432,5,5,True,0,0,0,heuristic,1503,3
data_analysis__three_day_main_effect__main_jitter_j020__run4__56dee643.json,56dee643,data_analysis,4,three_day_main_effect,main_jitter_j020,main_effect,50,0,20,0,,jitter,,,True,3,0,106.33,613,5,5,True,0,0,0,heuristic,2234,3
data_analysis__three_day_main_effect__main_jitter_j020__run5__77f66ee6.json,77f66ee6,data_analysis,5,three_day_main_effect,main_jitter_j020,main_effect,50,0,20,0,,jitter,,,True,3,0,91.54,511,5,5,True,0,0,0,heuristic,1834,3
data_analysis__three_day_main_effect__main_jitter_j025__run1__1f0d7509.json,1f0d7509,data_analysis,1,three_day_main_effect,main_jitter_j025,main_effect,50,0,25,0,,jitter,,,True,3,0,120.63,585,5,5,True,0,0,0,heuristic,2113,3
data_analysis__three_day_main_effect__main_jitter_j025__run2__72aaab54.json,72aaab54,data_analysis,2,three_day_main_effect,main_jitter_j025,main_effect,50,0,25,0,,jitter,,,True,3,0,108.47,622,5,5,True,0,0,0,heuristic,2279,3
data_analysis__three_day_main_effect__main_jitter_j025__run3__9ff3f83a.json,9ff3f83a,data_analysis,3,three_day_main_effect,main_jitter_j025,main_effect,50,0,25,0,,jitter,,,True,3,0,91.12,505,5,5,True,0,0,0,heuristic,1787,3
data_analysis__three_day_main_effect__main_jitter_j025__run4__6c961ebf.json,6c961ebf,data_analysis,4,three_day_main_effect,main_jitter_j025,main_effect,50,0,25,0,,jitter,,,True,3,0,98.85,523,5,5,True,0,0,0,heuristic,1866,3
data_analysis__three_day_main_effect__main_jitter_j025__run5__cc591ca2.json,cc591ca2,data_analysis,5,three_day_main_effect,main_jitter_j025,main_effect,50,0,25,0,,jitter,,,True,3,0,105.97,557,5,5,True,0,0,0,heuristic,2007,3
data_analysis__three_day_main_effect__main_jitter_j030__run1__8e07d35f.json,8e07d35f,data_analysis,1,three_day_main_effect,main_jitter_j030,main_effect,50,0,30,0,,jitter,,,True,3,0,94.88,515,5,5,True,0,0,0,heuristic,1843,3
data_analysis__three_day_main_effect__main_jitter_j030__run2__d2c479a7.json,d2c479a7,data_analysis,2,three_day_main_effect,main_jitter_j030,main_effect,50,0,30,0,,jitter,,,True,3,0,116.99,537,5,5,True,0,0,0,heuristic,1899,3
data_analysis__three_day_main_effect__main_jitter_j030__run3__f92f3d98.json,f92f3d98,data_analysis,3,three_day_main_effect,main_jitter_j030,main_effect,50,0,30,0,,jitter,,,True,3,0,89.31,445,5,5,True,0,0,0,heuristic,1577,3
data_analysis__three_day_main_effect__main_jitter_j030__run4__114891e0.json,114891e0,data_analysis,4,three_day_main_effect,main_jitter_j030,main_effect,50,0,30,0,,jitter,,,True,3,0,112.77,661,5,5,True,0,0,0,heuristic,2435,3
data_analysis__three_day_main_effect__main_jitter_j030__run5__7e638dc7.json,7e638dc7,data_analysis,5,three_day_main_effect,main_jitter_j030,main_effect,50,0,30,0,,jitter,,,True,3,0,100.52,554,5,5,True,0,0,0,heuristic,1998,3
data_analysis__three_day_main_effect__main_jitter_j050__run1__17d621a3.json,17d621a3,data_analysis,1,three_day_main_effect,main_jitter_j050,main_effect,50,0,50,0,,jitter,,,True,3,0,90.87,483,5,5,True,0,0,0,heuristic,1712,3
data_analysis__three_day_main_effect__main_jitter_j050__run2__662d7d11.json,662d7d11,data_analysis,2,three_day_main_effect,main_jitter_j050,main_effect,50,0,50,0,,jitter,,,True,3,0,96.75,527,5,5,True,0,0,0,heuristic,1891,3
data_analysis__three_day_main_effect__main_jitter_j050__run3__604065fe.json,604065fe,data_analysis,3,three_day_main_effect,main_jitter_j050,main_effect,50,0,50,0,,jitter,,,True,3,0,109.27,636,5,5,True,0,0,0,heuristic,2326,3
data_analysis__three_day_main_effect__main_jitter_j050__run4__389ba55c.json,389ba55c,data_analysis,4,three_day_main_effect,main_jitter_j050,main_effect,50,0,50,0,,jitter,,,True,3,0,79.34,442,5,5,True,0,0,0,heuristic,1554,3
data_analysis__three_day_main_effect__main_jitter_j050__run5__4265d57c.json,4265d57c,data_analysis,5,three_day_main_effect,main_jitter_j050,main_effect,50,0,50,0,,jitter,,,True,3,0,102.3,502,5,5,True,0,0,0,heuristic,1800,3
data_analysis__three_day_main_effect__main_jitter_j075__run1__b30ede20.json,b30ede20,data_analysis,1,three_day_main_effect,main_jitter_j075,main_effect,50,0,75,0,,jitter,,,True,3,0,85.45,504,5,5,True,0,0,0,heuristic,1789,3
data_analysis__three_day_main_effect__main_jitter_j075__run2__47dca847.json,47dca847,data_analysis,2,three_day_main_effect,main_jitter_j075,main_effect,50,0,75,0,,jitter,,,True,3,0,110.93,586,5,5,True,0,0,0,heuristic,2125,3
data_analysis__three_day_main_effect__main_jitter_j075__run3__714f406e.json,714f406e,data_analysis,3,three_day_main_effect,main_jitter_j075,main_effect,50,0,75,0,,jitter,,,True,3,0,92.55,433,5,5,True,0,0,0,heuristic,1510,3
data_analysis__three_day_main_effect__main_jitter_j075__run4__b47f4d2e.json,b47f4d2e,data_analysis,4,three_day_main_effect,main_jitter_j075,main_effect,50,0,75,0,,jitter,,,True,3,0,98.1,618,5,5,True,0,0,0,heuristic,2263,3
data_analysis__three_day_main_effect__main_jitter_j075__run5__451c12e5.json,451c12e5,data_analysis,5,three_day_main_effect,main_jitter_j075,main_effect,50,0,75,0,,jitter,,,True,3,0,91.87,553,5,5,True,0,0,0,heuristic,2001,3
data_analysis__three_day_main_effect__main_loss_loss0__run1__1787188e.json,1787188e,data_analysis,1,three_day_main_effect,main_loss_loss0,main_effect,0,0,0,0,,loss,,,True,3,0,107.37,577,5,5,True,0,0,0,heuristic,2092,3
data_analysis__three_day_main_effect__main_loss_loss0__run2__2e7a67f3.json,2e7a67f3,data_analysis,2,three_day_main_effect,main_loss_loss0,main_effect,0,0,0,0,,loss,,,True,3,0,99.89,516,5,5,True,0,0,0,heuristic,1870,3
data_analysis__three_day_main_effect__main_loss_loss0__run3__de5141cc.json,de5141cc,data_analysis,3,three_day_main_effect,main_loss_loss0,main_effect,0,0,0,0,,loss,,,True,3,0,112.46,665,4,5,True,0,0,0,heuristic,2416,3
data_analysis__three_day_main_effect__main_loss_loss0__run4__5cd34b14.json,5cd34b14,data_analysis,4,three_day_main_effect,main_loss_loss0,main_effect,0,0,0,0,,loss,,,True,3,0,85.81,481,5,5,True,0,0,0,heuristic,1705,3
data_analysis__three_day_main_effect__main_loss_loss0__run5__99c77065.json,99c77065,data_analysis,5,three_day_main_effect,main_loss_loss0,main_effect,0,0,0,0,,loss,,,True,3,0,116.23,545,5,5,True,0,0,0,heuristic,1965,3
data_analysis__three_day_main_effect__main_loss_loss10__run1__0baf7886.json,0baf7886,data_analysis,1,three_day_main_effect,main_loss_loss10,main_effect,0,0,0,10,,loss,,,True,3,0,96.82,556,5,5,True,0,0,0,heuristic,2020,3
data_analysis__three_day_main_effect__main_loss_loss10__run2__a81716ec.json,a81716ec,data_analysis,2,three_day_main_effect,main_loss_loss10,main_effect,0,0,0,10,,loss,,,True,3,0,94.11,429,5,4,True,0,0,0,heuristic,1472,3
data_analysis__three_day_main_effect__main_loss_loss10__run3__9db61fb5.json,9db61fb5,data_analysis,3,three_day_main_effect,main_loss_loss10,main_effect,0,0,0,10,,loss,,,True,3,0,131.75,629,4,5,True,0,0,0,heuristic,2262,3
data_analysis__three_day_main_effect__main_loss_loss10__run4__ac7046b8.json,ac7046b8,data_analysis,4,three_day_main_effect,main_loss_loss10,main_effect,0,0,0,10,,loss,,,True,3,0,112.48,541,5,5,True,0,0,0,heuristic,1935,3
data_analysis__three_day_main_effect__main_loss_loss10__run5__6a60b78a.json,6a60b78a,data_analysis,5,three_day_main_effect,main_loss_loss10,main_effect,0,0,0,10,,loss,,,True,3,0,138.43,615,5,5,True,0,0,0,heuristic,2226,3
data_analysis__three_day_main_effect__main_loss_loss15__run1__ec7c6a79.json,ec7c6a79,data_analysis,1,three_day_main_effect,main_loss_loss15,main_effect,0,0,0,15,,loss,,,True,3,0,99.36,477,5,5,True,0,0,0,heuristic,1687,3
data_analysis__three_day_main_effect__main_loss_loss15__run2__bd4f4a60.json,bd4f4a60,data_analysis,2,three_day_main_effect,main_loss_loss15,main_effect,0,0,0,15,,loss,,,True,3,0,80.35,431,5,5,True,0,0,0,heuristic,1504,3
data_analysis__three_day_main_effect__main_loss_loss15__run3__87d75fe4.json,87d75fe4,data_analysis,3,three_day_main_effect,main_loss_loss15,main_effect,0,0,0,15,,loss,,,True,3,0,100.47,521,5,5,True,0,0,0,heuristic,1832,3
data_analysis__three_day_main_effect__main_loss_loss15__run4__482b8d42.json,482b8d42,data_analysis,4,three_day_main_effect,main_loss_loss15,main_effect,0,0,0,15,,loss,,,True,3,0,103.61,618,5,5,True,0,0,0,heuristic,2243,3
data_analysis__three_day_main_effect__main_loss_loss15__run5__e9ed4741.json,e9ed4741,data_analysis,5,three_day_main_effect,main_loss_loss15,main_effect,0,0,0,15,,loss,,,True,3,0,128.16,546,5,5,True,0,0,0,heuristic,1956,3
data_analysis__three_day_main_effect__main_loss_loss1__run1__b3c88acb.json,b3c88acb,data_analysis,1,three_day_main_effect,main_loss_loss1,main_effect,0,0,0,1,,loss,,,True,3,0,89.76,480,5,5,True,0,0,0,heuristic,1697,3
data_analysis__three_day_main_effect__main_loss_loss1__run2__ed98e293.json,ed98e293,data_analysis,2,three_day_main_effect,main_loss_loss1,main_effect,0,0,0,1,,loss,,,True,3,0,110.77,482,5,5,True,0,0,0,heuristic,1712,3
data_analysis__three_day_main_effect__main_loss_loss1__run3__095eb942.json,095eb942,data_analysis,3,three_day_main_effect,main_loss_loss1,main_effect,0,0,0,1,,loss,,,True,3,0,106.7,503,5,5,True,0,0,0,heuristic,1781,3
data_analysis__three_day_main_effect__main_loss_loss1__run4__125164fa.json,125164fa,data_analysis,4,three_day_main_effect,main_loss_loss1,main_effect,0,0,0,1,,loss,,,True,3,0,93.78,504,5,5,True,0,0,0,heuristic,1790,3
data_analysis__three_day_main_effect__main_loss_loss1__run5__37faf4a2.json,37faf4a2,data_analysis,5,three_day_main_effect,main_loss_loss1,main_effect,0,0,0,1,,loss,,,True,3,0,144.41,492,5,5,True,0,0,0,heuristic,1755,3
data_analysis__three_day_main_effect__main_loss_loss20__run1__c1680481.json,c1680481,data_analysis,1,three_day_main_effect,main_loss_loss20,main_effect,0,0,0,20,,loss,,,True,3,0,113.47,565,5,5,True,0,0,0,heuristic,2043,3
data_analysis__three_day_main_effect__main_loss_loss20__run2__300c6953.json,300c6953,data_analysis,2,three_day_main_effect,main_loss_loss20,main_effect,0,0,0,20,,loss,,,True,3,0,103.49,565,5,5,True,0,0,0,heuristic,2060,3
data_analysis__three_day_main_effect__main_loss_loss20__run3__c0a72d81.json,c0a72d81,data_analysis,3,three_day_main_effect,main_loss_loss20,main_effect,0,0,0,20,,loss,,,True,3,0,98.56,532,5,5,True,0,0,0,heuristic,1916,3
data_analysis__three_day_main_effect__main_loss_loss20__run4__1f26a58f.json,1f26a58f,data_analysis,4,three_day_main_effect,main_loss_loss20,main_effect,0,0,0,20,,loss,,,True,3,0,90.76,538,5,5,True,0,0,0,heuristic,1942,3
data_analysis__three_day_main_effect__main_loss_loss20__run5__e1c67960.json,e1c67960,data_analysis,5,three_day_main_effect,main_loss_loss20,main_effect,0,0,0,20,,loss,,,True,3,0,97.56,582,5,5,True,0,0,0,heuristic,2107,3
data_analysis__three_day_main_effect__main_loss_loss25__run1__a0e8d7bb.json,a0e8d7bb,data_analysis,1,three_day_main_effect,main_loss_loss25,main_effect,0,0,0,25,,loss,,,True,3,0,133.26,586,5,5,True,0,0,0,heuristic,2126,3
data_analysis__three_day_main_effect__main_loss_loss25__run2__a21e9760.json,a21e9760,data_analysis,2,three_day_main_effect,main_loss_loss25,main_effect,0,0,0,25,,loss,,,True,3,0,106.36,578,5,5,True,0,0,0,heuristic,2080,3
data_analysis__three_day_main_effect__main_loss_loss25__run3__34fdb8e5.json,34fdb8e5,data_analysis,3,three_day_main_effect,main_loss_loss25,main_effect,0,0,0,25,,loss,,,True,3,0,127.74,654,5,5,True,0,0,0,heuristic,2391,3
data_analysis__three_day_main_effect__main_loss_loss25__run4__9e655bf2.json,9e655bf2,data_analysis,4,three_day_main_effect,main_loss_loss25,main_effect,0,0,0,25,,loss,,,True,3,0,122.51,557,5,5,True,0,0,0,heuristic,1985,3
data_analysis__three_day_main_effect__main_loss_loss25__run5__167cbd31.json,167cbd31,data_analysis,5,three_day_main_effect,main_loss_loss25,main_effect,0,0,0,25,,loss,,,True,3,0,100.13,513,5,5,True,0,0,0,heuristic,1805,3
data_analysis__three_day_main_effect__main_loss_loss30__run1__d534f115.json,d534f115,data_analysis,1,three_day_main_effect,main_loss_loss30,main_effect,0,0,0,30,,loss,,,True,3,0,123.76,715,5,5,True,0,0,0,heuristic,2654,3
data_analysis__three_day_main_effect__main_loss_loss30__run2__b6abfcfc.json,b6abfcfc,data_analysis,2,three_day_main_effect,main_loss_loss30,main_effect,0,0,0,30,,loss,,,True,3,0,110.83,640,5,5,True,0,0,0,heuristic,2343,3
data_analysis__three_day_main_effect__main_loss_loss30__run3__a5e40c57.json,a5e40c57,data_analysis,3,three_day_main_effect,main_loss_loss30,main_effect,0,0,0,30,,loss,,,True,3,0,113.8,500,5,5,True,0,0,0,heuristic,1751,3
data_analysis__three_day_main_effect__main_loss_loss30__run4__af94c1ba.json,af94c1ba,data_analysis,4,three_day_main_effect,main_loss_loss30,main_effect,0,0,0,30,,loss,,,True,3,0,102.69,553,5,5,True,0,0,0,heuristic,1992,3
data_analysis__three_day_main_effect__main_loss_loss30__run5__57415ff4.json,57415ff4,data_analysis,5,three_day_main_effect,main_loss_loss30,main_effect,0,0,0,30,,loss,,,True,3,0,105.23,529,5,5,True,0,0,0,heuristic,1904,3
data_analysis__three_day_main_effect__main_loss_loss40__run1__ff4bf042.json,ff4bf042,data_analysis,1,three_day_main_effect,main_loss_loss40,main_effect,0,0,0,40,,loss,,,True,3,0,102.88,568,5,5,True,0,0,0,heuristic,2062,3
data_analysis__three_day_main_effect__main_loss_loss40__run2__7658a11f.json,7658a11f,data_analysis,2,three_day_main_effect,main_loss_loss40,main_effect,0,0,0,40,,loss,,,True,3,0,93.46,464,5,5,True,0,0,0,heuristic,1634,3
data_analysis__three_day_main_effect__main_loss_loss40__run3__acc50019.json,acc50019,data_analysis,3,three_day_main_effect,main_loss_loss40,main_effect,0,0,0,40,,loss,,,True,3,0,97.96,547,5,5,True,0,0,0,heuristic,1978,3
data_analysis__three_day_main_effect__main_loss_loss40__run4__1bb1a329.json,1bb1a329,data_analysis,4,three_day_main_effect,main_loss_loss40,main_effect,0,0,0,40,,loss,,,True,3,0,78.16,411,5,5,True,0,0,0,heuristic,1426,3
data_analysis__three_day_main_effect__main_loss_loss40__run5__ac8f2c99.json,ac8f2c99,data_analysis,5,three_day_main_effect,main_loss_loss40,main_effect,0,0,0,40,,loss,,,True,3,0,94.64,552,5,5,True,0,0,0,heuristic,1980,3
data_analysis__three_day_main_effect__main_loss_loss50__run1__272216a3.json,272216a3,data_analysis,1,three_day_main_effect,main_loss_loss50,main_effect,0,0,0,50,,loss,,,True,3,0,351.41,616,5,5,True,0,0,0,heuristic,2259,3
data_analysis__three_day_main_effect__main_loss_loss50__run2__75ffe946.json,75ffe946,data_analysis,2,three_day_main_effect,main_loss_loss50,main_effect,0,0,0,50,,loss,,,True,3,0,98.26,593,5,5,True,0,0,0,heuristic,2173,3
data_analysis__three_day_main_effect__main_loss_loss50__run3__73709520.json,73709520,data_analysis,3,three_day_main_effect,main_loss_loss50,main_effect,0,0,0,50,,loss,,,True,3,0,120.67,516,5,5,True,0,0,0,heuristic,1828,3
data_analysis__three_day_main_effect__main_loss_loss50__run4__12fe1e1b.json,12fe1e1b,data_analysis,4,three_day_main_effect,main_loss_loss50,main_effect,0,0,0,50,,loss,,,True,3,0,116.2,528,5,5,True,0,0,0,heuristic,1905,3
data_analysis__three_day_main_effect__main_loss_loss50__run5__ea12d795.json,ea12d795,data_analysis,5,three_day_main_effect,main_loss_loss50,main_effect,0,0,0,50,,loss,,,True,3,0,118.74,593,5,5,True,0,0,0,heuristic,2155,3
data_analysis__three_day_main_effect__main_loss_loss5__run1__43e38f20.json,43e38f20,data_analysis,1,three_day_main_effect,main_loss_loss5,main_effect,0,0,0,5,,loss,,,True,3,0,96.09,524,5,5,True,0,0,0,heuristic,1898,3
data_analysis__three_day_main_effect__main_loss_loss5__run2__40612657.json,40612657,data_analysis,2,three_day_main_effect,main_loss_loss5,main_effect,0,0,0,5,,loss,,,True,3,0,100.94,471,5,5,True,0,0,0,heuristic,1686,3
data_analysis__three_day_main_effect__main_loss_loss5__run3__d0037de9.json,d0037de9,data_analysis,3,three_day_main_effect,main_loss_loss5,main_effect,0,0,0,5,,loss,,,True,3,0,135.5,609,5,5,True,0,0,0,heuristic,2200,3
data_analysis__three_day_main_effect__main_loss_loss5__run4__17b0e44d.json,17b0e44d,data_analysis,4,three_day_main_effect,main_loss_loss5,main_effect,0,0,0,5,,loss,,,True,3,0,103.97,535,5,5,True,0,0,0,heuristic,1926,3
data_analysis__three_day_main_effect__main_loss_loss5__run5__514b0a21.json,514b0a21,data_analysis,5,three_day_main_effect,main_loss_loss5,main_effect,0,0,0,5,,loss,,,True,3,0,100.61,428,5,5,True,0,0,0,heuristic,1496,3
data_analysis__three_day_main_effect__main_loss_loss75__run1__adfb721e.json,adfb721e,data_analysis,1,three_day_main_effect,main_loss_loss75,main_effect,0,0,0,75,,loss,,,False,2,0,1113.53,506,,5,True,2,2,5,heuristic,1629,4
data_analysis__three_day_main_effect__main_loss_loss75__run2__505f1861.json,505f1861,data_analysis,2,three_day_main_effect,main_loss_loss75,main_effect,0,0,0,75,,loss,,,False,1,0,1111.56,99,,1,False,2,3,5,heuristic,0,3
data_analysis__three_day_main_effect__main_loss_loss75__run3__51d7481f.json,51d7481f,data_analysis,3,three_day_main_effect,main_loss_loss75,main_effect,0,0,0,75,,loss,,,True,3,0,877.33,1373,5,5,True,1,1,4,heuristic,2073,6
data_analysis__three_day_main_effect__main_loss_loss75__run4__326537aa.json,326537aa,data_analysis,4,three_day_main_effect,main_loss_loss75,main_effect,0,0,0,75,,loss,,,True,3,0,283.09,785,5,5,True,0,0,0,heuristic,2942,3
data_analysis__three_day_main_effect__main_loss_loss75__run5__5627fc6f.json,5627fc6f,data_analysis,5,three_day_main_effect,main_loss_loss75,main_effect,0,0,0,75,,loss,,,True,3,0,958.7,868,5,5,True,1,1,4,heuristic,1686,6
planning_decision__r01_m01__sideA__three_day_tournament__factorial_baseline__run1__dc8d12f1.json,dc8d12f1,planning_decision,1,three_day_tournament,factorial_baseline,factorial,0,0,0,0,,,r01_m01,A,True,3,0,74.12,231,5,5,True,0,0,0,heuristic,613,3
planning_decision__r01_m01__sideB__three_day_tournament__factorial_delay_loss_jitter__run1__00e7e8f0.json,00e7e8f0,planning_decision,1,three_day_tournament,factorial_delay_loss_jitter,factorial,300,300,30,5,,,r01_m01,B,True,3,0,78.34,276,5,5,True,0,0,0,heuristic,827,3
planning_decision__r01_m02__sideA__three_day_tournament__factorial_jitter__run1__81572051.json,81572051,planning_decision,1,three_day_tournament,factorial_jitter,factorial,50,0,30,0,,,r01_m02,A,False,6,2,322.25,1042,3,5,True,0,0,2,heuristic,1522,6
planning_decision__r01_m02__sideB__three_day_tournament__factorial_delay_loss__run1__88d1736d.json,88d1736d,planning_decision,1,three_day_tournament,factorial_delay_loss,factorial,300,300,0,5,,,r01_m02,B,True,3,0,85.34,280,5,5,True,0,0,0,heuristic,810,3
planning_decision__r01_m03__sideA__three_day_tournament__factorial_loss__run1__7354afc4.json,7354afc4,planning_decision,1,three_day_tournament,factorial_loss,factorial,0,0,0,5,,,r01_m03,A,True,3,0,71.86,255,5,5,True,0,0,0,heuristic,755,3
planning_decision__r01_m03__sideB__three_day_tournament__factorial_delay_jitter__run1__63f05380.json,63f05380,planning_decision,1,three_day_tournament,factorial_delay_jitter,factorial,300,300,30,0,,,r01_m03,B,True,3,0,83.62,247,5,5,True,0,0,0,heuristic,735,3
planning_decision__r01_m04__sideA__three_day_tournament__factorial_loss_jitter__run1__c7cf91be.json,c7cf91be,planning_decision,1,three_day_tournament,factorial_loss_jitter,factorial,50,0,30,5,,,r01_m04,A,True,3,0,73.85,315,5,5,True,0,0,0,heuristic,1012,3
planning_decision__r01_m04__sideB__three_day_tournament__factorial_delay__run1__a4dea64b.json,a4dea64b,planning_decision,1,three_day_tournament,factorial_delay,factorial,300,300,0,0,,,r01_m04,B,True,3,0,114.28,232,5,4,True,0,0,0,heuristic,652,3
planning_decision__r02_m01__sideA__three_day_tournament__factorial_baseline__run1__213ce169.json,213ce169,planning_decision,1,three_day_tournament,factorial_baseline,factorial,0,0,0,0,,,r02_m01,A,True,3,0,72.24,251,5,5,True,0,0,0,heuristic,691,3
planning_decision__r02_m01__sideB__three_day_tournament__factorial_delay_loss__run1__9f426495.json,9f426495,planning_decision,1,three_day_tournament,factorial_delay_loss,factorial,300,300,0,5,,,r02_m01,B,True,3,0,75.95,272,5,4,True,0,0,0,heuristic,764,3
planning_decision__r02_m02__sideA__three_day_tournament__factorial_delay_loss_jitter__run1__fac79a14.json,fac79a14,planning_decision,1,three_day_tournament,factorial_delay_loss_jitter,factorial,300,300,30,5,,,r02_m02,A,True,3,0,68.94,243,5,5,True,0,0,0,heuristic,736,3
planning_decision__r02_m02__sideB__three_day_tournament__factorial_delay_jitter__run1__fefc6fde.json,fefc6fde,planning_decision,1,three_day_tournament,factorial_delay_jitter,factorial,300,300,30,0,,,r02_m02,B,True,3,0,81.36,276,5,5,True,0,0,0,heuristic,790,3
planning_decision__r02_m03__sideA__three_day_tournament__factorial_jitter__run1__78c33289.json,78c33289,planning_decision,1,three_day_tournament,factorial_jitter,factorial,50,0,30,0,,,r02_m03,A,True,3,0,96.2,275,5,5,True,0,0,0,heuristic,862,3
planning_decision__r02_m03__sideB__three_day_tournament__factorial_delay__run1__aa8e4cfc.json,aa8e4cfc,planning_decision,1,three_day_tournament,factorial_delay,factorial,300,300,0,0,,,r02_m03,B,True,3,0,77.16,282,5,5,True,0,0,0,heuristic,889,3
planning_decision__r02_m04__sideA__three_day_tournament__factorial_loss__run1__653f991b.json,653f991b,planning_decision,1,three_day_tournament,factorial_loss,factorial,0,0,0,5,,,r02_m04,A,True,3,0,90.51,316,5,5,True,0,0,0,heuristic,1016,3
planning_decision__r02_m04__sideB__three_day_tournament__factorial_loss_jitter__run1__ba0583fc.json,ba0583fc,planning_decision,1,three_day_tournament,factorial_loss_jitter,factorial,50,0,30,5,,,r02_m04,B,True,3,0,79.52,253,5,5,True,0,0,0,heuristic,746,3
planning_decision__r03_m01__sideA__three_day_tournament__factorial_baseline__run1__8240947f.json,8240947f,planning_decision,1,three_day_tournament,factorial_baseline,factorial,0,0,0,0,,,r03_m01,A,True,3,0,78.6,264,5,5,True,0,0,0,heuristic,724,3
planning_decision__r03_m01__sideB__three_day_tournament__factorial_delay_jitter__run1__1872bd55.json,1872bd55,planning_decision,1,three_day_tournament,factorial_delay_jitter,factorial,300,300,30,0,,,r03_m01,B,True,3,0,65.55,211,5,4,True,0,0,0,heuristic,611,3
planning_decision__r03_m02__sideA__three_day_tournament__factorial_delay_loss__run1__2c10a4ef.json,2c10a4ef,planning_decision,1,three_day_tournament,factorial_delay_loss,factorial,300,300,0,5,,,r03_m02,A,True,3,0,92.61,235,5,5,True,0,0,0,heuristic,692,3
planning_decision__r03_m02__sideB__three_day_tournament__factorial_delay__run1__4486be0c.json,4486be0c,planning_decision,1,three_day_tournament,factorial_delay,factorial,300,300,0,0,,,r03_m02,B,True,3,0,84.75,275,5,5,True,0,0,0,heuristic,864,3
planning_decision__r03_m03__sideA__three_day_tournament__factorial_delay_loss_jitter__run1__12604957.json,12604957,planning_decision,1,three_day_tournament,factorial_delay_loss_jitter,factorial,300,300,30,5,,,r03_m03,A,True,3,0,111.46,274,5,4,True,0,0,0,heuristic,828,3
planning_decision__r03_m03__sideB__three_day_tournament__factorial_loss_jitter__run1__2188332a.json,2188332a,planning_decision,1,three_day_tournament,factorial_loss_jitter,factorial,50,0,30,5,,,r03_m03,B,True,3,0,103.39,294,5,5,True,0,0,0,heuristic,919,3
planning_decision__r03_m04__sideA__three_day_tournament__factorial_jitter__run1__7c90488d.json,7c90488d,planning_decision,1,three_day_tournament,factorial_jitter,factorial,50,0,30,0,,,r03_m04,A,True,3,0,69.73,203,5,5,True,0,0,0,heuristic,489,3
planning_decision__r03_m04__sideB__three_day_tournament__factorial_loss__run1__71b89240.json,71b89240,planning_decision,1,three_day_tournament,factorial_loss,factorial,0,0,0,5,,,r03_m04,B,True,3,0,95.38,279,5,5,True,0,0,0,heuristic,717,3
planning_decision__r04_m01__sideA__three_day_tournament__factorial_baseline__run1__e3f54b0a.json,e3f54b0a,planning_decision,1,three_day_tournament,factorial_baseline,factorial,0,0,0,0,,,r04_m01,A,True,3,0,84.63,203,5,5,True,0,0,0,heuristic,533,3
planning_decision__r04_m01__sideB__three_day_tournament__factorial_delay__run1__1210a694.json,1210a694,planning_decision,1,three_day_tournament,factorial_delay,factorial,300,300,0,0,,,r04_m01,B,True,3,0,66.77,247,5,5,True,0,0,0,heuristic,753,3
planning_decision__r04_m02__sideA__three_day_tournament__factorial_delay_jitter__run1__4f6b1a53.json,4f6b1a53,planning_decision,1,three_day_tournament,factorial_delay_jitter,factorial,300,300,30,0,,,r04_m02,A,True,3,0,72.08,258,5,5,True,0,0,0,heuristic,799,3
planning_decision__r04_m02__sideB__three_day_tournament__factorial_loss_jitter__run1__b6ecb004.json,b6ecb004,planning_decision,1,three_day_tournament,factorial_loss_jitter,factorial,50,0,30,5,,,r04_m02,B,True,3,0,101.12,261,5,4,True,0,0,0,heuristic,810,3
planning_decision__r04_m03__sideA__three_day_tournament__factorial_delay_loss__run1__93788670.json,93788670,planning_decision,1,three_day_tournament,factorial_delay_loss,factorial,300,300,0,5,,,r04_m03,A,True,3,0,68.99,256,5,5,True,0,0,0,heuristic,776,3
planning_decision__r04_m03__sideB__three_day_tournament__factorial_loss__run1__71230255.json,71230255,planning_decision,1,three_day_tournament,factorial_loss,factorial,0,0,0,5,,,r04_m03,B,True,3,0,114.51,275,5,5,True,0,0,0,heuristic,842,3
planning_decision__r04_m04__sideA__three_day_tournament__factorial_delay_loss_jitter__run1__179bca92.json,179bca92,planning_decision,1,three_day_tournament,factorial_delay_loss_jitter,factorial,300,300,30,5,,,r04_m04,A,True,3,0,81.4,231,5,4,True,0,0,0,heuristic,690,3
planning_decision__r04_m04__sideB__three_day_tournament__factorial_jitter__run1__2cdd8ddf.json,2cdd8ddf,planning_decision,1,three_day_tournament,factorial_jitter,factorial,50,0,30,0,,,r04_m04,B,True,3,0,64.02,268,5,5,True,0,0,0,heuristic,764,3
planning_decision__r05_m01__sideA__three_day_tournament__factorial_baseline__run1__2ca64fc4.json,2ca64fc4,planning_decision,1,three_day_tournament,factorial_baseline,factorial,0,0,0,0,,,r05_m01,A,True,3,0,66.18,255,5,5,True,0,0,0,heuristic,742,3
planning_decision__r05_m01__sideB__three_day_tournament__factorial_loss_jitter__run1__60226734.json,60226734,planning_decision,1,three_day_tournament,factorial_loss_jitter,factorial,50,0,30,5,,,r05_m01,B,True,3,0,57.8,250,5,5,True,0,0,0,heuristic,693,3
planning_decision__r05_m02__sideA__three_day_tournament__factorial_delay__run1__269a7947.json,269a7947,planning_decision,1,three_day_tournament,factorial_delay,factorial,300,300,0,0,,,r05_m02,A,True,3,0,72.83,269,5,5,True,0,0,0,heuristic,780,3
planning_decision__r05_m02__sideB__three_day_tournament__factorial_loss__run1__4aa05082.json,4aa05082,planning_decision,1,three_day_tournament,factorial_loss,factorial,0,0,0,5,,,r05_m02,B,True,3,0,85.87,242,5,5,True,0,0,0,heuristic,737,3
planning_decision__r05_m03__sideA__three_day_tournament__factorial_delay_jitter__run1__1ddfc698.json,1ddfc698,planning_decision,1,three_day_tournament,factorial_delay_jitter,factorial,300,300,30,0,,,r05_m03,A,True,3,0,62.54,211,5,4,True,0,0,0,heuristic,597,3
planning_decision__r05_m03__sideB__three_day_tournament__factorial_jitter__run1__0688e3aa.json,0688e3aa,planning_decision,1,three_day_tournament,factorial_jitter,factorial,50,0,30,0,,,r05_m03,B,True,3,0,67.14,242,5,5,True,0,0,0,heuristic,719,3
planning_decision__r05_m04__sideA__three_day_tournament__factorial_delay_loss__run1__f7e392a2.json,f7e392a2,planning_decision,1,three_day_tournament,factorial_delay_loss,factorial,300,300,0,5,,,r05_m04,A,True,3,0,54.77,247,5,5,True,0,0,0,heuristic,701,3
planning_decision__r05_m04__sideB__three_day_tournament__factorial_delay_loss_jitter__run1__90e1cb43.json,90e1cb43,planning_decision,1,three_day_tournament,factorial_delay_loss_jitter,factorial,300,300,30,5,,,r05_m04,B,True,3,0,69.07,295,5,5,True,0,0,0,heuristic,890,3
planning_decision__r06_m01__sideA__three_day_tournament__factorial_baseline__run1__38cdabba.json,38cdabba,planning_decision,1,three_day_tournament,factorial_baseline,factorial,0,0,0,0,,,r06_m01,A,True,3,0,51.4,229,5,5,True,0,0,0,heuristic,604,3
planning_decision__r06_m01__sideB__three_day_tournament__factorial_loss__run1__0d15a0fd.json,0d15a0fd,planning_decision,1,three_day_tournament,factorial_loss,factorial,0,0,0,5,,,r06_m01,B,True,3,0,63.78,254,5,5,True,0,0,0,heuristic,770,3
planning_decision__r06_m02__sideA__three_day_tournament__factorial_loss_jitter__run1__a6370ba7.json,a6370ba7,planning_decision,1,three_day_tournament,factorial_loss_jitter,factorial,50,0,30,5,,,r06_m02,A,True,3,0,55.61,253,5,5,True,0,0,0,heuristic,724,3
planning_decision__r06_m02__sideB__three_day_tournament__factorial_jitter__run1__ba419a51.json,ba419a51,planning_decision,1,three_day_tournament,factorial_jitter,factorial,50,0,30,0,,,r06_m02,B,True,3,0,58.21,225,5,4,True,0,0,0,heuristic,685,3
planning_decision__r06_m03__sideA__three_day_tournament__factorial_delay__run1__14bfd72a.json,14bfd72a,planning_decision,1,three_day_tournament,factorial_delay,factorial,300,300,0,0,,,r06_m03,A,True,3,0,65.44,302,5,5,True,0,0,0,heuristic,856,3
planning_decision__r06_m03__sideB__three_day_tournament__factorial_delay_loss_jitter__run1__7535db49.json,7535db49,planning_decision,1,three_day_tournament,factorial_delay_loss_jitter,factorial,300,300,30,5,,,r06_m03,B,True,3,0,69.8,296,5,5,True,0,0,0,heuristic,905,3
planning_decision__r06_m04__sideA__three_day_tournament__factorial_delay_jitter__run1__32a30ef9.json,32a30ef9,planning_decision,1,three_day_tournament,factorial_delay_jitter,factorial,300,300,30,0,,,r06_m04,A,True,3,0,53.89,236,5,5,True,0,0,0,heuristic,698,3
planning_decision__r06_m04__sideB__three_day_tournament__factorial_delay_loss__run1__4835055c.json,4835055c,planning_decision,1,three_day_tournament,factorial_delay_loss,factorial,300,300,0,5,,,r06_m04,B,True,3,0,57.98,174,5,5,True,0,0,0,heuristic,390,3
planning_decision__r07_m01__sideA__three_day_tournament__factorial_baseline__run1__ca1cf284.json,ca1cf284,planning_decision,1,three_day_tournament,factorial_baseline,factorial,0,0,0,0,,,r07_m01,A,True,3,0,49.95,199,5,4,True,0,0,0,heuristic,535,3
planning_decision__r07_m01__sideB__three_day_tournament__factorial_jitter__run1__ba8b00c9.json,ba8b00c9,planning_decision,1,three_day_tournament,factorial_jitter,factorial,50,0,30,0,,,r07_m01,B,True,3,0,59.84,253,5,5,True,0,0,0,heuristic,723,3
planning_decision__r07_m02__sideA__three_day_tournament__factorial_loss__run1__7b66921d.json,7b66921d,planning_decision,1,three_day_tournament,factorial_loss,factorial,0,0,0,5,,,r07_m02,A,True,3,0,62.98,247,5,5,True,0,0,0,heuristic,763,3
planning_decision__r07_m02__sideB__three_day_tournament__factorial_delay_loss_jitter__run1__e217b072.json,e217b072,planning_decision,1,three_day_tournament,factorial_delay_loss_jitter,factorial,300,300,30,5,,,r07_m02,B,True,3,0,59.07,263,5,5,True,0,0,0,heuristic,751,3
planning_decision__r07_m03__sideA__three_day_tournament__factorial_loss_jitter__run1__4794ede7.json,4794ede7,planning_decision,1,three_day_tournament,factorial_loss_jitter,factorial,50,0,30,5,,,r07_m03,A,True,3,0,58.83,263,5,5,True,0,0,0,heuristic,777,3
planning_decision__r07_m03__sideB__three_day_tournament__factorial_delay_loss__run1__8cf45123.json,8cf45123,planning_decision,1,three_day_tournament,factorial_delay_loss,factorial,300,300,0,5,,,r07_m03,B,True,3,0,75.54,207,5,4,True,0,0,0,heuristic,564,3
planning_decision__r07_m04__sideA__three_day_tournament__factorial_delay__run1__9f47cfcd.json,9f47cfcd,planning_decision,1,three_day_tournament,factorial_delay,factorial,300,300,0,0,,,r07_m04,A,True,3,0,78.94,319,5,5,True,0,0,0,heuristic,1028,3
planning_decision__r07_m04__sideB__three_day_tournament__factorial_delay_jitter__run1__f84ce3b6.json,f84ce3b6,planning_decision,1,three_day_tournament,factorial_delay_jitter,factorial,300,300,30,0,,,r07_m04,B,True,3,0,77.34,160,5,4,True,0,0,0,heuristic,406,3
planning_decision__three_day_baseline_extra__combined_d0000_loss0_j000__run10__586ffb23.json,586ffb23,planning_decision,10,three_day_baseline_extra,combined_d0000_loss0_j000,combined,0,0,0,0,,,,,True,3,0,70.31,246,5,4,True,0,0,0,heuristic,750,3
planning_decision__three_day_baseline_extra__combined_d0000_loss0_j000__run11__0a806a6d.json,0a806a6d,planning_decision,11,three_day_baseline_extra,combined_d0000_loss0_j000,combined,0,0,0,0,,,,,True,3,0,62.07,165,5,5,True,0,0,0,heuristic,374,3
planning_decision__three_day_baseline_extra__combined_d0000_loss0_j000__run12__cef8e4f0.json,cef8e4f0,planning_decision,12,three_day_baseline_extra,combined_d0000_loss0_j000,combined,0,0,0,0,,,,,True,3,0,74.55,272,5,5,True,0,0,0,heuristic,775,3
planning_decision__three_day_baseline_extra__combined_d0000_loss0_j000__run13__5ce40e6b.json,5ce40e6b,planning_decision,13,three_day_baseline_extra,combined_d0000_loss0_j000,combined,0,0,0,0,,,,,True,3,0,71.48,242,5,5,True,0,0,0,heuristic,719,3
planning_decision__three_day_baseline_extra__combined_d0000_loss0_j000__run14__25f94680.json,25f94680,planning_decision,14,three_day_baseline_extra,combined_d0000_loss0_j000,combined,0,0,0,0,,,,,True,3,0,75.59,249,5,5,True,0,0,0,heuristic,750,3
planning_decision__three_day_baseline_extra__combined_d0000_loss0_j000__run15__aec6ff19.json,aec6ff19,planning_decision,15,three_day_baseline_extra,combined_d0000_loss0_j000,combined,0,0,0,0,,,,,True,3,0,70.08,256,4,5,True,0,0,0,heuristic,716,3
planning_decision__three_day_baseline_extra__combined_d0000_loss0_j000__run16__c557c57e.json,c557c57e,planning_decision,16,three_day_baseline_extra,combined_d0000_loss0_j000,combined,0,0,0,0,,,,,True,3,0,87.63,298,5,5,True,0,0,0,heuristic,946,3
planning_decision__three_day_baseline_extra__combined_d0000_loss0_j000__run17__95270b8b.json,95270b8b,planning_decision,17,three_day_baseline_extra,combined_d0000_loss0_j000,combined,0,0,0,0,,,,,True,3,0,73.62,240,5,5,True,0,0,0,heuristic,705,3
planning_decision__three_day_baseline_extra__combined_d0000_loss0_j000__run18__3fb3b156.json,3fb3b156,planning_decision,18,three_day_baseline_extra,combined_d0000_loss0_j000,combined,0,0,0,0,,,,,True,3,0,87.24,246,5,5,True,0,0,0,heuristic,748,3
planning_decision__three_day_baseline_extra__combined_d0000_loss0_j000__run19__c3b9e6e3.json,c3b9e6e3,planning_decision,19,three_day_baseline_extra,combined_d0000_loss0_j000,combined,0,0,0,0,,,,,True,6,1,241.38,614,5,5,True,0,0,1,heuristic,696,6
planning_decision__three_day_baseline_extra__combined_d0000_loss0_j000__run1__81eea3cb.json,81eea3cb,planning_decision,1,three_day_baseline_extra,combined_d0000_loss0_j000,combined,0,0,0,0,,,,,True,3,0,59.33,169,5,5,True,0,0,0,heuristic,383,3
planning_decision__three_day_baseline_extra__combined_d0000_loss0_j000__run20__4221cd3f.json,4221cd3f,planning_decision,20,three_day_baseline_extra,combined_d0000_loss0_j000,combined,0,0,0,0,,,,,True,3,0,73.63,234,5,5,True,0,0,0,heuristic,641,3
planning_decision__three_day_baseline_extra__combined_d0000_loss0_j000__run2__fe2b915f.json,fe2b915f,planning_decision,2,three_day_baseline_extra,combined_d0000_loss0_j000,combined,0,0,0,0,,,,,True,3,0,67.73,294,5,5,True,0,0,0,heuristic,932,3
planning_decision__three_day_baseline_extra__combined_d0000_loss0_j000__run3__04706973.json,04706973,planning_decision,3,three_day_baseline_extra,combined_d0000_loss0_j000,combined,0,0,0,0,,,,,True,3,0,81.04,280,5,5,True,0,0,0,heuristic,855,3
planning_decision__three_day_baseline_extra__combined_d0000_loss0_j000__run4__a03d0ff4.json,a03d0ff4,planning_decision,4,three_day_baseline_extra,combined_d0000_loss0_j000,combined,0,0,0,0,,,,,True,3,0,71.62,235,5,5,True,0,0,0,heuristic,668,3
planning_decision__three_day_baseline_extra__combined_d0000_loss0_j000__run5__5a4f3a15.json,5a4f3a15,planning_decision,5,three_day_baseline_extra,combined_d0000_loss0_j000,combined,0,0,0,0,,,,,True,3,0,79.73,245,5,5,True,0,0,0,heuristic,664,3
planning_decision__three_day_baseline_extra__combined_d0000_loss0_j000__run6__ce6ae671.json,ce6ae671,planning_decision,6,three_day_baseline_extra,combined_d0000_loss0_j000,combined,0,0,0,0,,,,,True,3,0,68.06,229,5,4,True,0,0,0,heuristic,683,3
planning_decision__three_day_baseline_extra__combined_d0000_loss0_j000__run7__f1448b70.json,f1448b70,planning_decision,7,three_day_baseline_extra,combined_d0000_loss0_j000,combined,0,0,0,0,,,,,True,3,0,75.58,266,5,5,True,0,0,0,heuristic,831,3
planning_decision__three_day_baseline_extra__combined_d0000_loss0_j000__run8__d27e62d9.json,d27e62d9,planning_decision,8,three_day_baseline_extra,combined_d0000_loss0_j000,combined,0,0,0,0,,,,,True,3,0,87.94,252,5,5,True,0,0,0,heuristic,717,3
planning_decision__three_day_baseline_extra__combined_d0000_loss0_j000__run9__e51bc57a.json,e51bc57a,planning_decision,9,three_day_baseline_extra,combined_d0000_loss0_j000,combined,0,0,0,0,,,,,True,3,0,77.16,185,5,5,True,0,0,0,heuristic,478,3
planning_decision__three_day_combined_sample__combined_d0000_loss0_j000__run1__b62f5d6e.json,b62f5d6e,planning_decision,1,three_day_combined_sample,combined_d0000_loss0_j000,combined,0,0,0,0,,,,,True,3,0,76.98,287,5,5,True,0,0,0,heuristic,811,3
planning_decision__three_day_combined_sample__combined_d0000_loss0_j001__run1__0c18c758.json,0c18c758,planning_decision,1,three_day_combined_sample,combined_d0000_loss0_j001,combined,50,0,1,0,,,,,True,3,0,113.83,249,5,5,True,0,0,0,heuristic,766,3
planning_decision__three_day_combined_sample__combined_d0000_loss0_j020__run1__c184df9b.json,c184df9b,planning_decision,1,three_day_combined_sample,combined_d0000_loss0_j020,combined,50,0,20,0,,,,,True,3,0,92.09,189,5,5,True,0,0,0,heuristic,490,3
planning_decision__three_day_combined_sample__combined_d0000_loss0_j075__run1__9d2fc5b6.json,9d2fc5b6,planning_decision,1,three_day_combined_sample,combined_d0000_loss0_j075,combined,50,0,75,0,,,,,True,3,0,54.25,219,5,5,True,0,0,0,heuristic,610,3
planning_decision__three_day_combined_sample__combined_d0000_loss10_j020__run1__5364d500.json,5364d500,planning_decision,1,three_day_combined_sample,combined_d0000_loss10_j020,combined,50,0,20,10,,,,,True,3,0,85.53,232,5,5,True,0,0,0,heuristic,677,3
planning_decision__three_day_combined_sample__combined_d0000_loss20_j000__run1__16cef053.json,16cef053,planning_decision,1,three_day_combined_sample,combined_d0000_loss20_j000,combined,0,0,0,20,,,,,True,3,0,76.83,282,5,5,True,0,0,0,heuristic,808,3
planning_decision__three_day_combined_sample__combined_d0000_loss20_j020__run1__9f39e16e.json,9f39e16e,planning_decision,1,three_day_combined_sample,combined_d0000_loss20_j020,combined,50,0,20,20,,,,,True,3,0,69.61,222,5,5,True,0,0,0,heuristic,655,3
planning_decision__three_day_combined_sample__combined_d0000_loss20_j075__run1__c971d2e8.json,c971d2e8,planning_decision,1,three_day_combined_sample,combined_d0000_loss20_j075,combined,50,0,75,20,,,,,True,3,0,68.5,246,5,5,True,0,0,0,heuristic,719,3
planning_decision__three_day_combined_sample__combined_d0000_loss25_j075__run1__07c511a7.json,07c511a7,planning_decision,1,three_day_combined_sample,combined_d0000_loss25_j075,combined,50,0,75,25,,,,,True,3,0,68.67,286,5,4,True,0,0,0,heuristic,894,3
planning_decision__three_day_combined_sample__combined_d0000_loss75_j000__run1__090dd787.json,090dd787,planning_decision,1,three_day_combined_sample,combined_d0000_loss75_j000,combined,0,0,0,75,,,,,True,3,0,502.09,506,5,5,True,0,1,2,heuristic,792,5
planning_decision__three_day_combined_sample__combined_d0000_loss75_j005__run1__2faa0e71.json,2faa0e71,planning_decision,1,three_day_combined_sample,combined_d0000_loss75_j005,combined,50,0,5,75,,,,,True,3,0,74.97,246,5,5,True,0,0,0,heuristic,706,3
planning_decision__three_day_combined_sample__combined_d0000_loss75_j020__run1__ccf16ebc.json,ccf16ebc,planning_decision,1,three_day_combined_sample,combined_d0000_loss75_j020,combined,50,0,20,75,,,,,False,2,0,1906.94,678,,4,True,2,3,5,heuristic,761,6
planning_decision__three_day_combined_sample__combined_d0000_loss75_j075__run1__6905daf4.json,6905daf4,planning_decision,1,three_day_combined_sample,combined_d0000_loss75_j075,combined,50,0,75,75,,,,,False,1,0,1341.55,534,,1,False,2,3,5,heuristic,851,5
planning_decision__three_day_combined_sample__combined_d0050_loss20_j030__run1__e46a1497.json,e46a1497,planning_decision,1,three_day_combined_sample,combined_d0050_loss20_j030,combined,50,50,30,20,,,,,True,3,0,65.19,298,5,5,True,0,0,0,heuristic,879,3
planning_decision__three_day_combined_sample__combined_d0050_loss40_j075__run1__d107711e.json,d107711e,planning_decision,1,three_day_combined_sample,combined_d0050_loss40_j075,combined,50,50,75,40,,,,,True,3,0,95.51,293,5,5,True,0,0,0,heuristic,895,3
planning_decision__three_day_combined_sample__combined_d0050_loss5_j025__run1__a18a180d.json,a18a180d,planning_decision,1,three_day_combined_sample,combined_d0050_loss5_j025,combined,50,50,25,5,,,,,True,3,0,108.64,228,5,5,True,0,0,0,heuristic,729,3
planning_decision__three_day_combined_sample__combined_d0100_loss15_j010__run1__a2a2d939.json,a2a2d939,planning_decision,1,three_day_combined_sample,combined_d0100_loss15_j010,combined,100,100,10,15,,,,,True,3,0,81.79,265,5,4,True,0,0,0,heuristic,827,3
planning_decision__three_day_combined_sample__combined_d0100_loss1_j001__run1__52fe23fc.json,52fe23fc,planning_decision,1,three_day_combined_sample,combined_d0100_loss1_j001,combined,100,100,1,1,,,,,True,6,1,260.77,605,4,5,True,0,0,1,heuristic,426,6
planning_decision__three_day_combined_sample__combined_d0100_loss30_j015__run1__c85a6013.json,c85a6013,planning_decision,1,three_day_combined_sample,combined_d0100_loss30_j015,combined,100,100,15,30,,,,,True,3,0,54.14,158,5,4,True,0,0,0,heuristic,413,3
planning_decision__three_day_combined_sample__combined_d0100_loss75_j025__run1__addd7e25.json,addd7e25,planning_decision,1,three_day_combined_sample,combined_d0100_loss75_j025,combined,100,100,25,75,,,,,True,3,0,1124.11,538,5,5,True,1,2,4,heuristic,795,6
planning_decision__three_day_combined_sample__combined_d0150_loss20_j075__run1__6ff0962c.json,6ff0962c,planning_decision,1,three_day_combined_sample,combined_d0150_loss20_j075,combined,150,150,75,20,,,,,True,3,0,59.39,219,5,4,True,0,0,0,heuristic,641,3
planning_decision__three_day_combined_sample__combined_d0150_loss50_j001__run1__f6766878.json,f6766878,planning_decision,1,three_day_combined_sample,combined_d0150_loss50_j001,combined,150,150,1,50,,,,,True,3,0,194.73,316,5,5,True,0,0,0,heuristic,934,3
planning_decision__three_day_combined_sample__combined_d0150_loss5_j050__run1__d83cd2f4.json,d83cd2f4,planning_decision,1,three_day_combined_sample,combined_d0150_loss5_j050,combined,150,150,50,5,,,,,True,3,0,53.01,151,4,5,True,0,0,0,heuristic,329,3
planning_decision__three_day_combined_sample__combined_d0200_loss15_j015__run1__1b692431.json,1b692431,planning_decision,1,three_day_combined_sample,combined_d0200_loss15_j015,combined,200,200,15,15,,,,,True,3,0,70.57,247,5,5,True,0,0,0,heuristic,666,3
planning_decision__three_day_combined_sample__combined_d0200_loss1_j010__run1__4bcc8876.json,4bcc8876,planning_decision,1,three_day_combined_sample,combined_d0200_loss1_j010,combined,200,200,10,1,,,,,True,3,0,72.5,261,5,5,True,0,0,0,heuristic,803,3
planning_decision__three_day_combined_sample__combined_d0200_loss30_j025__run1__ce994a5e.json,ce994a5e,planning_decision,1,three_day_combined_sample,combined_d0200_loss30_j025,combined,200,200,25,30,,,,,True,3,0,61.97,263,5,5,True,0,0,0,heuristic,805,3
planning_decision__three_day_combined_sample__combined_d0200_loss75_j050__run1__7d9033dd.json,7d9033dd,planning_decision,1,three_day_combined_sample,combined_d0200_loss75_j050,combined,200,200,50,75,,,,,False,1,0,1565.78,624,,1,False,2,3,6,heuristic,639,7
planning_decision__three_day_combined_sample__combined_d0250_loss25_j001__run1__dea76a29.json,dea76a29,planning_decision,1,three_day_combined_sample,combined_d0250_loss25_j001,combined,250,250,1,25,,,,,True,3,0,69.02,279,5,5,True,0,0,0,heuristic,855,3
planning_decision__three_day_combined_sample__combined_d0250_loss50_j010__run1__86bb0f33.json,86bb0f33,planning_decision,1,three_day_combined_sample,combined_d0250_loss50_j010,combined,250,250,10,50,,,,,True,3,0,202.31,246,5,5,True,0,0,0,heuristic,655,3
planning_decision__three_day_combined_sample__combined_d0250_loss5_j075__run1__532df7b2.json,532df7b2,planning_decision,1,three_day_combined_sample,combined_d0250_loss5_j075,combined,250,250,75,5,,,,,True,3,0,67.11,221,4,5,True,0,0,0,heuristic,629,3
planning_decision__three_day_combined_sample__combined_d0300_loss15_j025__run1__1bef0f10.json,1bef0f10,planning_decision,1,three_day_combined_sample,combined_d0300_loss15_j025,combined,300,300,25,15,,,,,True,3,0,78.81,203,5,5,True,0,0,0,heuristic,565,3
planning_decision__three_day_combined_sample__combined_d0300_loss1_j020__run1__f0602578.json,f0602578,planning_decision,1,three_day_combined_sample,combined_d0300_loss1_j020,combined,300,300,20,1,,,,,True,3,0,74.07,289,5,5,True,0,0,0,heuristic,821,3
planning_decision__three_day_combined_sample__combined_d0300_loss30_j050__run1__bad5a4e4.json,bad5a4e4,planning_decision,1,three_day_combined_sample,combined_d0300_loss30_j050,combined,300,300,50,30,,,,,True,3,0,66.45,233,5,5,True,0,0,0,heuristic,667,3
planning_decision__three_day_combined_sample__combined_d0350_loss0_j000__run1__bf46b855.json,bf46b855,planning_decision,1,three_day_combined_sample,combined_d0350_loss0_j000,combined,350,350,0,0,,,,,True,6,1,209.95,617,5,5,True,0,0,1,heuristic,738,6
planning_decision__three_day_combined_sample__combined_d0350_loss10_j001__run1__013eeee3.json,013eeee3,planning_decision,1,three_day_combined_sample,combined_d0350_loss10_j001,combined,350,350,1,10,,,,,True,3,0,71.79,324,5,5,True,0,0,0,heuristic,1033,3
planning_decision__three_day_combined_sample__combined_d0350_loss25_j010__run1__93b8d91b.json,93b8d91b,planning_decision,1,three_day_combined_sample,combined_d0350_loss25_j010,combined,350,350,10,25,,,,,True,3,0,60.89,258,5,5,True,0,0,0,heuristic,785,3
planning_decision__three_day_combined_sample__combined_d0350_loss50_j020__run1__5a660280.json,5a660280,planning_decision,1,three_day_combined_sample,combined_d0350_loss50_j020,combined,350,350,20,50,,,,,True,3,0,66.45,174,5,4,True,0,0,0,heuristic,513,3
planning_decision__three_day_combined_sample__combined_d0400_loss15_j050__run1__d4a80073.json,d4a80073,planning_decision,1,three_day_combined_sample,combined_d0400_loss15_j050,combined,400,400,50,15,,,,,True,3,0,64.11,245,5,5,True,0,0,0,heuristic,701,3
planning_decision__three_day_combined_sample__combined_d0400_loss1_j025__run1__70d6472d.json,70d6472d,planning_decision,1,three_day_combined_sample,combined_d0400_loss1_j025,combined,400,400,25,1,,,,,True,3,0,66.48,267,5,5,True,0,0,0,heuristic,741,3
planning_decision__three_day_combined_sample__combined_d0400_loss40_j000__run1__1ed49ee8.json,1ed49ee8,planning_decision,1,three_day_combined_sample,combined_d0400_loss40_j000,combined,400,400,0,40,,,,,True,3,0,190.5,240,5,5,True,0,0,0,heuristic,713,3
planning_decision__three_day_combined_sample__combined_d0450_loss0_j005__run1__70c503e0.json,70c503e0,planning_decision,1,three_day_combined_sample,combined_d0450_loss0_j005,combined,450,450,5,0,,,,,True,3,0,57.45,267,5,5,True,0,0,0,heuristic,835,3
planning_decision__three_day_combined_sample__combined_d0450_loss10_j010__run1__879e71e4.json,879e71e4,planning_decision,1,three_day_combined_sample,combined_d0450_loss10_j010,combined,450,450,10,10,,,,,True,3,0,74.51,257,5,5,True,0,0,0,heuristic,786,3
planning_decision__three_day_combined_sample__combined_d0450_loss25_j020__run1__ddac7185.json,ddac7185,planning_decision,1,three_day_combined_sample,combined_d0450_loss25_j020,combined,450,450,20,25,,,,,True,3,0,57.71,242,5,5,True,0,0,0,heuristic,723,3
planning_decision__three_day_combined_sample__combined_d0450_loss50_j030__run1__df4c510f.json,df4c510f,planning_decision,1,three_day_combined_sample,combined_d0450_loss50_j030,combined,450,450,30,50,,,,,True,3,0,53.69,220,5,5,True,0,0,0,heuristic,633,3
planning_decision__three_day_combined_sample__combined_d0500_loss0_j000__run1__61721e00.json,61721e00,planning_decision,1,three_day_combined_sample,combined_d0500_loss0_j000,combined,500,500,0,0,,,,,True,3,0,64.99,250,5,5,True,0,0,0,heuristic,734,3
planning_decision__three_day_combined_sample__combined_d0500_loss0_j020__run1__743c1f0a.json,743c1f0a,planning_decision,1,three_day_combined_sample,combined_d0500_loss0_j020,combined,500,500,20,0,,,,,True,3,0,61.52,172,5,5,True,0,0,0,heuristic,470,3
planning_decision__three_day_combined_sample__combined_d0500_loss0_j075__run1__572f64fc.json,572f64fc,planning_decision,1,three_day_combined_sample,combined_d0500_loss0_j075,combined,500,500,75,0,,,,,True,3,0,80.33,302,5,5,True,0,0,0,heuristic,950,3
planning_decision__three_day_combined_sample__combined_d0500_loss20_j000__run1__cc7e82d5.json,cc7e82d5,planning_decision,1,three_day_combined_sample,combined_d0500_loss20_j000,combined,500,500,0,20,,,,,True,3,0,87.43,281,5,5,True,0,0,0,heuristic,870,3
planning_decision__three_day_combined_sample__combined_d0500_loss20_j015__run1__da9ae353.json,da9ae353,planning_decision,1,three_day_combined_sample,combined_d0500_loss20_j015,combined,500,500,15,20,,,,,True,3,0,56.75,212,5,5,True,0,0,0,heuristic,589,3
planning_decision__three_day_combined_sample__combined_d0500_loss20_j020__run1__3a8bab63.json,3a8bab63,planning_decision,1,three_day_combined_sample,combined_d0500_loss20_j020,combined,500,500,20,20,,,,,True,3,0,90.21,204,5,4,True,0,0,0,heuristic,578,3
planning_decision__three_day_combined_sample__combined_d0500_loss20_j075__run1__5f06f5f9.json,5f06f5f9,planning_decision,1,three_day_combined_sample,combined_d0500_loss20_j075,combined,500,500,75,20,,,,,True,3,0,79.26,264,5,5,True,0,0,0,heuristic,771,3
planning_decision__three_day_combined_sample__combined_d0500_loss40_j050__run1__c605d40c.json,c605d40c,planning_decision,1,three_day_combined_sample,combined_d0500_loss40_j050,combined,500,500,50,40,,,,,True,3,0,96.69,260,5,5,True,0,0,0,heuristic,810,3
planning_decision__three_day_combined_sample__combined_d0500_loss5_j001__run1__eb031ca7.json,eb031ca7,planning_decision,1,three_day_combined_sample,combined_d0500_loss5_j001,combined,500,500,1,5,,,,,True,3,0,63.81,269,5,5,True,0,0,0,heuristic,779,3
planning_decision__three_day_combined_sample__combined_d0500_loss75_j000__run1__626d25a3.json,626d25a3,planning_decision,1,three_day_combined_sample,combined_d0500_loss75_j000,combined,500,500,0,75,,,,,True,3,0,162.69,253,5,5,True,0,0,0,heuristic,761,3
planning_decision__three_day_combined_sample__combined_d0500_loss75_j020__run1__3ec5fe56.json,3ec5fe56,planning_decision,1,three_day_combined_sample,combined_d0500_loss75_j020,combined,500,500,20,75,,,,,False,2,0,1540.15,530,,4,True,2,3,5,heuristic,895,5
planning_decision__three_day_combined_sample__combined_d0500_loss75_j075__run1__c1f91edd.json,c1f91edd,planning_decision,1,three_day_combined_sample,combined_d0500_loss75_j075,combined,500,500,75,75,,,,,True,3,0,581.17,275,5,5,True,0,1,2,heuristic,663,4
planning_decision__three_day_combined_sample__combined_d0550_loss15_j015__run1__4e150ddc.json,4e150ddc,planning_decision,1,three_day_combined_sample,combined_d0550_loss15_j015,combined,550,550,15,15,,,,,True,3,0,60.2,264,5,5,True,0,0,0,heuristic,807,3
planning_decision__three_day_combined_sample__combined_d0550_loss1_j005__run1__129e498c.json,129e498c,planning_decision,1,three_day_combined_sample,combined_d0550_loss1_j005,combined,550,550,5,1,,,,,True,6,1,227.51,682,5,5,True,0,0,1,heuristic,529,6
planning_decision__three_day_combined_sample__combined_d0550_loss30_j025__run1__b6b54af8.json,b6b54af8,planning_decision,1,three_day_combined_sample,combined_d0550_loss30_j025,combined,550,550,25,30,,,,,True,3,0,72.89,320,5,5,True,0,0,0,heuristic,1012,3
planning_decision__three_day_combined_sample__combined_d0550_loss75_j030__run1__4c7a7397.json,4c7a7397,planning_decision,1,three_day_combined_sample,combined_d0550_loss75_j030,combined,550,550,30,75,,,,,False,1,0,1338.7,601,,1,False,2,2,5,heuristic,948,5
planning_decision__three_day_combined_sample__combined_d0600_loss25_j001__run1__2b979c34.json,2b979c34,planning_decision,1,three_day_combined_sample,combined_d0600_loss25_j001,combined,600,600,1,25,,,,,True,3,0,109.97,254,5,5,True,0,0,0,heuristic,775,3
planning_decision__three_day_combined_sample__combined_d0600_loss50_j010__run1__f3903ee6.json,f3903ee6,planning_decision,1,three_day_combined_sample,combined_d0600_loss50_j010,combined,600,600,10,50,,,,,True,3,0,97.29,148,5,5,True,0,0,0,heuristic,376,3
planning_decision__three_day_combined_sample__combined_d0600_loss5_j075__run1__50d2b8c7.json,50d2b8c7,planning_decision,1,three_day_combined_sample,combined_d0600_loss5_j075,combined,600,600,75,5,,,,,True,3,0,64.1,257,5,4,True,0,0,0,heuristic,795,3
planning_decision__three_day_combined_sample__combined_d0650_loss15_j025__run1__35d2c29e.json,35d2c29e,planning_decision,1,three_day_combined_sample,combined_d0650_loss15_j025,combined,650,650,25,15,,,,,True,3,0,69.19,265,5,5,True,0,0,0,heuristic,781,3
planning_decision__three_day_combined_sample__combined_d0650_loss1_j015__run1__51e970f2.json,51e970f2,planning_decision,1,three_day_combined_sample,combined_d0650_loss1_j015,combined,650,650,15,1,,,,,True,3,0,71.95,264,5,5,True,0,0,0,heuristic,820,3
planning_decision__three_day_combined_sample__combined_d0650_loss30_j050__run1__a92d1637.json,a92d1637,planning_decision,1,three_day_combined_sample,combined_d0650_loss30_j050,combined,650,650,50,30,,,,,True,3,0,62.5,235,5,5,True,0,0,0,heuristic,698,3
planning_decision__three_day_combined_sample__combined_d0650_loss75_j075__run1__b3ab19a9.json,b3ab19a9,planning_decision,1,three_day_combined_sample,combined_d0650_loss75_j075,combined,650,650,75,75,,,,,True,3,0,612.89,541,5,5,True,1,1,4,heuristic,909,6
planning_decision__three_day_combined_sample__combined_d0700_loss10_j001__run1__3087611a.json,3087611a,planning_decision,1,three_day_combined_sample,combined_d0700_loss10_j001,combined,700,700,1,10,,,,,True,3,0,60.31,224,5,5,True,0,0,0,heuristic,642,3
planning_decision__three_day_combined_sample__combined_d0700_loss25_j010__run1__9ab5cfd4.json,9ab5cfd4,planning_decision,1,three_day_combined_sample,combined_d0700_loss25_j010,combined,700,700,10,25,,,,,True,3,0,71.27,272,5,4,True,0,0,0,heuristic,842,3
planning_decision__three_day_combined_sample__combined_d0700_loss50_j015__run1__714b3816.json,714b3816,planning_decision,1,three_day_combined_sample,combined_d0700_loss50_j015,combined,700,700,15,50,,,,,True,3,0,104.56,259,5,5,True,0,0,0,heuristic,760,3
planning_decision__three_day_combined_sample__combined_d0750_loss15_j050__run1__bcdda2bb.json,bcdda2bb,planning_decision,1,three_day_combined_sample,combined_d0750_loss15_j050,combined,750,750,50,15,,,,,True,3,0,67.19,249,5,5,True,0,0,0,heuristic,743,3
planning_decision__three_day_combined_sample__combined_d0750_loss1_j025__run1__79b4831f.json,79b4831f,planning_decision,1,three_day_combined_sample,combined_d0750_loss1_j025,combined,750,750,25,1,,,,,True,3,0,78.28,302,5,5,True,0,0,0,heuristic,963,3
planning_decision__three_day_combined_sample__combined_d0750_loss40_j000__run1__4ffe39fc.json,4ffe39fc,planning_decision,1,three_day_combined_sample,combined_d0750_loss40_j000,combined,750,750,0,40,,,,,True,3,0,138.59,291,5,4,True,0,0,0,heuristic,921,3
planning_decision__three_day_combined_sample__combined_d0800_loss0_j001__run1__fb7060cd.json,fb7060cd,planning_decision,1,three_day_combined_sample,combined_d0800_loss0_j001,combined,800,800,1,0,,,,,True,3,0,82.72,245,5,4,True,0,0,0,heuristic,751,3
planning_decision__three_day_combined_sample__combined_d0800_loss10_j010__run1__d8dbfbbd.json,d8dbfbbd,planning_decision,1,three_day_combined_sample,combined_d0800_loss10_j010,combined,800,800,10,10,,,,,True,3,0,94.67,255,5,5,True,0,0,0,heuristic,662,3
planning_decision__three_day_combined_sample__combined_d0800_loss25_j020__run1__222f1431.json,222f1431,planning_decision,1,three_day_combined_sample,combined_d0800_loss25_j020,combined,800,800,20,25,,,,,True,3,0,115.72,282,5,5,True,0,0,0,heuristic,837,3
planning_decision__three_day_combined_sample__combined_d0800_loss50_j025__run1__9cbe5c35.json,9cbe5c35,planning_decision,1,three_day_combined_sample,combined_d0800_loss50_j025,combined,800,800,25,50,,,,,True,3,0,90.41,283,5,5,True,0,0,0,heuristic,754,3
planning_decision__three_day_combined_sample__combined_d0850_loss1_j050__run1__c1cff1cd.json,c1cff1cd,planning_decision,1,three_day_combined_sample,combined_d0850_loss1_j050,combined,850,850,50,1,,,,,True,3,0,98.95,148,4,5,True,0,0,0,heuristic,372,3
planning_decision__three_day_combined_sample__combined_d0850_loss20_j000__run1__b64a779a.json,b64a779a,planning_decision,1,three_day_combined_sample,combined_d0850_loss20_j000,combined,850,850,0,20,,,,,True,3,0,120.46,295,5,5,True,0,0,0,heuristic,834,3
planning_decision__three_day_combined_sample__combined_d0850_loss40_j001__run1__bf7ff20e.json,bf7ff20e,planning_decision,1,three_day_combined_sample,combined_d0850_loss40_j001,combined,850,850,1,40,,,,,True,3,0,78.27,270,5,5,True,0,0,0,heuristic,739,3
planning_decision__three_day_combined_sample__combined_d0900_loss0_j010__run1__734551d2.json,734551d2,planning_decision,1,three_day_combined_sample,combined_d0900_loss0_j010,combined,900,900,10,0,,,,,True,3,0,76.3,246,4,5,True,0,0,0,heuristic,719,3
planning_decision__three_day_combined_sample__combined_d0900_loss10_j020__run1__a11aa31a.json,a11aa31a,planning_decision,1,three_day_combined_sample,combined_d0900_loss10_j020,combined,900,900,20,10,,,,,True,3,0,95.8,266,5,5,True,0,0,0,heuristic,829,3
planning_decision__three_day_combined_sample__combined_d0900_loss25_j025__run1__cf29228c.json,cf29228c,planning_decision,1,three_day_combined_sample,combined_d0900_loss25_j025,combined,900,900,25,25,,,,,True,3,0,86.71,156,5,4,True,0,0,0,heuristic,379,3
planning_decision__three_day_combined_sample__combined_d0900_loss50_j050__run1__d448691c.json,d448691c,planning_decision,1,three_day_combined_sample,combined_d0900_loss50_j050,combined,900,900,50,50,,,,,True,3,0,227.41,140,5,4,True,0,0,0,heuristic,326,3
planning_decision__three_day_combined_sample__combined_d0950_loss20_j005__run1__32f0651f.json,32f0651f,planning_decision,1,three_day_combined_sample,combined_d0950_loss20_j005,combined,950,950,5,20,,,,,True,3,0,107.62,254,5,4,True,0,0,0,heuristic,781,3
planning_decision__three_day_combined_sample__combined_d0950_loss40_j010__run1__90c9b59c.json,90c9b59c,planning_decision,1,three_day_combined_sample,combined_d0950_loss40_j010,combined,950,950,10,40,,,,,True,3,0,90.39,230,5,5,True,0,0,0,heuristic,644,3
planning_decision__three_day_combined_sample__combined_d0950_loss5_j000__run1__f815b7af.json,f815b7af,planning_decision,1,three_day_combined_sample,combined_d0950_loss5_j000,combined,950,950,0,5,,,,,True,3,0,93.92,269,5,5,True,0,0,0,heuristic,824,3
planning_decision__three_day_combined_sample__combined_d1000_loss0_j000__run1__019c868d.json,019c868d,planning_decision,1,three_day_combined_sample,combined_d1000_loss0_j000,combined,1000,1000,0,0,,,,,True,3,0,69.5,253,5,5,True,0,0,0,heuristic,728,3
planning_decision__three_day_combined_sample__combined_d1000_loss0_j020__run1__d88c699e.json,d88c699e,planning_decision,1,three_day_combined_sample,combined_d1000_loss0_j020,combined,1000,1000,20,0,,,,,True,3,0,81.1,292,5,5,True,0,0,0,heuristic,906,3
planning_decision__three_day_combined_sample__combined_d1000_loss0_j030__run1__7a79b028.json,7a79b028,planning_decision,1,three_day_combined_sample,combined_d1000_loss0_j030,combined,1000,1000,30,0,,,,,True,3,0,75.46,252,5,4,True,0,0,0,heuristic,824,3
planning_decision__three_day_combined_sample__combined_d1000_loss0_j075__run1__d46e3787.json,d46e3787,planning_decision,1,three_day_combined_sample,combined_d1000_loss0_j075,combined,1000,1000,75,0,,,,,True,3,0,81.12,325,5,5,True,0,0,0,heuristic,1053,3
planning_decision__three_day_combined_sample__combined_d1000_loss15_j000__run1__d4af4c14.json,d4af4c14,planning_decision,1,three_day_combined_sample,combined_d1000_loss15_j000,combined,1000,1000,0,15,,,,,True,3,0,81.37,261,5,5,True,0,0,0,heuristic,749,3
planning_decision__three_day_combined_sample__combined_d1000_loss20_j000__run1__f8c41d23.json,f8c41d23,planning_decision,1,three_day_combined_sample,combined_d1000_loss20_j000,combined,1000,1000,0,20,,,,,True,3,0,61.72,246,5,4,True,0,0,0,heuristic,720,3
planning_decision__three_day_combined_sample__combined_d1000_loss20_j020__run1__81fdd06a.json,81fdd06a,planning_decision,1,three_day_combined_sample,combined_d1000_loss20_j020,combined,1000,1000,20,20,,,,,True,3,0,70.09,219,5,5,True,0,0,0,heuristic,631,3
planning_decision__three_day_combined_sample__combined_d1000_loss20_j075__run1__4e9efaa7.json,4e9efaa7,planning_decision,1,three_day_combined_sample,combined_d1000_loss20_j075,combined,1000,1000,75,20,,,,,True,3,0,65.72,237,5,5,True,0,0,0,heuristic,653,3
planning_decision__three_day_combined_sample__combined_d1000_loss30_j015__run1__2ce1323f.json,2ce1323f,planning_decision,1,three_day_combined_sample,combined_d1000_loss30_j015,combined,1000,1000,15,30,,,,,True,3,0,88.28,283,5,5,True,0,0,0,heuristic,862,3
planning_decision__three_day_combined_sample__combined_d1000_loss75_j000__run1__41f30d41.json,41f30d41,planning_decision,1,three_day_combined_sample,combined_d1000_loss75_j000,combined,1000,1000,0,75,,,,,False,1,0,1256.0,488,,1,False,2,3,5,heuristic,703,5
planning_decision__three_day_combined_sample__combined_d1000_loss75_j020__run1__23a1cc67.json,23a1cc67,planning_decision,1,three_day_combined_sample,combined_d1000_loss75_j020,combined,1000,1000,20,75,,,,,False,1,0,1164.09,337,,1,False,2,2,5,heuristic,847,4
planning_decision__three_day_combined_sample__combined_d1000_loss75_j050__run1__728534fb.json,728534fb,planning_decision,1,three_day_combined_sample,combined_d1000_loss75_j050,combined,1000,1000,50,75,,,,,False,1,0,955.52,332,,1,False,2,2,5,heuristic,825,4
planning_decision__three_day_combined_sample__combined_d1000_loss75_j075__run1__4aa17a02.json,4aa17a02,planning_decision,1,three_day_combined_sample,combined_d1000_loss75_j075,combined,1000,1000,75,75,,,,,True,3,0,133.11,299,4,5,True,0,0,2,heuristic,758,4
planning_decision__three_day_main_effect__main_delay_d0000__run1__a461b3e7.json,a461b3e7,planning_decision,1,three_day_main_effect,main_delay_d0000,main_effect,0,0,0,0,,delay,,,True,3,0,56.87,256,5,5,True,0,0,0,heuristic,789,3
planning_decision__three_day_main_effect__main_delay_d0000__run2__bfdc8e35.json,bfdc8e35,planning_decision,2,three_day_main_effect,main_delay_d0000,main_effect,0,0,0,0,,delay,,,True,3,0,109.4,200,5,5,True,0,0,0,heuristic,523,3
planning_decision__three_day_main_effect__main_delay_d0000__run3__3a69c311.json,3a69c311,planning_decision,3,three_day_main_effect,main_delay_d0000,main_effect,0,0,0,0,,delay,,,True,3,0,71.93,280,5,5,True,0,0,0,heuristic,879,3
planning_decision__three_day_main_effect__main_delay_d0000__run4__cfe7af9d.json,cfe7af9d,planning_decision,4,three_day_main_effect,main_delay_d0000,main_effect,0,0,0,0,,delay,,,True,3,0,77.41,298,5,5,True,0,0,0,heuristic,891,3
planning_decision__three_day_main_effect__main_delay_d0000__run5__d0899843.json,d0899843,planning_decision,5,three_day_main_effect,main_delay_d0000,main_effect,0,0,0,0,,delay,,,True,3,0,72.98,192,5,4,True,0,0,0,heuristic,535,3
planning_decision__three_day_main_effect__main_delay_d0050__run1__4c12ebac.json,4c12ebac,planning_decision,1,three_day_main_effect,main_delay_d0050,main_effect,50,50,0,0,,delay,,,True,3,0,63.24,258,5,5,True,0,0,0,heuristic,773,3
planning_decision__three_day_main_effect__main_delay_d0050__run2__a53ff402.json,a53ff402,planning_decision,2,three_day_main_effect,main_delay_d0050,main_effect,50,50,0,0,,delay,,,True,3,0,71.88,236,5,5,True,0,0,0,heuristic,706,3
planning_decision__three_day_main_effect__main_delay_d0050__run3__36f339b8.json,36f339b8,planning_decision,3,three_day_main_effect,main_delay_d0050,main_effect,50,50,0,0,,delay,,,True,3,0,66.52,280,5,5,True,0,0,0,heuristic,788,3
planning_decision__three_day_main_effect__main_delay_d0050__run4__bd764564.json,bd764564,planning_decision,4,three_day_main_effect,main_delay_d0050,main_effect,50,50,0,0,,delay,,,True,3,0,69.0,261,5,5,True,0,0,0,heuristic,803,3
planning_decision__three_day_main_effect__main_delay_d0050__run5__4b0c1368.json,4b0c1368,planning_decision,5,three_day_main_effect,main_delay_d0050,main_effect,50,50,0,0,,delay,,,True,3,0,64.77,268,5,4,True,0,0,0,heuristic,806,3
planning_decision__three_day_main_effect__main_delay_d0100__run1__ed31b0b4.json,ed31b0b4,planning_decision,1,three_day_main_effect,main_delay_d0100,main_effect,100,100,0,0,,delay,,,True,3,0,55.77,250,5,5,True,0,0,0,heuristic,711,3
planning_decision__three_day_main_effect__main_delay_d0100__run2__4edf9403.json,4edf9403,planning_decision,2,three_day_main_effect,main_delay_d0100,main_effect,100,100,0,0,,delay,,,True,3,0,92.4,260,5,5,True,0,0,0,heuristic,804,3
planning_decision__three_day_main_effect__main_delay_d0100__run3__1599a341.json,1599a341,planning_decision,3,three_day_main_effect,main_delay_d0100,main_effect,100,100,0,0,,delay,,,True,3,0,63.78,249,5,5,True,0,0,0,heuristic,761,3
planning_decision__three_day_main_effect__main_delay_d0100__run4__f052b000.json,f052b000,planning_decision,4,three_day_main_effect,main_delay_d0100,main_effect,100,100,0,0,,delay,,,True,3,0,63.44,229,5,3,False,0,0,0,heuristic,635,3
planning_decision__three_day_main_effect__main_delay_d0100__run5__b7ceb8e8.json,b7ceb8e8,planning_decision,5,three_day_main_effect,main_delay_d0100,main_effect,100,100,0,0,,delay,,,True,3,0,71.13,261,4,5,True,0,0,0,heuristic,803,3
planning_decision__three_day_main_effect__main_delay_d0150__run1__1884e482.json,1884e482,planning_decision,1,three_day_main_effect,main_delay_d0150,main_effect,150,150,0,0,,delay,,,True,3,0,55.07,154,4,4,True,0,0,0,heuristic,361,3
planning_decision__three_day_main_effect__main_delay_d0150__run2__51e3ccdd.json,51e3ccdd,planning_decision,2,three_day_main_effect,main_delay_d0150,main_effect,150,150,0,0,,delay,,,True,3,0,85.07,275,5,5,True,0,0,0,heuristic,742,3
planning_decision__three_day_main_effect__main_delay_d0150__run3__54035b0a.json,54035b0a,planning_decision,3,three_day_main_effect,main_delay_d0150,main_effect,150,150,0,0,,delay,,,True,3,0,52.91,204,5,4,True,0,0,0,heuristic,564,3
planning_decision__three_day_main_effect__main_delay_d0150__run4__1b60cf94.json,1b60cf94,planning_decision,4,three_day_main_effect,main_delay_d0150,main_effect,150,150,0,0,,delay,,,True,6,1,212.36,655,5,5,True,0,0,1,heuristic,537,6
planning_decision__three_day_main_effect__main_delay_d0150__run5__78952314.json,78952314,planning_decision,5,three_day_main_effect,main_delay_d0150,main_effect,150,150,0,0,,delay,,,True,3,0,84.81,206,5,5,True,0,0,0,heuristic,604,3
planning_decision__three_day_main_effect__main_delay_d0200__run1__59abf065.json,59abf065,planning_decision,1,three_day_main_effect,main_delay_d0200,main_effect,200,200,0,0,,delay,,,True,3,0,59.82,205,5,4,True,0,0,0,heuristic,589,3
planning_decision__three_day_main_effect__main_delay_d0200__run2__efbd3c37.json,efbd3c37,planning_decision,2,three_day_main_effect,main_delay_d0200,main_effect,200,200,0,0,,delay,,,True,3,0,91.97,279,5,5,True,0,0,0,heuristic,855,3
planning_decision__three_day_main_effect__main_delay_d0200__run3__60717dcd.json,60717dcd,planning_decision,3,three_day_main_effect,main_delay_d0200,main_effect,200,200,0,0,,delay,,,True,3,0,58.96,231,5,5,True,0,0,0,heuristic,640,3
planning_decision__three_day_main_effect__main_delay_d0200__run4__84bb6bb5.json,84bb6bb5,planning_decision,4,three_day_main_effect,main_delay_d0200,main_effect,200,200,0,0,,delay,,,True,3,0,110.88,206,5,5,True,0,0,0,heuristic,593,3
planning_decision__three_day_main_effect__main_delay_d0200__run5__3c63d98a.json,3c63d98a,planning_decision,5,three_day_main_effect,main_delay_d0200,main_effect,200,200,0,0,,delay,,,True,3,0,58.76,259,5,4,True,0,0,0,heuristic,755,3
planning_decision__three_day_main_effect__main_delay_d0250__run1__3d0bffb3.json,3d0bffb3,planning_decision,1,three_day_main_effect,main_delay_d0250,main_effect,250,250,0,0,,delay,,,True,3,0,54.5,256,5,5,True,0,0,0,heuristic,738,3
planning_decision__three_day_main_effect__main_delay_d0250__run2__41507055.json,41507055,planning_decision,2,three_day_main_effect,main_delay_d0250,main_effect,250,250,0,0,,delay,,,True,3,0,84.75,262,5,5,True,0,0,0,heuristic,730,3
planning_decision__three_day_main_effect__main_delay_d0250__run3__319ba151.json,319ba151,planning_decision,3,three_day_main_effect,main_delay_d0250,main_effect,250,250,0,0,,delay,,,True,3,0,69.54,275,5,4,True,0,0,0,heuristic,883,3
planning_decision__three_day_main_effect__main_delay_d0250__run4__342b80f5.json,342b80f5,planning_decision,4,three_day_main_effect,main_delay_d0250,main_effect,250,250,0,0,,delay,,,True,3,0,69.73,269,5,5,True,0,0,0,heuristic,813,3
planning_decision__three_day_main_effect__main_delay_d0250__run5__8d7f0786.json,8d7f0786,planning_decision,5,three_day_main_effect,main_delay_d0250,main_effect,250,250,0,0,,delay,,,True,3,0,52.05,194,5,4,True,0,0,0,heuristic,546,3
planning_decision__three_day_main_effect__main_delay_d0300__run1__ca4764e4.json,ca4764e4,planning_decision,1,three_day_main_effect,main_delay_d0300,main_effect,300,300,0,0,,delay,,,True,3,0,55.27,260,5,4,True,0,0,0,heuristic,756,3
planning_decision__three_day_main_effect__main_delay_d0300__run2__c2c6b520.json,c2c6b520,planning_decision,2,three_day_main_effect,main_delay_d0300,main_effect,300,300,0,0,,delay,,,True,3,0,109.94,255,5,5,True,0,0,0,heuristic,741,3
planning_decision__three_day_main_effect__main_delay_d0300__run3__5f617d64.json,5f617d64,planning_decision,3,three_day_main_effect,main_delay_d0300,main_effect,300,300,0,0,,delay,,,True,3,0,69.37,245,5,5,True,0,0,0,heuristic,694,3
planning_decision__three_day_main_effect__main_delay_d0300__run4__df5caab9.json,df5caab9,planning_decision,4,three_day_main_effect,main_delay_d0300,main_effect,300,300,0,0,,delay,,,True,3,0,56.47,191,5,5,True,0,0,0,heuristic,517,3
planning_decision__three_day_main_effect__main_delay_d0300__run5__fa1ce65a.json,fa1ce65a,planning_decision,5,three_day_main_effect,main_delay_d0300,main_effect,300,300,0,0,,delay,,,True,3,0,58.18,154,5,5,True,0,0,0,heuristic,352,3
planning_decision__three_day_main_effect__main_delay_d0350__run1__2d849d3d.json,2d849d3d,planning_decision,1,three_day_main_effect,main_delay_d0350,main_effect,350,350,0,0,,delay,,,True,3,0,65.23,283,5,5,True,0,0,0,heuristic,858,3
planning_decision__three_day_main_effect__main_delay_d0350__run2__f619d347.json,f619d347,planning_decision,2,three_day_main_effect,main_delay_d0350,main_effect,350,350,0,0,,delay,,,True,3,0,76.16,260,5,5,True,0,0,0,heuristic,770,3
planning_decision__three_day_main_effect__main_delay_d0350__run3__a686ec6e.json,a686ec6e,planning_decision,3,three_day_main_effect,main_delay_d0350,main_effect,350,350,0,0,,delay,,,True,3,0,74.25,153,5,4,True,0,0,0,heuristic,336,3
planning_decision__three_day_main_effect__main_delay_d0350__run4__f54bb689.json,f54bb689,planning_decision,4,three_day_main_effect,main_delay_d0350,main_effect,350,350,0,0,,delay,,,True,3,0,89.06,265,5,4,True,0,0,0,heuristic,807,3
planning_decision__three_day_main_effect__main_delay_d0350__run5__20482ad2.json,20482ad2,planning_decision,5,three_day_main_effect,main_delay_d0350,main_effect,350,350,0,0,,delay,,,True,3,0,75.62,294,5,5,True,0,0,0,heuristic,929,3
planning_decision__three_day_main_effect__main_delay_d0400__run1__2826af67.json,2826af67,planning_decision,1,three_day_main_effect,main_delay_d0400,main_effect,400,400,0,0,,delay,,,True,3,0,69.92,241,5,5,True,0,0,0,heuristic,729,3
planning_decision__three_day_main_effect__main_delay_d0400__run2__ab8b0b2a.json,ab8b0b2a,planning_decision,2,three_day_main_effect,main_delay_d0400,main_effect,400,400,0,0,,delay,,,True,3,0,87.35,268,5,4,True,0,0,0,heuristic,808,3
planning_decision__three_day_main_effect__main_delay_d0400__run3__7ee5c534.json,7ee5c534,planning_decision,3,three_day_main_effect,main_delay_d0400,main_effect,400,400,0,0,,delay,,,True,3,0,68.75,196,5,5,True,0,0,0,heuristic,602,3
planning_decision__three_day_main_effect__main_delay_d0400__run4__ed06ac0c.json,ed06ac0c,planning_decision,4,three_day_main_effect,main_delay_d0400,main_effect,400,400,0,0,,delay,,,True,3,0,85.59,255,5,5,True,0,0,0,heuristic,787,3
planning_decision__three_day_main_effect__main_delay_d0400__run5__d0bcbedf.json,d0bcbedf,planning_decision,5,three_day_main_effect,main_delay_d0400,main_effect,400,400,0,0,,delay,,,True,3,0,69.58,259,5,5,True,0,0,0,heuristic,802,3
planning_decision__three_day_main_effect__main_delay_d0450__run1__dad2c315.json,dad2c315,planning_decision,1,three_day_main_effect,main_delay_d0450,main_effect,450,450,0,0,,delay,,,True,3,0,57.75,238,5,5,True,0,0,0,heuristic,719,3
planning_decision__three_day_main_effect__main_delay_d0450__run2__1a2115cd.json,1a2115cd,planning_decision,2,three_day_main_effect,main_delay_d0450,main_effect,450,450,0,0,,delay,,,True,3,0,70.07,279,5,4,True,0,0,0,heuristic,883,3
planning_decision__three_day_main_effect__main_delay_d0450__run3__2b7d3d93.json,2b7d3d93,planning_decision,3,three_day_main_effect,main_delay_d0450,main_effect,450,450,0,0,,delay,,,True,3,0,69.24,253,5,5,True,0,0,0,heuristic,779,3
planning_decision__three_day_main_effect__main_delay_d0450__run4__24e60e24.json,24e60e24,planning_decision,4,three_day_main_effect,main_delay_d0450,main_effect,450,450,0,0,,delay,,,True,3,0,64.7,202,5,4,True,0,0,0,heuristic,572,3
planning_decision__three_day_main_effect__main_delay_d0450__run5__2643de8a.json,2643de8a,planning_decision,5,three_day_main_effect,main_delay_d0450,main_effect,450,450,0,0,,delay,,,True,3,0,62.98,273,5,5,True,0,0,0,heuristic,856,3
planning_decision__three_day_main_effect__main_delay_d0500__run1__cd597af7.json,cd597af7,planning_decision,1,three_day_main_effect,main_delay_d0500,main_effect,500,500,0,0,,delay,,,True,3,0,62.49,261,5,5,True,0,0,0,heuristic,748,3
planning_decision__three_day_main_effect__main_delay_d0500__run2__b6ec05c7.json,b6ec05c7,planning_decision,2,three_day_main_effect,main_delay_d0500,main_effect,500,500,0,0,,delay,,,True,3,0,75.02,270,5,4,True,0,0,0,heuristic,818,3
planning_decision__three_day_main_effect__main_delay_d0500__run3__5bbe1807.json,5bbe1807,planning_decision,3,three_day_main_effect,main_delay_d0500,main_effect,500,500,0,0,,delay,,,True,3,0,78.02,184,5,5,True,0,0,0,heuristic,506,3
planning_decision__three_day_main_effect__main_delay_d0500__run4__90bcf884.json,90bcf884,planning_decision,4,three_day_main_effect,main_delay_d0500,main_effect,500,500,0,0,,delay,,,True,3,0,59.31,231,5,5,True,0,0,0,heuristic,649,3
planning_decision__three_day_main_effect__main_delay_d0500__run5__51bbc0fc.json,51bbc0fc,planning_decision,5,three_day_main_effect,main_delay_d0500,main_effect,500,500,0,0,,delay,,,True,3,0,62.31,276,5,5,True,0,0,0,heuristic,860,3
planning_decision__three_day_main_effect__main_delay_d0550__run1__1f1f0f37.json,1f1f0f37,planning_decision,1,three_day_main_effect,main_delay_d0550,main_effect,550,550,0,0,,delay,,,True,3,0,63.78,230,5,5,True,0,0,0,heuristic,680,3
planning_decision__three_day_main_effect__main_delay_d0550__run2__5a780495.json,5a780495,planning_decision,2,three_day_main_effect,main_delay_d0550,main_effect,550,550,0,0,,delay,,,True,3,0,69.34,276,5,5,True,0,0,0,heuristic,833,3
planning_decision__three_day_main_effect__main_delay_d0550__run3__5bf34ea9.json,5bf34ea9,planning_decision,3,three_day_main_effect,main_delay_d0550,main_effect,550,550,0,0,,delay,,,True,3,0,71.21,176,5,5,True,0,0,0,heuristic,421,3
planning_decision__three_day_main_effect__main_delay_d0550__run4__8ff9924f.json,8ff9924f,planning_decision,4,three_day_main_effect,main_delay_d0550,main_effect,550,550,0,0,,delay,,,True,3,0,71.01,280,5,5,True,0,0,0,heuristic,886,3
planning_decision__three_day_main_effect__main_delay_d0550__run5__c26be61b.json,c26be61b,planning_decision,5,three_day_main_effect,main_delay_d0550,main_effect,550,550,0,0,,delay,,,True,3,0,70.23,151,5,4,True,0,0,0,heuristic,333,3
planning_decision__three_day_main_effect__main_delay_d0600__run1__926b8cd0.json,926b8cd0,planning_decision,1,three_day_main_effect,main_delay_d0600,main_effect,600,600,0,0,,delay,,,True,3,0,60.59,269,5,5,True,0,0,0,heuristic,802,3
planning_decision__three_day_main_effect__main_delay_d0600__run2__e45a9ad3.json,e45a9ad3,planning_decision,2,three_day_main_effect,main_delay_d0600,main_effect,600,600,0,0,,delay,,,True,6,1,337.9,572,5,4,True,0,0,1,heuristic,486,6
planning_decision__three_day_main_effect__main_delay_d0600__run3__7f281fff.json,7f281fff,planning_decision,3,three_day_main_effect,main_delay_d0600,main_effect,600,600,0,0,,delay,,,True,3,0,51.73,207,5,5,True,0,0,0,heuristic,579,3
planning_decision__three_day_main_effect__main_delay_d0600__run4__f0f0811e.json,f0f0811e,planning_decision,4,three_day_main_effect,main_delay_d0600,main_effect,600,600,0,0,,delay,,,True,3,0,85.73,315,5,4,True,0,0,0,heuristic,969,3
planning_decision__three_day_main_effect__main_delay_d0600__run5__5945bd96.json,5945bd96,planning_decision,5,three_day_main_effect,main_delay_d0600,main_effect,600,600,0,0,,delay,,,True,6,1,272.49,629,5,4,True,0,0,1,heuristic,631,6
planning_decision__three_day_main_effect__main_delay_d0650__run1__9d2edbaa.json,9d2edbaa,planning_decision,1,three_day_main_effect,main_delay_d0650,main_effect,650,650,0,0,,delay,,,True,3,0,67.59,254,5,4,True,0,0,0,heuristic,782,3
planning_decision__three_day_main_effect__main_delay_d0650__run2__d8c46ffd.json,d8c46ffd,planning_decision,2,three_day_main_effect,main_delay_d0650,main_effect,650,650,0,0,,delay,,,True,3,0,89.88,234,5,5,True,0,0,0,heuristic,676,3
planning_decision__three_day_main_effect__main_delay_d0650__run3__59e83314.json,59e83314,planning_decision,3,three_day_main_effect,main_delay_d0650,main_effect,650,650,0,0,,delay,,,True,3,0,76.8,264,5,5,True,0,0,0,heuristic,759,3
planning_decision__three_day_main_effect__main_delay_d0650__run4__b7de6b3d.json,b7de6b3d,planning_decision,4,three_day_main_effect,main_delay_d0650,main_effect,650,650,0,0,,delay,,,True,3,0,55.03,186,5,3,False,0,0,0,heuristic,483,3
planning_decision__three_day_main_effect__main_delay_d0650__run5__3bc188ca.json,3bc188ca,planning_decision,5,three_day_main_effect,main_delay_d0650,main_effect,650,650,0,0,,delay,,,True,3,0,77.77,207,5,4,True,0,0,0,heuristic,594,3
planning_decision__three_day_main_effect__main_delay_d0700__run1__a83d6fb2.json,a83d6fb2,planning_decision,1,three_day_main_effect,main_delay_d0700,main_effect,700,700,0,0,,delay,,,True,3,0,56.05,242,5,5,True,0,0,0,heuristic,721,3
planning_decision__three_day_main_effect__main_delay_d0700__run2__28fa0808.json,28fa0808,planning_decision,2,three_day_main_effect,main_delay_d0700,main_effect,700,700,0,0,,delay,,,True,3,0,69.02,193,5,4,True,0,0,0,heuristic,590,3
planning_decision__three_day_main_effect__main_delay_d0700__run3__b70f2d72.json,b70f2d72,planning_decision,3,three_day_main_effect,main_delay_d0700,main_effect,700,700,0,0,,delay,,,True,3,0,70.18,253,5,4,True,0,0,0,heuristic,749,3
planning_decision__three_day_main_effect__main_delay_d0700__run4__aee866b2.json,aee866b2,planning_decision,4,three_day_main_effect,main_delay_d0700,main_effect,700,700,0,0,,delay,,,True,3,0,61.06,266,5,5,True,0,0,0,heuristic,831,3
planning_decision__three_day_main_effect__main_delay_d0700__run5__27920313.json,27920313,planning_decision,5,three_day_main_effect,main_delay_d0700,main_effect,700,700,0,0,,delay,,,True,3,0,77.02,238,5,5,True,0,0,0,heuristic,675,3
planning_decision__three_day_main_effect__main_delay_d0750__run1__02ab8fae.json,02ab8fae,planning_decision,1,three_day_main_effect,main_delay_d0750,main_effect,750,750,0,0,,delay,,,True,3,0,66.78,285,5,5,True,0,0,0,heuristic,843,3
planning_decision__three_day_main_effect__main_delay_d0750__run2__a3b11ee7.json,a3b11ee7,planning_decision,2,three_day_main_effect,main_delay_d0750,main_effect,750,750,0,0,,delay,,,True,3,0,74.85,272,5,5,True,0,0,0,heuristic,843,3
planning_decision__three_day_main_effect__main_delay_d0750__run3__bb1136d1.json,bb1136d1,planning_decision,3,three_day_main_effect,main_delay_d0750,main_effect,750,750,0,0,,delay,,,True,3,0,71.68,250,5,5,True,0,0,0,heuristic,747,3
planning_decision__three_day_main_effect__main_delay_d0750__run4__119eb870.json,119eb870,planning_decision,4,three_day_main_effect,main_delay_d0750,main_effect,750,750,0,0,,delay,,,True,3,0,59.72,270,5,4,True,0,0,0,heuristic,835,3
planning_decision__three_day_main_effect__main_delay_d0750__run5__654ba65c.json,654ba65c,planning_decision,5,three_day_main_effect,main_delay_d0750,main_effect,750,750,0,0,,delay,,,True,3,0,73.54,270,5,5,True,0,0,0,heuristic,776,3
planning_decision__three_day_main_effect__main_delay_d0800__run1__cae43aa1.json,cae43aa1,planning_decision,1,three_day_main_effect,main_delay_d0800,main_effect,800,800,0,0,,delay,,,True,3,0,55.04,202,5,4,True,0,0,0,heuristic,548,3
planning_decision__three_day_main_effect__main_delay_d0800__run2__623c1f88.json,623c1f88,planning_decision,2,three_day_main_effect,main_delay_d0800,main_effect,800,800,0,0,,delay,,,True,3,0,66.76,250,5,5,True,0,0,0,heuristic,704,3
planning_decision__three_day_main_effect__main_delay_d0800__run3__79c7357e.json,79c7357e,planning_decision,3,three_day_main_effect,main_delay_d0800,main_effect,800,800,0,0,,delay,,,True,3,0,81.68,332,5,5,True,0,0,0,heuristic,1073,3
planning_decision__three_day_main_effect__main_delay_d0800__run4__14225f15.json,14225f15,planning_decision,4,three_day_main_effect,main_delay_d0800,main_effect,800,800,0,0,,delay,,,True,3,0,75.25,266,5,5,True,0,0,0,heuristic,786,3
planning_decision__three_day_main_effect__main_delay_d0800__run5__81d10148.json,81d10148,planning_decision,5,three_day_main_effect,main_delay_d0800,main_effect,800,800,0,0,,delay,,,True,3,0,94.43,263,5,5,True,0,0,0,heuristic,801,3
planning_decision__three_day_main_effect__main_delay_d0850__run1__2ad3ea9a.json,2ad3ea9a,planning_decision,1,three_day_main_effect,main_delay_d0850,main_effect,850,850,0,0,,delay,,,True,3,0,69.6,273,5,4,True,0,0,0,heuristic,784,3
planning_decision__three_day_main_effect__main_delay_d0850__run2__db3eb3b4.json,db3eb3b4,planning_decision,2,three_day_main_effect,main_delay_d0850,main_effect,850,850,0,0,,delay,,,True,6,1,272.6,869,5,5,True,0,0,1,heuristic,1312,6
planning_decision__three_day_main_effect__main_delay_d0850__run3__ea7fe8d0.json,ea7fe8d0,planning_decision,3,three_day_main_effect,main_delay_d0850,main_effect,850,850,0,0,,delay,,,True,3,0,73.38,271,5,5,True,0,0,0,heuristic,747,3
planning_decision__three_day_main_effect__main_delay_d0850__run4__c202df68.json,c202df68,planning_decision,4,three_day_main_effect,main_delay_d0850,main_effect,850,850,0,0,,delay,,,True,3,0,68.23,248,5,4,True,0,0,0,heuristic,742,3
planning_decision__three_day_main_effect__main_delay_d0850__run5__eda2e3fb.json,eda2e3fb,planning_decision,5,three_day_main_effect,main_delay_d0850,main_effect,850,850,0,0,,delay,,,True,3,0,93.08,280,5,5,True,0,0,0,heuristic,840,3
planning_decision__three_day_main_effect__main_delay_d0900__run1__4fe9da75.json,4fe9da75,planning_decision,1,three_day_main_effect,main_delay_d0900,main_effect,900,900,0,0,,delay,,,True,3,0,98.42,277,5,5,True,0,0,0,heuristic,874,3
planning_decision__three_day_main_effect__main_delay_d0900__run2__9ea7640d.json,9ea7640d,planning_decision,2,three_day_main_effect,main_delay_d0900,main_effect,900,900,0,0,,delay,,,True,3,0,65.66,241,5,5,True,0,0,0,heuristic,710,3
planning_decision__three_day_main_effect__main_delay_d0900__run3__883593d4.json,883593d4,planning_decision,3,three_day_main_effect,main_delay_d0900,main_effect,900,900,0,0,,delay,,,True,3,0,68.02,255,5,5,True,0,0,0,heuristic,682,3
planning_decision__three_day_main_effect__main_delay_d0900__run4__1d9ddc57.json,1d9ddc57,planning_decision,4,three_day_main_effect,main_delay_d0900,main_effect,900,900,0,0,,delay,,,True,3,0,80.93,259,5,5,True,0,0,0,heuristic,753,3
planning_decision__three_day_main_effect__main_delay_d0900__run5__8500b53e.json,8500b53e,planning_decision,5,three_day_main_effect,main_delay_d0900,main_effect,900,900,0,0,,delay,,,True,3,0,110.34,230,5,4,True,0,0,0,heuristic,686,3
planning_decision__three_day_main_effect__main_delay_d0950__run1__a115e424.json,a115e424,planning_decision,1,three_day_main_effect,main_delay_d0950,main_effect,950,950,0,0,,delay,,,True,3,0,60.85,257,5,4,True,0,0,0,heuristic,756,3
planning_decision__three_day_main_effect__main_delay_d0950__run2__e38f3b48.json,e38f3b48,planning_decision,2,three_day_main_effect,main_delay_d0950,main_effect,950,950,0,0,,delay,,,True,3,0,74.31,276,5,5,True,0,0,0,heuristic,858,3
planning_decision__three_day_main_effect__main_delay_d0950__run3__8f9024a1.json,8f9024a1,planning_decision,3,three_day_main_effect,main_delay_d0950,main_effect,950,950,0,0,,delay,,,True,3,0,95.01,265,5,5,True,0,0,0,heuristic,790,3
planning_decision__three_day_main_effect__main_delay_d0950__run4__5944ff5c.json,5944ff5c,planning_decision,4,three_day_main_effect,main_delay_d0950,main_effect,950,950,0,0,,delay,,,True,3,0,74.89,202,5,5,True,0,0,0,heuristic,561,3
planning_decision__three_day_main_effect__main_delay_d0950__run5__ae0a3ce3.json,ae0a3ce3,planning_decision,5,three_day_main_effect,main_delay_d0950,main_effect,950,950,0,0,,delay,,,True,3,0,100.79,232,5,5,True,0,0,0,heuristic,695,3
planning_decision__three_day_main_effect__main_delay_d1000__run1__ec8e5b25.json,ec8e5b25,planning_decision,1,three_day_main_effect,main_delay_d1000,main_effect,1000,1000,0,0,,delay,,,True,3,0,62.85,254,5,5,True,0,0,0,heuristic,764,3
planning_decision__three_day_main_effect__main_delay_d1000__run2__84d81ffe.json,84d81ffe,planning_decision,2,three_day_main_effect,main_delay_d1000,main_effect,1000,1000,0,0,,delay,,,True,3,0,77.82,313,5,5,True,0,0,0,heuristic,939,3
planning_decision__three_day_main_effect__main_delay_d1000__run3__c0e32fb1.json,c0e32fb1,planning_decision,3,three_day_main_effect,main_delay_d1000,main_effect,1000,1000,0,0,,delay,,,True,3,0,67.3,248,5,5,True,0,0,0,heuristic,752,3
planning_decision__three_day_main_effect__main_delay_d1000__run4__6af9dda7.json,6af9dda7,planning_decision,4,three_day_main_effect,main_delay_d1000,main_effect,1000,1000,0,0,,delay,,,True,3,0,72.31,273,5,5,True,0,0,0,heuristic,856,3
planning_decision__three_day_main_effect__main_delay_d1000__run5__35075f48.json,35075f48,planning_decision,5,three_day_main_effect,main_delay_d1000,main_effect,1000,1000,0,0,,delay,,,True,3,0,80.56,265,5,5,True,0,0,0,heuristic,812,3
planning_decision__three_day_main_effect__main_jitter_j000__run1__dd2d612e.json,dd2d612e,planning_decision,1,three_day_main_effect,main_jitter_j000,main_effect,0,0,0,0,,jitter,,,True,3,0,57.96,275,5,5,True,0,0,0,heuristic,828,3
planning_decision__three_day_main_effect__main_jitter_j000__run2__ca0fe933.json,ca0fe933,planning_decision,2,three_day_main_effect,main_jitter_j000,main_effect,0,0,0,0,,jitter,,,True,3,0,81.85,267,5,5,True,0,0,0,heuristic,786,3
planning_decision__three_day_main_effect__main_jitter_j000__run3__d44547d0.json,d44547d0,planning_decision,3,three_day_main_effect,main_jitter_j000,main_effect,0,0,0,0,,jitter,,,True,3,0,75.16,205,5,5,True,0,0,0,heuristic,576,3
planning_decision__three_day_main_effect__main_jitter_j000__run4__9e57b842.json,9e57b842,planning_decision,4,three_day_main_effect,main_jitter_j000,main_effect,0,0,0,0,,jitter,,,True,3,0,56.4,275,5,5,True,0,0,0,heuristic,767,3
planning_decision__three_day_main_effect__main_jitter_j000__run5__7d784ab1.json,7d784ab1,planning_decision,5,three_day_main_effect,main_jitter_j000,main_effect,0,0,0,0,,jitter,,,True,3,0,56.46,206,5,4,True,0,0,0,heuristic,577,3
planning_decision__three_day_main_effect__main_jitter_j001__run1__0587082d.json,0587082d,planning_decision,1,three_day_main_effect,main_jitter_j001,main_effect,50,0,1,0,,jitter,,,True,3,0,57.1,221,5,4,True,0,0,0,heuristic,618,3
planning_decision__three_day_main_effect__main_jitter_j001__run2__d02ee6bc.json,d02ee6bc,planning_decision,2,three_day_main_effect,main_jitter_j001,main_effect,50,0,1,0,,jitter,,,True,3,0,95.94,296,5,5,True,0,0,0,heuristic,874,3
planning_decision__three_day_main_effect__main_jitter_j001__run3__f8b9b7d0.json,f8b9b7d0,planning_decision,3,three_day_main_effect,main_jitter_j001,main_effect,50,0,1,0,,jitter,,,True,3,0,82.09,187,5,5,True,0,0,0,heuristic,499,3
planning_decision__three_day_main_effect__main_jitter_j001__run4__3b43f69c.json,3b43f69c,planning_decision,4,three_day_main_effect,main_jitter_j001,main_effect,50,0,1,0,,jitter,,,True,3,0,65.6,182,5,3,False,0,0,0,heuristic,478,3
planning_decision__three_day_main_effect__main_jitter_j001__run5__70d58c92.json,70d58c92,planning_decision,5,three_day_main_effect,main_jitter_j001,main_effect,50,0,1,0,,jitter,,,True,3,0,65.62,245,5,5,True,0,0,0,heuristic,739,3
planning_decision__three_day_main_effect__main_jitter_j005__run1__1ed2ad81.json,1ed2ad81,planning_decision,1,three_day_main_effect,main_jitter_j005,main_effect,50,0,5,0,,jitter,,,True,3,0,55.19,236,5,5,True,0,0,0,heuristic,660,3
planning_decision__three_day_main_effect__main_jitter_j005__run2__aca0b988.json,aca0b988,planning_decision,2,three_day_main_effect,main_jitter_j005,main_effect,50,0,5,0,,jitter,,,True,3,0,82.98,140,5,4,True,0,0,0,heuristic,377,3
planning_decision__three_day_main_effect__main_jitter_j005__run3__2880a483.json,2880a483,planning_decision,3,three_day_main_effect,main_jitter_j005,main_effect,50,0,5,0,,jitter,,,True,3,0,83.38,295,5,5,True,0,0,0,heuristic,870,3
planning_decision__three_day_main_effect__main_jitter_j005__run4__0742d5c3.json,0742d5c3,planning_decision,4,three_day_main_effect,main_jitter_j005,main_effect,50,0,5,0,,jitter,,,True,3,0,50.4,195,5,5,True,0,0,0,heuristic,543,3
planning_decision__three_day_main_effect__main_jitter_j005__run5__d97c3c50.json,d97c3c50,planning_decision,5,three_day_main_effect,main_jitter_j005,main_effect,50,0,5,0,,jitter,,,True,3,0,65.63,292,5,5,True,0,0,0,heuristic,877,3
planning_decision__three_day_main_effect__main_jitter_j010__run1__3daa20d9.json,3daa20d9,planning_decision,1,three_day_main_effect,main_jitter_j010,main_effect,50,0,10,0,,jitter,,,True,3,0,68.85,204,5,5,True,0,0,0,heuristic,635,3
planning_decision__three_day_main_effect__main_jitter_j010__run2__e8818ec3.json,e8818ec3,planning_decision,2,three_day_main_effect,main_jitter_j010,main_effect,50,0,10,0,,jitter,,,True,3,0,78.17,253,5,5,True,0,0,0,heuristic,720,3
planning_decision__three_day_main_effect__main_jitter_j010__run3__1807a266.json,1807a266,planning_decision,3,three_day_main_effect,main_jitter_j010,main_effect,50,0,10,0,,jitter,,,True,3,0,72.93,264,5,5,True,0,0,0,heuristic,782,3
planning_decision__three_day_main_effect__main_jitter_j010__run4__da7f45ef.json,da7f45ef,planning_decision,4,three_day_main_effect,main_jitter_j010,main_effect,50,0,10,0,,jitter,,,True,3,0,81.1,300,5,5,True,0,0,0,heuristic,941,3
planning_decision__three_day_main_effect__main_jitter_j010__run5__bcff5f62.json,bcff5f62,planning_decision,5,three_day_main_effect,main_jitter_j010,main_effect,50,0,10,0,,jitter,,,True,3,0,69.55,298,5,5,True,0,0,0,heuristic,956,3
planning_decision__three_day_main_effect__main_jitter_j015__run1__203350ae.json,203350ae,planning_decision,1,three_day_main_effect,main_jitter_j015,main_effect,50,0,15,0,,jitter,,,True,3,0,66.13,276,5,5,True,0,0,0,heuristic,856,3
planning_decision__three_day_main_effect__main_jitter_j015__run2__891926d3.json,891926d3,planning_decision,2,three_day_main_effect,main_jitter_j015,main_effect,50,0,15,0,,jitter,,,True,3,0,99.68,275,5,4,True,0,0,0,heuristic,835,3
planning_decision__three_day_main_effect__main_jitter_j015__run3__f8657f19.json,f8657f19,planning_decision,3,three_day_main_effect,main_jitter_j015,main_effect,50,0,15,0,,jitter,,,True,3,0,65.38,252,5,5,True,0,0,0,heuristic,756,3
planning_decision__three_day_main_effect__main_jitter_j015__run4__49b8a586.json,49b8a586,planning_decision,4,three_day_main_effect,main_jitter_j015,main_effect,50,0,15,0,,jitter,,,True,3,0,63.63,287,5,5,True,0,0,0,heuristic,901,3
planning_decision__three_day_main_effect__main_jitter_j015__run5__49b627ca.json,49b627ca,planning_decision,5,three_day_main_effect,main_jitter_j015,main_effect,50,0,15,0,,jitter,,,False,6,2,362.56,656,2,5,True,0,0,2,heuristic,1028,6
planning_decision__three_day_main_effect__main_jitter_j020__run1__c6a8cb6a.json,c6a8cb6a,planning_decision,1,three_day_main_effect,main_jitter_j020,main_effect,50,0,20,0,,jitter,,,True,3,0,59.75,245,5,5,True,0,0,0,heuristic,736,3
planning_decision__three_day_main_effect__main_jitter_j020__run2__d639daeb.json,d639daeb,planning_decision,2,three_day_main_effect,main_jitter_j020,main_effect,50,0,20,0,,jitter,,,True,6,1,204.56,626,5,5,True,0,0,1,heuristic,706,6
planning_decision__three_day_main_effect__main_jitter_j020__run3__40b882c4.json,40b882c4,planning_decision,3,three_day_main_effect,main_jitter_j020,main_effect,50,0,20,0,,jitter,,,True,3,0,88.21,142,5,4,True,0,0,0,heuristic,349,3
planning_decision__three_day_main_effect__main_jitter_j020__run4__8ee48b2b.json,8ee48b2b,planning_decision,4,three_day_main_effect,main_jitter_j020,main_effect,50,0,20,0,,jitter,,,True,3,0,63.3,289,5,5,True,0,0,0,heuristic,904,3
planning_decision__three_day_main_effect__main_jitter_j020__run5__143da80d.json,143da80d,planning_decision,5,three_day_main_effect,main_jitter_j020,main_effect,50,0,20,0,,jitter,,,True,3,0,69.41,303,5,4,True,0,0,0,heuristic,949,3
planning_decision__three_day_main_effect__main_jitter_j025__run1__84f1a99f.json,84f1a99f,planning_decision,1,three_day_main_effect,main_jitter_j025,main_effect,50,0,25,0,,jitter,,,True,3,0,60.58,257,5,5,True,0,0,0,heuristic,774,3
planning_decision__three_day_main_effect__main_jitter_j025__run2__8a5927d6.json,8a5927d6,planning_decision,2,three_day_main_effect,main_jitter_j025,main_effect,50,0,25,0,,jitter,,,True,3,0,65.4,263,5,5,True,0,0,0,heuristic,789,3
planning_decision__three_day_main_effect__main_jitter_j025__run3__85bb5941.json,85bb5941,planning_decision,3,three_day_main_effect,main_jitter_j025,main_effect,50,0,25,0,,jitter,,,True,3,0,55.38,219,5,5,True,0,0,0,heuristic,641,3
planning_decision__three_day_main_effect__main_jitter_j025__run4__5944a57a.json,5944a57a,planning_decision,4,three_day_main_effect,main_jitter_j025,main_effect,50,0,25,0,,jitter,,,True,3,0,60.19,260,5,5,True,0,0,0,heuristic,787,3
planning_decision__three_day_main_effect__main_jitter_j025__run5__2befd65b.json,2befd65b,planning_decision,5,three_day_main_effect,main_jitter_j025,main_effect,50,0,25,0,,jitter,,,True,3,0,69.06,251,5,5,True,0,0,0,heuristic,739,3
planning_decision__three_day_main_effect__main_jitter_j030__run1__a903fa15.json,a903fa15,planning_decision,1,three_day_main_effect,main_jitter_j030,main_effect,50,0,30,0,,jitter,,,False,6,2,218.88,768,2,5,True,0,0,2,heuristic,745,6
planning_decision__three_day_main_effect__main_jitter_j030__run2__5d59deb8.json,5d59deb8,planning_decision,2,three_day_main_effect,main_jitter_j030,main_effect,50,0,30,0,,jitter,,,True,3,0,101.37,248,5,4,True,0,0,0,heuristic,759,3
planning_decision__three_day_main_effect__main_jitter_j030__run3__bc8dc0ca.json,bc8dc0ca,planning_decision,3,three_day_main_effect,main_jitter_j030,main_effect,50,0,30,0,,jitter,,,True,3,0,64.04,242,5,5,True,0,0,0,heuristic,722,3
planning_decision__three_day_main_effect__main_jitter_j030__run4__620a0526.json,620a0526,planning_decision,4,three_day_main_effect,main_jitter_j030,main_effect,50,0,30,0,,jitter,,,True,3,0,98.29,168,5,4,True,0,0,0,heuristic,489,3
planning_decision__three_day_main_effect__main_jitter_j030__run5__955fc0a3.json,955fc0a3,planning_decision,5,three_day_main_effect,main_jitter_j030,main_effect,50,0,30,0,,jitter,,,True,3,0,79.76,275,5,5,True,0,0,0,heuristic,777,3
planning_decision__three_day_main_effect__main_jitter_j050__run1__932af02c.json,932af02c,planning_decision,1,three_day_main_effect,main_jitter_j050,main_effect,50,0,50,0,,jitter,,,True,3,0,86.55,257,5,5,True,0,0,0,heuristic,717,3
planning_decision__three_day_main_effect__main_jitter_j050__run2__2bea6145.json,2bea6145,planning_decision,2,three_day_main_effect,main_jitter_j050,main_effect,50,0,50,0,,jitter,,,True,3,0,193.11,252,5,5,True,0,0,0,heuristic,703,3
planning_decision__three_day_main_effect__main_jitter_j050__run3__931d29cd.json,931d29cd,planning_decision,3,three_day_main_effect,main_jitter_j050,main_effect,50,0,50,0,,jitter,,,True,3,0,48.22,186,5,4,True,0,0,0,heuristic,515,3
planning_decision__three_day_main_effect__main_jitter_j050__run4__7cb6d893.json,7cb6d893,planning_decision,4,three_day_main_effect,main_jitter_j050,main_effect,50,0,50,0,,jitter,,,True,3,0,62.21,267,5,5,True,0,0,0,heuristic,813,3
planning_decision__three_day_main_effect__main_jitter_j050__run5__fd3064aa.json,fd3064aa,planning_decision,5,three_day_main_effect,main_jitter_j050,main_effect,50,0,50,0,,jitter,,,True,3,0,62.31,245,5,5,True,0,0,0,heuristic,729,3
planning_decision__three_day_main_effect__main_jitter_j075__run1__7856ad73.json,7856ad73,planning_decision,1,three_day_main_effect,main_jitter_j075,main_effect,50,0,75,0,,jitter,,,True,3,0,62.1,237,5,5,True,0,0,0,heuristic,728,3
planning_decision__three_day_main_effect__main_jitter_j075__run2__c1cc28ae.json,c1cc28ae,planning_decision,2,three_day_main_effect,main_jitter_j075,main_effect,50,0,75,0,,jitter,,,True,3,0,69.63,267,5,5,True,0,0,0,heuristic,814,3
planning_decision__three_day_main_effect__main_jitter_j075__run3__b22da96f.json,b22da96f,planning_decision,3,three_day_main_effect,main_jitter_j075,main_effect,50,0,75,0,,jitter,,,True,3,0,73.88,239,5,5,True,0,0,0,heuristic,667,3
planning_decision__three_day_main_effect__main_jitter_j075__run4__b6f37cba.json,b6f37cba,planning_decision,4,three_day_main_effect,main_jitter_j075,main_effect,50,0,75,0,,jitter,,,True,3,0,59.43,240,5,4,True,0,0,0,heuristic,740,3
planning_decision__three_day_main_effect__main_jitter_j075__run5__1b759bf2.json,1b759bf2,planning_decision,5,three_day_main_effect,main_jitter_j075,main_effect,50,0,75,0,,jitter,,,True,3,0,70.69,249,5,5,True,0,0,0,heuristic,760,3
planning_decision__three_day_main_effect__main_loss_loss0__run1__ecf0fc60.json,ecf0fc60,planning_decision,1,three_day_main_effect,main_loss_loss0,main_effect,0,0,0,0,,loss,,,True,3,0,53.02,167,5,4,True,0,0,0,heuristic,434,3
planning_decision__three_day_main_effect__main_loss_loss0__run2__7eb7a88f.json,7eb7a88f,planning_decision,2,three_day_main_effect,main_loss_loss0,main_effect,0,0,0,0,,loss,,,True,3,0,63.72,262,5,5,True,0,0,0,heuristic,778,3
planning_decision__three_day_main_effect__main_loss_loss0__run3__5dab72d7.json,5dab72d7,planning_decision,3,three_day_main_effect,main_loss_loss0,main_effect,0,0,0,0,,loss,,,True,3,0,93.37,260,5,4,True,0,0,0,heuristic,804,3
planning_decision__three_day_main_effect__main_loss_loss0__run4__d705cfbf.json,d705cfbf,planning_decision,4,three_day_main_effect,main_loss_loss0,main_effect,0,0,0,0,,loss,,,False,6,2,367.66,736,2,5,True,0,0,2,heuristic,929,6
planning_decision__three_day_main_effect__main_loss_loss0__run5__d3f8cc96.json,d3f8cc96,planning_decision,5,three_day_main_effect,main_loss_loss0,main_effect,0,0,0,0,,loss,,,True,3,0,106.89,247,5,5,True,0,0,0,heuristic,748,3
planning_decision__three_day_main_effect__main_loss_loss10__run1__0227c2fd.json,0227c2fd,planning_decision,1,three_day_main_effect,main_loss_loss10,main_effect,0,0,0,10,,loss,,,True,3,0,75.65,299,5,4,True,0,0,0,heuristic,827,3
planning_decision__three_day_main_effect__main_loss_loss10__run2__7e3442fc.json,7e3442fc,planning_decision,2,three_day_main_effect,main_loss_loss10,main_effect,0,0,0,10,,loss,,,True,3,0,67.16,190,5,4,True,0,0,0,heuristic,576,3
planning_decision__three_day_main_effect__main_loss_loss10__run3__c71834e7.json,c71834e7,planning_decision,3,three_day_main_effect,main_loss_loss10,main_effect,0,0,0,10,,loss,,,True,3,0,75.48,268,5,5,True,0,0,0,heuristic,786,3
planning_decision__three_day_main_effect__main_loss_loss10__run4__bf621670.json,bf621670,planning_decision,4,three_day_main_effect,main_loss_loss10,main_effect,0,0,0,10,,loss,,,True,3,0,69.83,274,5,5,True,0,0,0,heuristic,848,3
planning_decision__three_day_main_effect__main_loss_loss10__run5__637d27fe.json,637d27fe,planning_decision,5,three_day_main_effect,main_loss_loss10,main_effect,0,0,0,10,,loss,,,True,3,0,87.1,271,5,5,True,0,0,0,heuristic,839,3
planning_decision__three_day_main_effect__main_loss_loss15__run1__1ed7e4d0.json,1ed7e4d0,planning_decision,1,three_day_main_effect,main_loss_loss15,main_effect,0,0,0,15,,loss,,,True,3,0,67.9,242,5,5,True,0,0,0,heuristic,691,3
planning_decision__three_day_main_effect__main_loss_loss15__run2__fdb2531c.json,fdb2531c,planning_decision,2,three_day_main_effect,main_loss_loss15,main_effect,0,0,0,15,,loss,,,True,3,0,69.3,273,5,5,True,0,0,0,heuristic,776,3
planning_decision__three_day_main_effect__main_loss_loss15__run3__6e09035c.json,6e09035c,planning_decision,3,three_day_main_effect,main_loss_loss15,main_effect,0,0,0,15,,loss,,,True,3,0,68.22,268,5,5,True,0,0,0,heuristic,769,3
planning_decision__three_day_main_effect__main_loss_loss15__run4__1529e676.json,1529e676,planning_decision,4,three_day_main_effect,main_loss_loss15,main_effect,0,0,0,15,,loss,,,True,3,0,75.99,273,5,5,True,0,0,0,heuristic,824,3
planning_decision__three_day_main_effect__main_loss_loss15__run5__7f066f4f.json,7f066f4f,planning_decision,5,three_day_main_effect,main_loss_loss15,main_effect,0,0,0,15,,loss,,,True,3,0,108.53,131,5,4,True,0,0,0,heuristic,290,3
planning_decision__three_day_main_effect__main_loss_loss1__run1__aa2b2ad5.json,aa2b2ad5,planning_decision,1,three_day_main_effect,main_loss_loss1,main_effect,0,0,0,1,,loss,,,True,3,0,65.98,270,5,4,True,0,0,0,heuristic,814,3
planning_decision__three_day_main_effect__main_loss_loss1__run2__042b57ea.json,042b57ea,planning_decision,2,three_day_main_effect,main_loss_loss1,main_effect,0,0,0,1,,loss,,,False,6,2,302.99,795,2,5,True,0,0,2,heuristic,861,6
planning_decision__three_day_main_effect__main_loss_loss1__run3__7ce56b65.json,7ce56b65,planning_decision,3,three_day_main_effect,main_loss_loss1,main_effect,0,0,0,1,,loss,,,True,3,0,71.06,248,5,5,True,0,0,0,heuristic,715,3
planning_decision__three_day_main_effect__main_loss_loss1__run4__0ff49ac4.json,0ff49ac4,planning_decision,4,three_day_main_effect,main_loss_loss1,main_effect,0,0,0,1,,loss,,,True,3,0,70.46,274,5,4,True,0,0,0,heuristic,863,3
planning_decision__three_day_main_effect__main_loss_loss1__run5__0878d39b.json,0878d39b,planning_decision,5,three_day_main_effect,main_loss_loss1,main_effect,0,0,0,1,,loss,,,True,3,0,82.15,260,5,5,True,0,0,0,heuristic,807,3
planning_decision__three_day_main_effect__main_loss_loss20__run1__70290669.json,70290669,planning_decision,1,three_day_main_effect,main_loss_loss20,main_effect,0,0,0,20,,loss,,,True,3,0,59.18,254,5,5,True,0,0,0,heuristic,708,3
planning_decision__three_day_main_effect__main_loss_loss20__run2__67fb312e.json,67fb312e,planning_decision,2,three_day_main_effect,main_loss_loss20,main_effect,0,0,0,20,,loss,,,True,3,0,79.71,259,5,4,True,0,0,0,heuristic,740,3
planning_decision__three_day_main_effect__main_loss_loss20__run3__8d74d8eb.json,8d74d8eb,planning_decision,3,three_day_main_effect,main_loss_loss20,main_effect,0,0,0,20,,loss,,,True,3,0,56.73,219,5,4,True,0,0,0,heuristic,646,3
planning_decision__three_day_main_effect__main_loss_loss20__run4__367307e2.json,367307e2,planning_decision,4,three_day_main_effect,main_loss_loss20,main_effect,0,0,0,20,,loss,,,True,3,0,112.73,219,4,4,True,0,0,0,heuristic,638,3
planning_decision__three_day_main_effect__main_loss_loss20__run5__70a20280.json,70a20280,planning_decision,5,three_day_main_effect,main_loss_loss20,main_effect,0,0,0,20,,loss,,,True,3,0,93.94,237,5,5,True,0,0,0,heuristic,694,3
planning_decision__three_day_main_effect__main_loss_loss25__run1__ea34c533.json,ea34c533,planning_decision,1,three_day_main_effect,main_loss_loss25,main_effect,0,0,0,25,,loss,,,True,3,0,93.86,274,5,5,True,0,0,0,heuristic,774,3
planning_decision__three_day_main_effect__main_loss_loss25__run2__1628356e.json,1628356e,planning_decision,2,three_day_main_effect,main_loss_loss25,main_effect,0,0,0,25,,loss,,,True,3,0,59.72,236,5,5,True,0,0,0,heuristic,696,3
planning_decision__three_day_main_effect__main_loss_loss25__run3__c23a89d2.json,c23a89d2,planning_decision,3,three_day_main_effect,main_loss_loss25,main_effect,0,0,0,25,,loss,,,True,3,0,203.75,201,5,4,True,0,0,0,heuristic,569,3
planning_decision__three_day_main_effect__main_loss_loss25__run4__a9f9eb49.json,a9f9eb49,planning_decision,4,three_day_main_effect,main_loss_loss25,main_effect,0,0,0,25,,loss,,,True,3,0,77.06,269,5,5,True,0,0,0,heuristic,826,3
planning_decision__three_day_main_effect__main_loss_loss25__run5__bffac9a2.json,bffac9a2,planning_decision,5,three_day_main_effect,main_loss_loss25,main_effect,0,0,0,25,,loss,,,True,3,0,66.54,249,5,5,True,0,0,0,heuristic,720,3
planning_decision__three_day_main_effect__main_loss_loss30__run1__f2b03a13.json,f2b03a13,planning_decision,1,three_day_main_effect,main_loss_loss30,main_effect,0,0,0,30,,loss,,,True,3,0,89.28,196,5,4,True,0,0,0,heuristic,500,3
planning_decision__three_day_main_effect__main_loss_loss30__run2__e7bd4d27.json,e7bd4d27,planning_decision,2,three_day_main_effect,main_loss_loss30,main_effect,0,0,0,30,,loss,,,True,3,0,129.74,226,5,5,True,0,0,0,heuristic,677,3
planning_decision__three_day_main_effect__main_loss_loss30__run3__1f404d77.json,1f404d77,planning_decision,3,three_day_main_effect,main_loss_loss30,main_effect,0,0,0,30,,loss,,,True,3,0,68.34,256,5,5,True,0,0,0,heuristic,771,3
planning_decision__three_day_main_effect__main_loss_loss30__run4__5c8c83f6.json,5c8c83f6,planning_decision,4,three_day_main_effect,main_loss_loss30,main_effect,0,0,0,30,,loss,,,True,3,0,66.83,275,5,5,True,0,0,0,heuristic,865,3
planning_decision__three_day_main_effect__main_loss_loss30__run5__92a0023e.json,92a0023e,planning_decision,5,three_day_main_effect,main_loss_loss30,main_effect,0,0,0,30,,loss,,,True,3,0,63.04,240,5,5,True,0,0,0,heuristic,687,3
planning_decision__three_day_main_effect__main_loss_loss40__run1__58966b6f.json,58966b6f,planning_decision,1,three_day_main_effect,main_loss_loss40,main_effect,0,0,0,40,,loss,,,True,6,1,248.53,534,5,5,True,0,0,1,heuristic,406,6
planning_decision__three_day_main_effect__main_loss_loss40__run2__f0a33e4f.json,f0a33e4f,planning_decision,2,three_day_main_effect,main_loss_loss40,main_effect,0,0,0,40,,loss,,,True,3,0,63.75,267,5,5,True,0,0,0,heuristic,832,3
planning_decision__three_day_main_effect__main_loss_loss40__run3__8985e1a8.json,8985e1a8,planning_decision,3,three_day_main_effect,main_loss_loss40,main_effect,0,0,0,40,,loss,,,True,3,0,70.87,257,5,5,True,0,0,0,heuristic,759,3
planning_decision__three_day_main_effect__main_loss_loss40__run4__356f9a11.json,356f9a11,planning_decision,4,three_day_main_effect,main_loss_loss40,main_effect,0,0,0,40,,loss,,,True,3,0,95.43,289,5,5,True,0,0,0,heuristic,881,3
planning_decision__three_day_main_effect__main_loss_loss40__run5__1842430c.json,1842430c,planning_decision,5,three_day_main_effect,main_loss_loss40,main_effect,0,0,0,40,,loss,,,True,3,0,88.79,290,5,5,True,0,0,0,heuristic,827,3
planning_decision__three_day_main_effect__main_loss_loss50__run1__00aed728.json,00aed728,planning_decision,1,three_day_main_effect,main_loss_loss50,main_effect,0,0,0,50,,loss,,,True,3,0,181.7,255,5,5,True,0,0,0,heuristic,719,3
planning_decision__three_day_main_effect__main_loss_loss50__run2__07534ce8.json,07534ce8,planning_decision,2,three_day_main_effect,main_loss_loss50,main_effect,0,0,0,50,,loss,,,True,3,0,112.85,311,5,5,True,0,0,0,heuristic,912,3
planning_decision__three_day_main_effect__main_loss_loss50__run3__e373158d.json,e373158d,planning_decision,3,three_day_main_effect,main_loss_loss50,main_effect,0,0,0,50,,loss,,,True,3,0,88.79,243,5,5,True,0,0,0,heuristic,725,3
planning_decision__three_day_main_effect__main_loss_loss50__run4__45028791.json,45028791,planning_decision,4,three_day_main_effect,main_loss_loss50,main_effect,0,0,0,50,,loss,,,True,3,0,200.22,287,5,5,True,0,0,0,heuristic,818,3
planning_decision__three_day_main_effect__main_loss_loss50__run5__9613caea.json,9613caea,planning_decision,5,three_day_main_effect,main_loss_loss50,main_effect,0,0,0,50,,loss,,,True,3,0,182.34,284,5,5,True,0,0,0,heuristic,808,3
planning_decision__three_day_main_effect__main_loss_loss5__run1__d9310493.json,d9310493,planning_decision,1,three_day_main_effect,main_loss_loss5,main_effect,0,0,0,5,,loss,,,True,3,0,79.56,279,5,5,True,0,0,0,heuristic,761,3
planning_decision__three_day_main_effect__main_loss_loss5__run2__2299a0af.json,2299a0af,planning_decision,2,three_day_main_effect,main_loss_loss5,main_effect,0,0,0,5,,loss,,,True,3,0,65.49,211,5,5,True,0,0,0,heuristic,611,3
planning_decision__three_day_main_effect__main_loss_loss5__run3__816eafdc.json,816eafdc,planning_decision,3,three_day_main_effect,main_loss_loss5,main_effect,0,0,0,5,,loss,,,True,3,0,89.32,262,5,5,True,0,0,0,heuristic,799,3
planning_decision__three_day_main_effect__main_loss_loss5__run4__8ea5da6f.json,8ea5da6f,planning_decision,4,three_day_main_effect,main_loss_loss5,main_effect,0,0,0,5,,loss,,,True,3,0,64.81,262,5,5,True,0,0,0,heuristic,738,3
planning_decision__three_day_main_effect__main_loss_loss5__run5__af969b04.json,af969b04,planning_decision,5,three_day_main_effect,main_loss_loss5,main_effect,0,0,0,5,,loss,,,True,3,0,82.8,260,5,5,True,0,0,0,heuristic,779,3
planning_decision__three_day_main_effect__main_loss_loss75__run1__f08ad10f.json,f08ad10f,planning_decision,1,three_day_main_effect,main_loss_loss75,main_effect,0,0,0,75,,loss,,,True,3,0,1400.83,659,5,4,True,1,1,4,heuristic,498,7
planning_decision__three_day_main_effect__main_loss_loss75__run2__28cd76bb.json,28cd76bb,planning_decision,2,three_day_main_effect,main_loss_loss75,main_effect,0,0,0,75,,loss,,,True,3,0,184.89,252,5,5,True,0,0,0,heuristic,756,3
planning_decision__three_day_main_effect__main_loss_loss75__run3__3c95ce8d.json,3c95ce8d,planning_decision,3,three_day_main_effect,main_loss_loss75,main_effect,0,0,0,75,,loss,,,True,3,0,453.71,328,5,5,True,0,1,2,heuristic,878,4
planning_decision__three_day_main_effect__main_loss_loss75__run4__3c9d617d.json,3c9d617d,planning_decision,4,three_day_main_effect,main_loss_loss75,main_effect,0,0,0,75,,loss,,,True,3,0,200.59,289,5,5,True,0,0,0,heuristic,909,3
planning_decision__three_day_main_effect__main_loss_loss75__run5__16c4877c.json,16c4877c,planning_decision,5,three_day_main_effect,main_loss_loss75,main_effect,0,0,0,75,,loss,,,True,3,0,716.25,206,5,5,True,0,1,2,heuristic,443,4
research_summary__r01_m01__sideA__three_day_tournament__factorial_baseline__run1__441bb7e1.json,441bb7e1,research_summary,1,three_day_tournament,factorial_baseline,factorial,0,0,0,0,,,r01_m01,A,True,3,0,125.53,302,5,4,True,0,0,0,heuristic,1001,3
research_summary__r01_m01__sideB__three_day_tournament__factorial_delay_loss_jitter__run1__9b6709a5.json,9b6709a5,research_summary,1,three_day_tournament,factorial_delay_loss_jitter,factorial,300,300,30,5,,,r01_m01,B,True,3,0,104.51,237,5,4,True,0,0,0,heuristic,751,3
research_summary__r01_m02__sideA__three_day_tournament__factorial_jitter__run1__f4a78944.json,f4a78944,research_summary,1,three_day_tournament,factorial_jitter,factorial,50,0,30,0,,,r01_m02,A,True,3,0,144.44,253,4,4,True,0,0,0,heuristic,792,3
research_summary__r01_m02__sideB__three_day_tournament__factorial_delay_loss__run1__d9ad3195.json,d9ad3195,research_summary,1,three_day_tournament,factorial_delay_loss,factorial,300,300,0,5,,,r01_m02,B,True,3,0,86.22,221,5,3,False,0,0,0,heuristic,703,3
research_summary__r01_m03__sideA__three_day_tournament__factorial_loss__run1__f9ce96d4.json,f9ce96d4,research_summary,1,three_day_tournament,factorial_loss,factorial,0,0,0,5,,,r01_m03,A,True,3,0,108.46,312,5,5,True,0,0,0,heuristic,1043,3
research_summary__r01_m03__sideB__three_day_tournament__factorial_delay_jitter__run1__47cb8177.json,47cb8177,research_summary,1,three_day_tournament,factorial_delay_jitter,factorial,300,300,30,0,,,r01_m03,B,True,3,0,121.2,249,5,3,False,0,0,0,heuristic,782,3
research_summary__r01_m04__sideA__three_day_tournament__factorial_loss_jitter__run1__8e56e84a.json,8e56e84a,research_summary,1,three_day_tournament,factorial_loss_jitter,factorial,50,0,30,5,,,r01_m04,A,True,3,0,143.36,246,5,4,True,0,0,0,heuristic,772,3
research_summary__r01_m04__sideB__three_day_tournament__factorial_delay__run1__245bf334.json,245bf334,research_summary,1,three_day_tournament,factorial_delay,factorial,300,300,0,0,,,r01_m04,B,True,3,0,114.06,249,5,3,False,0,0,0,heuristic,776,3
research_summary__r02_m01__sideA__three_day_tournament__factorial_baseline__run1__02c65668.json,02c65668,research_summary,1,three_day_tournament,factorial_baseline,factorial,0,0,0,0,,,r02_m01,A,True,3,0,113.91,239,5,2,False,0,0,0,heuristic,722,3
research_summary__r02_m01__sideB__three_day_tournament__factorial_delay_loss__run1__3ed3a8af.json,3ed3a8af,research_summary,1,three_day_tournament,factorial_delay_loss,factorial,300,300,0,5,,,r02_m01,B,True,3,0,146.82,277,5,4,True,0,0,0,heuristic,893,3
research_summary__r02_m02__sideA__three_day_tournament__factorial_delay_loss_jitter__run1__d4686d7b.json,d4686d7b,research_summary,1,three_day_tournament,factorial_delay_loss_jitter,factorial,300,300,30,5,,,r02_m02,A,True,3,0,120.45,207,4,3,False,0,0,0,heuristic,618,3
research_summary__r02_m02__sideB__three_day_tournament__factorial_delay_jitter__run1__47eb9b9c.json,47eb9b9c,research_summary,1,three_day_tournament,factorial_delay_jitter,factorial,300,300,30,0,,,r02_m02,B,True,3,0,105.75,258,5,4,True,0,0,0,heuristic,805,3
research_summary__r02_m03__sideA__three_day_tournament__factorial_jitter__run1__adaf6ed2.json,adaf6ed2,research_summary,1,three_day_tournament,factorial_jitter,factorial,50,0,30,0,,,r02_m03,A,True,6,1,523.87,660,5,3,False,0,0,1,heuristic,902,6
research_summary__r02_m03__sideB__three_day_tournament__factorial_delay__run1__2b73a131.json,2b73a131,research_summary,1,three_day_tournament,factorial_delay,factorial,300,300,0,0,,,r02_m03,B,True,3,0,122.28,261,5,5,True,0,0,0,heuristic,823,3
research_summary__r02_m04__sideA__three_day_tournament__factorial_loss__run1__0d6dbc70.json,0d6dbc70,research_summary,1,three_day_tournament,factorial_loss,factorial,0,0,0,5,,,r02_m04,A,True,3,0,144.24,620,5,4,True,0,0,0,heuristic,2247,3
research_summary__r02_m04__sideB__three_day_tournament__factorial_loss_jitter__run1__ff06100e.json,ff06100e,research_summary,1,three_day_tournament,factorial_loss_jitter,factorial,50,0,30,5,,,r02_m04,B,True,3,0,103.29,217,5,5,True,0,0,0,heuristic,679,3
research_summary__r03_m01__sideA__three_day_tournament__factorial_baseline__run1__08d328d9.json,08d328d9,research_summary,1,three_day_tournament,factorial_baseline,factorial,0,0,0,0,,,r03_m01,A,True,3,0,392.33,210,5,3,False,0,0,0,heuristic,607,3
research_summary__r03_m01__sideB__three_day_tournament__factorial_delay_jitter__run1__2947d2d1.json,2947d2d1,research_summary,1,three_day_tournament,factorial_delay_jitter,factorial,300,300,30,0,,,r03_m01,B,True,3,0,152.12,350,5,4,True,0,0,0,heuristic,1189,3
research_summary__r03_m02__sideA__three_day_tournament__factorial_delay_loss__run1__e976f0aa.json,e976f0aa,research_summary,1,three_day_tournament,factorial_delay_loss,factorial,300,300,0,5,,,r03_m02,A,True,3,0,116.23,410,5,5,True,0,0,0,heuristic,1428,3
research_summary__r03_m02__sideB__three_day_tournament__factorial_delay__run1__3be3faef.json,3be3faef,research_summary,1,three_day_tournament,factorial_delay,factorial,300,300,0,0,,,r03_m02,B,True,6,1,322.02,683,5,3,False,0,0,1,heuristic,752,6
research_summary__r03_m03__sideA__three_day_tournament__factorial_delay_loss_jitter__run1__4449f59e.json,4449f59e,research_summary,1,three_day_tournament,factorial_delay_loss_jitter,factorial,300,300,30,5,,,r03_m03,A,True,3,0,118.63,371,5,3,False,0,0,0,heuristic,1246,3
research_summary__r03_m03__sideB__three_day_tournament__factorial_loss_jitter__run1__6db78636.json,6db78636,research_summary,1,three_day_tournament,factorial_loss_jitter,factorial,50,0,30,5,,,r03_m03,B,True,3,0,153.81,277,5,3,False,0,0,0,heuristic,905,3
research_summary__r03_m04__sideA__three_day_tournament__factorial_jitter__run1__9d72a187.json,9d72a187,research_summary,1,three_day_tournament,factorial_jitter,factorial,50,0,30,0,,,r03_m04,A,True,3,0,115.65,335,5,4,True,0,0,0,heuristic,1147,3
research_summary__r03_m04__sideB__three_day_tournament__factorial_loss__run1__be7d15bb.json,be7d15bb,research_summary,1,three_day_tournament,factorial_loss,factorial,0,0,0,5,,,r03_m04,B,True,3,0,248.29,244,5,3,False,0,0,0,heuristic,790,3
research_summary__r04_m01__sideA__three_day_tournament__factorial_baseline__run1__c4f0b77c.json,c4f0b77c,research_summary,1,three_day_tournament,factorial_baseline,factorial,0,0,0,0,,,r04_m01,A,True,3,0,124.67,296,5,4,True,0,0,0,heuristic,981,3
research_summary__r04_m01__sideB__three_day_tournament__factorial_delay__run1__71150b76.json,71150b76,research_summary,1,three_day_tournament,factorial_delay,factorial,300,300,0,0,,,r04_m01,B,True,6,1,287.32,751,5,4,True,0,0,1,heuristic,975,6
research_summary__r04_m02__sideA__three_day_tournament__factorial_delay_jitter__run1__a35a7a49.json,a35a7a49,research_summary,1,three_day_tournament,factorial_delay_jitter,factorial,300,300,30,0,,,r04_m02,A,True,3,0,99.68,292,4,5,True,0,0,0,heuristic,925,3
research_summary__r04_m02__sideB__three_day_tournament__factorial_loss_jitter__run1__01b9968a.json,01b9968a,research_summary,1,three_day_tournament,factorial_loss_jitter,factorial,50,0,30,5,,,r04_m02,B,True,3,0,232.05,224,5,4,True,0,0,0,heuristic,682,3
research_summary__r04_m03__sideA__three_day_tournament__factorial_delay_loss__run1__afb00ba9.json,afb00ba9,research_summary,1,three_day_tournament,factorial_delay_loss,factorial,300,300,0,5,,,r04_m03,A,True,3,0,99.84,290,5,4,True,0,0,0,heuristic,921,3
research_summary__r04_m03__sideB__three_day_tournament__factorial_loss__run1__a5fd864f.json,a5fd864f,research_summary,1,three_day_tournament,factorial_loss,factorial,0,0,0,5,,,r04_m03,B,True,3,0,112.81,207,5,3,False,0,0,0,heuristic,648,3
research_summary__r04_m04__sideA__three_day_tournament__factorial_delay_loss_jitter__run1__d5fb8b68.json,d5fb8b68,research_summary,1,three_day_tournament,factorial_delay_loss_jitter,factorial,300,300,30,5,,,r04_m04,A,True,3,0,104.38,472,5,5,True,0,0,0,heuristic,1682,3
research_summary__r04_m04__sideB__three_day_tournament__factorial_jitter__run1__e53b2e67.json,e53b2e67,research_summary,1,three_day_tournament,factorial_jitter,factorial,50,0,30,0,,,r04_m04,B,True,3,0,131.9,223,5,3,False,0,0,0,heuristic,676,3
research_summary__r05_m01__sideA__three_day_tournament__factorial_baseline__run1__a625dc8c.json,a625dc8c,research_summary,1,three_day_tournament,factorial_baseline,factorial,0,0,0,0,,,r05_m01,A,True,6,1,234.29,576,5,5,True,0,0,1,heuristic,715,6
research_summary__r05_m01__sideB__three_day_tournament__factorial_loss_jitter__run1__ff09a8ed.json,ff09a8ed,research_summary,1,three_day_tournament,factorial_loss_jitter,factorial,50,0,30,5,,,r05_m01,B,True,6,1,455.65,676,5,3,False,0,0,1,heuristic,891,6
research_summary__r05_m02__sideA__three_day_tournament__factorial_delay__run1__a416338f.json,a416338f,research_summary,1,three_day_tournament,factorial_delay,factorial,300,300,0,0,,,r05_m02,A,True,6,1,552.42,951,5,3,False,0,0,1,heuristic,1394,6
research_summary__r05_m02__sideB__three_day_tournament__factorial_loss__run1__738fe4fa.json,738fe4fa,research_summary,1,three_day_tournament,factorial_loss,factorial,0,0,0,5,,,r05_m02,B,True,3,0,107.74,224,5,4,True,0,0,0,heuristic,748,3
research_summary__r05_m03__sideA__three_day_tournament__factorial_delay_jitter__run1__da1a7945.json,da1a7945,research_summary,1,three_day_tournament,factorial_delay_jitter,factorial,300,300,30,0,,,r05_m03,A,True,3,0,110.01,208,4,2,False,0,0,0,heuristic,631,3
research_summary__r05_m03__sideB__three_day_tournament__factorial_jitter__run1__98e2e72b.json,98e2e72b,research_summary,1,three_day_tournament,factorial_jitter,factorial,50,0,30,0,,,r05_m03,B,True,3,0,91.15,240,5,3,False,0,0,0,heuristic,756,3
research_summary__r05_m04__sideA__three_day_tournament__factorial_delay_loss__run1__012ab80d.json,012ab80d,research_summary,1,three_day_tournament,factorial_delay_loss,factorial,300,300,0,5,,,r05_m04,A,True,3,0,124.65,599,5,5,True,0,0,0,heuristic,2163,3
research_summary__r05_m04__sideB__three_day_tournament__factorial_delay_loss_jitter__run1__149a2a48.json,149a2a48,research_summary,1,three_day_tournament,factorial_delay_loss_jitter,factorial,300,300,30,5,,,r05_m04,B,True,3,0,93.69,257,5,3,False,0,0,0,heuristic,812,3
research_summary__r06_m01__sideA__three_day_tournament__factorial_baseline__run1__c60e3d34.json,c60e3d34,research_summary,1,three_day_tournament,factorial_baseline,factorial,0,0,0,0,,,r06_m01,A,True,3,0,99.5,339,5,5,True,0,0,0,heuristic,1147,3
research_summary__r06_m01__sideB__three_day_tournament__factorial_loss__run1__237119a0.json,237119a0,research_summary,1,three_day_tournament,factorial_loss,factorial,0,0,0,5,,,r06_m01,B,True,3,0,103.92,324,5,5,True,0,0,0,heuristic,1069,3
research_summary__r06_m02__sideA__three_day_tournament__factorial_loss_jitter__run1__0dcefc1c.json,0dcefc1c,research_summary,1,three_day_tournament,factorial_loss_jitter,factorial,50,0,30,5,,,r06_m02,A,True,3,0,109.63,300,5,5,True,0,0,0,heuristic,985,3
research_summary__r06_m02__sideB__three_day_tournament__factorial_jitter__run1__01117065.json,01117065,research_summary,1,three_day_tournament,factorial_jitter,factorial,50,0,30,0,,,r06_m02,B,True,3,0,93.39,260,5,4,True,0,0,0,heuristic,801,3
research_summary__r06_m03__sideA__three_day_tournament__factorial_delay__run1__5d4b4eed.json,5d4b4eed,research_summary,1,three_day_tournament,factorial_delay,factorial,300,300,0,0,,,r06_m03,A,True,6,1,292.2,767,5,4,True,0,0,1,heuristic,1137,6
research_summary__r06_m03__sideB__three_day_tournament__factorial_delay_loss_jitter__run1__6da9d297.json,6da9d297,research_summary,1,three_day_tournament,factorial_delay_loss_jitter,factorial,300,300,30,5,,,r06_m03,B,True,6,1,327.65,1221,5,5,True,0,0,1,heuristic,1561,6
research_summary__r06_m04__sideA__three_day_tournament__factorial_delay_jitter__run1__24929daf.json,24929daf,research_summary,1,three_day_tournament,factorial_delay_jitter,factorial,300,300,30,0,,,r06_m04,A,True,3,0,83.08,314,5,4,True,0,0,0,heuristic,1061,3
research_summary__r06_m04__sideB__three_day_tournament__factorial_delay_loss__run1__94ceb1bd.json,94ceb1bd,research_summary,1,three_day_tournament,factorial_delay_loss,factorial,300,300,0,5,,,r06_m04,B,True,3,0,103.8,195,4,4,True,0,0,0,heuristic,569,3
research_summary__r07_m01__sideA__three_day_tournament__factorial_baseline__run1__3893fcda.json,3893fcda,research_summary,1,three_day_tournament,factorial_baseline,factorial,0,0,0,0,,,r07_m01,A,True,3,0,105.22,369,5,5,True,0,0,0,heuristic,1281,3
research_summary__r07_m01__sideB__three_day_tournament__factorial_jitter__run1__e16589ff.json,e16589ff,research_summary,1,three_day_tournament,factorial_jitter,factorial,50,0,30,0,,,r07_m01,B,True,3,0,85.72,201,5,4,True,0,0,0,heuristic,622,3
research_summary__r07_m02__sideA__three_day_tournament__factorial_loss__run1__ae1bf0be.json,ae1bf0be,research_summary,1,three_day_tournament,factorial_loss,factorial,0,0,0,5,,,r07_m02,A,True,3,0,106.73,333,5,4,True,0,0,0,heuristic,1146,3
research_summary__r07_m02__sideB__three_day_tournament__factorial_delay_loss_jitter__run1__5738b55b.json,5738b55b,research_summary,1,three_day_tournament,factorial_delay_loss_jitter,factorial,300,300,30,5,,,r07_m02,B,True,3,0,85.39,295,5,4,True,0,0,0,heuristic,1034,3
research_summary__r07_m03__sideA__three_day_tournament__factorial_loss_jitter__run1__a723c1d2.json,a723c1d2,research_summary,1,three_day_tournament,factorial_loss_jitter,factorial,50,0,30,5,,,r07_m03,A,True,3,0,77.39,241,5,3,False,0,0,0,heuristic,728,3
research_summary__r07_m03__sideB__three_day_tournament__factorial_delay_loss__run1__7e7da973.json,7e7da973,research_summary,1,three_day_tournament,factorial_delay_loss,factorial,300,300,0,5,,,r07_m03,B,True,3,0,91.6,278,5,3,False,0,0,0,heuristic,880,3
research_summary__r07_m04__sideA__three_day_tournament__factorial_delay__run1__9abe96ec.json,9abe96ec,research_summary,1,three_day_tournament,factorial_delay,factorial,300,300,0,0,,,r07_m04,A,True,3,0,84.5,242,5,4,True,0,0,0,heuristic,752,3
research_summary__r07_m04__sideB__three_day_tournament__factorial_delay_jitter__run1__28b32e2c.json,28b32e2c,research_summary,1,three_day_tournament,factorial_delay_jitter,factorial,300,300,30,0,,,r07_m04,B,True,3,0,111.57,325,5,5,True,0,0,0,heuristic,1108,3
research_summary__three_day_baseline_extra__combined_d0000_loss0_j000__run10__529e3209.json,529e3209,research_summary,10,three_day_baseline_extra,combined_d0000_loss0_j000,combined,0,0,0,0,,,,,True,3,0,159.64,196,5,4,True,0,0,0,heuristic,598,3
research_summary__three_day_baseline_extra__combined_d0000_loss0_j000__run11__c3897362.json,c3897362,research_summary,11,three_day_baseline_extra,combined_d0000_loss0_j000,combined,0,0,0,0,,,,,True,3,0,137.69,307,5,4,True,0,0,0,heuristic,1026,3
research_summary__three_day_baseline_extra__combined_d0000_loss0_j000__run12__4a089c97.json,4a089c97,research_summary,12,three_day_baseline_extra,combined_d0000_loss0_j000,combined,0,0,0,0,,,,,True,3,0,154.33,206,5,4,True,0,0,0,heuristic,638,3
research_summary__three_day_baseline_extra__combined_d0000_loss0_j000__run13__9582b6e2.json,9582b6e2,research_summary,13,three_day_baseline_extra,combined_d0000_loss0_j000,combined,0,0,0,0,,,,,True,3,0,104.97,195,5,4,True,0,0,0,heuristic,571,3
research_summary__three_day_baseline_extra__combined_d0000_loss0_j000__run14__1a35e61f.json,1a35e61f,research_summary,14,three_day_baseline_extra,combined_d0000_loss0_j000,combined,0,0,0,0,,,,,True,3,0,105.17,226,4,3,False,0,0,0,heuristic,677,3
research_summary__three_day_baseline_extra__combined_d0000_loss0_j000__run15__ac0f8dbb.json,ac0f8dbb,research_summary,15,three_day_baseline_extra,combined_d0000_loss0_j000,combined,0,0,0,0,,,,,True,3,0,112.66,270,5,4,True,0,0,0,heuristic,847,3
research_summary__three_day_baseline_extra__combined_d0000_loss0_j000__run16__43549e81.json,43549e81,research_summary,16,three_day_baseline_extra,combined_d0000_loss0_j000,combined,0,0,0,0,,,,,True,3,0,109.34,232,5,4,True,0,0,0,heuristic,711,3
research_summary__three_day_baseline_extra__combined_d0000_loss0_j000__run17__8b26808e.json,8b26808e,research_summary,17,three_day_baseline_extra,combined_d0000_loss0_j000,combined,0,0,0,0,,,,,True,3,0,115.13,302,5,3,False,0,0,0,heuristic,1010,3
research_summary__three_day_baseline_extra__combined_d0000_loss0_j000__run18__c7f4c45d.json,c7f4c45d,research_summary,18,three_day_baseline_extra,combined_d0000_loss0_j000,combined,0,0,0,0,,,,,True,3,0,112.48,208,5,2,False,0,0,0,heuristic,652,3
research_summary__three_day_baseline_extra__combined_d0000_loss0_j000__run19__4cbdfdeb.json,4cbdfdeb,research_summary,19,three_day_baseline_extra,combined_d0000_loss0_j000,combined,0,0,0,0,,,,,True,3,0,141.0,335,4,4,True,0,0,0,heuristic,1100,3
research_summary__three_day_baseline_extra__combined_d0000_loss0_j000__run1__49816d4b.json,49816d4b,research_summary,1,three_day_baseline_extra,combined_d0000_loss0_j000,combined,0,0,0,0,,,,,True,3,0,103.02,304,5,4,True,0,0,0,heuristic,1021,3
research_summary__three_day_baseline_extra__combined_d0000_loss0_j000__run20__946a5dec.json,946a5dec,research_summary,20,three_day_baseline_extra,combined_d0000_loss0_j000,combined,0,0,0,0,,,,,True,3,0,133.67,442,5,3,False,0,0,0,heuristic,1543,3
research_summary__three_day_baseline_extra__combined_d0000_loss0_j000__run2__5c1d1cec.json,5c1d1cec,research_summary,2,three_day_baseline_extra,combined_d0000_loss0_j000,combined,0,0,0,0,,,,,True,3,0,104.55,227,5,3,False,0,0,0,heuristic,695,3
research_summary__three_day_baseline_extra__combined_d0000_loss0_j000__run3__6a662ea3.json,6a662ea3,research_summary,3,three_day_baseline_extra,combined_d0000_loss0_j000,combined,0,0,0,0,,,,,True,3,0,122.68,289,5,4,True,0,0,0,heuristic,971,3
research_summary__three_day_baseline_extra__combined_d0000_loss0_j000__run4__f6d52036.json,f6d52036,research_summary,4,three_day_baseline_extra,combined_d0000_loss0_j000,combined,0,0,0,0,,,,,True,3,0,126.77,271,5,4,True,0,0,0,heuristic,859,3
research_summary__three_day_baseline_extra__combined_d0000_loss0_j000__run5__4f78a4c1.json,4f78a4c1,research_summary,5,three_day_baseline_extra,combined_d0000_loss0_j000,combined,0,0,0,0,,,,,True,3,0,117.63,354,5,5,True,0,0,0,heuristic,1209,3
research_summary__three_day_baseline_extra__combined_d0000_loss0_j000__run6__ac712c96.json,ac712c96,research_summary,6,three_day_baseline_extra,combined_d0000_loss0_j000,combined,0,0,0,0,,,,,True,3,0,113.74,305,5,5,True,0,0,0,heuristic,990,3
research_summary__three_day_baseline_extra__combined_d0000_loss0_j000__run7__68aeea8f.json,68aeea8f,research_summary,7,three_day_baseline_extra,combined_d0000_loss0_j000,combined,0,0,0,0,,,,,True,3,0,116.48,381,5,4,True,0,0,0,heuristic,1330,3
research_summary__three_day_baseline_extra__combined_d0000_loss0_j000__run8__50e9102d.json,50e9102d,research_summary,8,three_day_baseline_extra,combined_d0000_loss0_j000,combined,0,0,0,0,,,,,True,3,0,95.19,220,5,4,True,0,0,0,heuristic,685,3
research_summary__three_day_baseline_extra__combined_d0000_loss0_j000__run9__15d254e0.json,15d254e0,research_summary,9,three_day_baseline_extra,combined_d0000_loss0_j000,combined,0,0,0,0,,,,,True,3,0,100.67,284,5,4,True,0,0,0,heuristic,892,3
research_summary__three_day_combined_sample__combined_d0000_loss0_j000__run1__86718c18.json,86718c18,research_summary,1,three_day_combined_sample,combined_d0000_loss0_j000,combined,0,0,0,0,,,,,True,3,0,98.62,280,5,4,True,0,0,0,heuristic,911,3
research_summary__three_day_combined_sample__combined_d0000_loss0_j001__run1__a2377a2d.json,a2377a2d,research_summary,1,three_day_combined_sample,combined_d0000_loss0_j001,combined,50,0,1,0,,,,,True,3,0,153.66,376,5,5,True,0,0,0,heuristic,1273,3
research_summary__three_day_combined_sample__combined_d0000_loss0_j020__run1__f673de21.json,f673de21,research_summary,1,three_day_combined_sample,combined_d0000_loss0_j020,combined,50,0,20,0,,,,,True,3,0,86.69,211,5,4,True,0,0,0,heuristic,656,3
research_summary__three_day_combined_sample__combined_d0000_loss0_j075__run1__d4261ed5.json,d4261ed5,research_summary,1,three_day_combined_sample,combined_d0000_loss0_j075,combined,50,0,75,0,,,,,True,3,0,105.42,427,5,5,True,0,0,0,heuristic,1475,3
research_summary__three_day_combined_sample__combined_d0000_loss10_j020__run1__c2953eec.json,c2953eec,research_summary,1,three_day_combined_sample,combined_d0000_loss10_j020,combined,50,0,20,10,,,,,True,3,0,154.63,348,5,5,True,0,0,0,heuristic,1162,3
research_summary__three_day_combined_sample__combined_d0000_loss20_j000__run1__f10972a2.json,f10972a2,research_summary,1,three_day_combined_sample,combined_d0000_loss20_j000,combined,0,0,0,20,,,,,True,3,0,100.08,292,5,4,True,0,0,0,heuristic,946,3
research_summary__three_day_combined_sample__combined_d0000_loss20_j020__run1__748977f3.json,748977f3,research_summary,1,three_day_combined_sample,combined_d0000_loss20_j020,combined,50,0,20,20,,,,,True,3,0,94.92,214,5,3,False,0,0,0,heuristic,638,3
research_summary__three_day_combined_sample__combined_d0000_loss20_j075__run1__f082448c.json,f082448c,research_summary,1,three_day_combined_sample,combined_d0000_loss20_j075,combined,50,0,75,20,,,,,True,3,0,92.44,250,5,4,True,0,0,0,heuristic,791,3
research_summary__three_day_combined_sample__combined_d0000_loss25_j075__run1__8120aaad.json,8120aaad,research_summary,1,three_day_combined_sample,combined_d0000_loss25_j075,combined,50,0,75,25,,,,,True,3,0,263.21,739,5,5,True,0,0,0,heuristic,2732,3
research_summary__three_day_combined_sample__combined_d0000_loss75_j000__run1__83417423.json,83417423,research_summary,1,three_day_combined_sample,combined_d0000_loss75_j000,combined,0,0,0,75,,,,,True,3,0,377.03,304,5,4,True,0,0,0,heuristic,1009,3
research_summary__three_day_combined_sample__combined_d0000_loss75_j005__run1__eaf8dcb7.json,eaf8dcb7,research_summary,1,three_day_combined_sample,combined_d0000_loss75_j005,combined,50,0,5,75,,,,,True,3,0,539.2,280,5,3,False,0,1,2,heuristic,781,4
research_summary__three_day_combined_sample__combined_d0000_loss75_j020__run1__9b761799.json,9b761799,research_summary,1,three_day_combined_sample,combined_d0000_loss75_j020,combined,50,0,20,75,,,,,True,3,0,310.35,606,5,5,True,0,0,0,heuristic,2196,3
research_summary__three_day_combined_sample__combined_d0000_loss75_j075__run1__5e39f671.json,5e39f671,research_summary,1,three_day_combined_sample,combined_d0000_loss75_j075,combined,50,0,75,75,,,,,True,3,0,375.83,253,5,2,False,0,0,2,heuristic,686,4
research_summary__three_day_combined_sample__combined_d0050_loss20_j030__run1__24930608.json,24930608,research_summary,1,three_day_combined_sample,combined_d0050_loss20_j030,combined,50,50,30,20,,,,,True,6,1,310.35,893,5,4,True,0,0,1,heuristic,1326,6
research_summary__three_day_combined_sample__combined_d0050_loss40_j075__run1__d6d62b21.json,d6d62b21,research_summary,1,three_day_combined_sample,combined_d0050_loss40_j075,combined,50,50,75,40,,,,,True,3,0,154.81,226,5,3,False,0,0,0,heuristic,691,3
research_summary__three_day_combined_sample__combined_d0050_loss5_j025__run1__1352dc66.json,1352dc66,research_summary,1,three_day_combined_sample,combined_d0050_loss5_j025,combined,50,50,25,5,,,,,True,3,0,124.03,224,5,2,False,0,0,0,heuristic,675,3
research_summary__three_day_combined_sample__combined_d0100_loss15_j010__run1__b2a5e49d.json,b2a5e49d,research_summary,1,three_day_combined_sample,combined_d0100_loss15_j010,combined,100,100,10,15,,,,,True,3,0,140.48,265,5,4,True,0,0,0,heuristic,826,3
research_summary__three_day_combined_sample__combined_d0100_loss1_j001__run1__5e0dcfba.json,5e0dcfba,research_summary,1,three_day_combined_sample,combined_d0100_loss1_j001,combined,100,100,1,1,,,,,True,3,0,83.52,212,5,4,True,0,0,0,heuristic,652,3
research_summary__three_day_combined_sample__combined_d0100_loss30_j015__run1__ffa5e9d4.json,ffa5e9d4,research_summary,1,three_day_combined_sample,combined_d0100_loss30_j015,combined,100,100,15,30,,,,,True,3,0,141.37,366,5,5,True,0,0,0,heuristic,1259,3
research_summary__three_day_combined_sample__combined_d0100_loss75_j025__run1__a1080a1e.json,a1080a1e,research_summary,1,three_day_combined_sample,combined_d0100_loss75_j025,combined,100,100,25,75,,,,,True,3,0,349.92,228,5,3,False,0,0,0,heuristic,704,3
research_summary__three_day_combined_sample__combined_d0150_loss20_j075__run1__57356ab2.json,57356ab2,research_summary,1,three_day_combined_sample,combined_d0150_loss20_j075,combined,150,150,75,20,,,,,True,3,0,104.3,222,5,3,False,0,0,0,heuristic,674,3
research_summary__three_day_combined_sample__combined_d0150_loss50_j001__run1__1069eab1.json,1069eab1,research_summary,1,three_day_combined_sample,combined_d0150_loss50_j001,combined,150,150,1,50,,,,,True,3,0,98.63,283,4,4,True,0,0,0,heuristic,904,3
research_summary__three_day_combined_sample__combined_d0150_loss5_j050__run1__b3bcead5.json,b3bcead5,research_summary,1,three_day_combined_sample,combined_d0150_loss5_j050,combined,150,150,50,5,,,,,True,3,0,133.79,301,5,5,True,0,0,0,heuristic,973,3
research_summary__three_day_combined_sample__combined_d0200_loss15_j015__run1__d2f2807b.json,d2f2807b,research_summary,1,three_day_combined_sample,combined_d0200_loss15_j015,combined,200,200,15,15,,,,,True,3,0,137.74,273,5,3,False,0,0,0,heuristic,891,3
research_summary__three_day_combined_sample__combined_d0200_loss1_j010__run1__7e2db280.json,7e2db280,research_summary,1,three_day_combined_sample,combined_d0200_loss1_j010,combined,200,200,10,1,,,,,True,6,1,386.84,966,5,5,True,0,0,1,heuristic,1504,6
research_summary__three_day_combined_sample__combined_d0200_loss30_j025__run1__e0388424.json,e0388424,research_summary,1,three_day_combined_sample,combined_d0200_loss30_j025,combined,200,200,25,30,,,,,True,3,0,90.86,228,5,3,False,0,0,0,heuristic,713,3
research_summary__three_day_combined_sample__combined_d0200_loss75_j050__run1__4e7535c9.json,4e7535c9,research_summary,1,three_day_combined_sample,combined_d0200_loss75_j050,combined,200,200,50,75,,,,,True,3,0,304.74,273,5,4,True,0,0,0,heuristic,866,3
research_summary__three_day_combined_sample__combined_d0250_loss25_j001__run1__1287ab03.json,1287ab03,research_summary,1,three_day_combined_sample,combined_d0250_loss25_j001,combined,250,250,1,25,,,,,True,3,0,93.31,262,5,3,False,0,0,0,heuristic,818,3
research_summary__three_day_combined_sample__combined_d0250_loss50_j010__run1__f6d6c60e.json,f6d6c60e,research_summary,1,three_day_combined_sample,combined_d0250_loss50_j010,combined,250,250,10,50,,,,,True,3,0,120.57,332,5,4,True,0,0,0,heuristic,1113,3
research_summary__three_day_combined_sample__combined_d0250_loss5_j075__run1__7906f7f1.json,7906f7f1,research_summary,1,three_day_combined_sample,combined_d0250_loss5_j075,combined,250,250,75,5,,,,,True,3,0,96.8,252,5,3,False,0,0,0,heuristic,827,3
research_summary__three_day_combined_sample__combined_d0300_loss15_j025__run1__96d1513d.json,96d1513d,research_summary,1,three_day_combined_sample,combined_d0300_loss15_j025,combined,300,300,25,15,,,,,True,3,0,120.51,345,5,5,True,0,0,0,heuristic,1153,3
research_summary__three_day_combined_sample__combined_d0300_loss1_j020__run1__948bb501.json,948bb501,research_summary,1,three_day_combined_sample,combined_d0300_loss1_j020,combined,300,300,20,1,,,,,True,3,0,97.61,321,5,4,True,0,0,0,heuristic,1051,3
research_summary__three_day_combined_sample__combined_d0300_loss30_j050__run1__64d8687a.json,64d8687a,research_summary,1,three_day_combined_sample,combined_d0300_loss30_j050,combined,300,300,50,30,,,,,True,3,0,135.32,594,5,5,True,0,0,0,heuristic,2139,3
research_summary__three_day_combined_sample__combined_d0350_loss0_j000__run1__481a08bc.json,481a08bc,research_summary,1,three_day_combined_sample,combined_d0350_loss0_j000,combined,350,350,0,0,,,,,True,3,0,131.34,625,5,5,True,0,0,0,heuristic,2310,3
research_summary__three_day_combined_sample__combined_d0350_loss10_j001__run1__0fa64628.json,0fa64628,research_summary,1,three_day_combined_sample,combined_d0350_loss10_j001,combined,350,350,1,10,,,,,True,3,0,102.18,292,5,4,True,0,0,0,heuristic,975,3
research_summary__three_day_combined_sample__combined_d0350_loss25_j010__run1__cb143c2f.json,cb143c2f,research_summary,1,three_day_combined_sample,combined_d0350_loss25_j010,combined,350,350,10,25,,,,,True,3,0,108.76,249,5,4,True,0,0,0,heuristic,763,3
research_summary__three_day_combined_sample__combined_d0350_loss50_j020__run1__022cf163.json,022cf163,research_summary,1,three_day_combined_sample,combined_d0350_loss50_j020,combined,350,350,20,50,,,,,True,3,0,100.23,255,5,4,True,0,0,0,heuristic,828,3
research_summary__three_day_combined_sample__combined_d0400_loss15_j050__run1__a03ebcda.json,a03ebcda,research_summary,1,three_day_combined_sample,combined_d0400_loss15_j050,combined,400,400,50,15,,,,,True,3,0,120.55,573,5,5,True,0,0,0,heuristic,2144,3
research_summary__three_day_combined_sample__combined_d0400_loss1_j025__run1__dde8cd74.json,dde8cd74,research_summary,1,three_day_combined_sample,combined_d0400_loss1_j025,combined,400,400,25,1,,,,,True,3,0,81.73,242,5,5,True,0,0,0,heuristic,760,3
research_summary__three_day_combined_sample__combined_d0400_loss40_j000__run1__09863d40.json,09863d40,research_summary,1,three_day_combined_sample,combined_d0400_loss40_j000,combined,400,400,0,40,,,,,True,3,0,93.11,229,5,3,False,0,0,0,heuristic,705,3
research_summary__three_day_combined_sample__combined_d0450_loss0_j005__run1__5f8b55a4.json,5f8b55a4,research_summary,1,three_day_combined_sample,combined_d0450_loss0_j005,combined,450,450,5,0,,,,,True,3,0,106.26,269,4,4,True,0,0,0,heuristic,850,3
research_summary__three_day_combined_sample__combined_d0450_loss10_j010__run1__c0cc5810.json,c0cc5810,research_summary,1,three_day_combined_sample,combined_d0450_loss10_j010,combined,450,450,10,10,,,,,True,3,0,155.88,212,5,3,False,0,0,0,heuristic,652,3
research_summary__three_day_combined_sample__combined_d0450_loss25_j020__run1__c15d75f6.json,c15d75f6,research_summary,1,three_day_combined_sample,combined_d0450_loss25_j020,combined,450,450,20,25,,,,,True,3,0,117.35,216,5,3,False,0,0,0,heuristic,635,3
research_summary__three_day_combined_sample__combined_d0450_loss50_j030__run1__32c7298a.json,32c7298a,research_summary,1,three_day_combined_sample,combined_d0450_loss50_j030,combined,450,450,30,50,,,,,True,3,0,135.14,278,5,4,True,0,0,0,heuristic,895,3
research_summary__three_day_combined_sample__combined_d0500_loss0_j000__run1__59fc3049.json,59fc3049,research_summary,1,three_day_combined_sample,combined_d0500_loss0_j000,combined,500,500,0,0,,,,,True,3,0,107.67,242,5,3,False,0,0,0,heuristic,768,3
research_summary__three_day_combined_sample__combined_d0500_loss0_j020__run1__97eb815c.json,97eb815c,research_summary,1,three_day_combined_sample,combined_d0500_loss0_j020,combined,500,500,20,0,,,,,True,3,0,124.54,237,5,4,True,0,0,0,heuristic,740,3
research_summary__three_day_combined_sample__combined_d0500_loss0_j075__run1__740b3bea.json,740b3bea,research_summary,1,three_day_combined_sample,combined_d0500_loss0_j075,combined,500,500,75,0,,,,,True,3,0,143.81,207,5,4,True,0,0,0,heuristic,680,3
research_summary__three_day_combined_sample__combined_d0500_loss20_j000__run1__0c6b1558.json,0c6b1558,research_summary,1,three_day_combined_sample,combined_d0500_loss20_j000,combined,500,500,0,20,,,,,True,3,0,117.15,213,5,4,True,0,0,0,heuristic,640,3
research_summary__three_day_combined_sample__combined_d0500_loss20_j015__run1__377b82d7.json,377b82d7,research_summary,1,three_day_combined_sample,combined_d0500_loss20_j015,combined,500,500,15,20,,,,,True,3,0,89.69,215,5,4,True,0,0,0,heuristic,644,3
research_summary__three_day_combined_sample__combined_d0500_loss20_j020__run1__a37763c0.json,a37763c0,research_summary,1,three_day_combined_sample,combined_d0500_loss20_j020,combined,500,500,20,20,,,,,True,3,0,111.92,214,5,3,False,0,0,0,heuristic,641,3
research_summary__three_day_combined_sample__combined_d0500_loss20_j075__run1__4c678aa3.json,4c678aa3,research_summary,1,three_day_combined_sample,combined_d0500_loss20_j075,combined,500,500,75,20,,,,,True,3,0,135.22,402,5,5,True,0,0,0,heuristic,1376,3
research_summary__three_day_combined_sample__combined_d0500_loss40_j050__run1__8776c901.json,8776c901,research_summary,1,three_day_combined_sample,combined_d0500_loss40_j050,combined,500,500,50,40,,,,,True,3,0,114.08,375,5,5,True,0,0,0,heuristic,1277,3
research_summary__three_day_combined_sample__combined_d0500_loss5_j001__run1__6e2dde06.json,6e2dde06,research_summary,1,three_day_combined_sample,combined_d0500_loss5_j001,combined,500,500,1,5,,,,,True,3,0,77.01,207,5,3,False,0,0,0,heuristic,600,3
research_summary__three_day_combined_sample__combined_d0500_loss75_j000__run1__5c5a2564.json,5c5a2564,research_summary,1,three_day_combined_sample,combined_d0500_loss75_j000,combined,500,500,0,75,,,,,False,2,0,964.12,791,,5,True,2,2,5,heuristic,552,6
research_summary__three_day_combined_sample__combined_d0500_loss75_j020__run1__b0866eb5.json,b0866eb5,research_summary,1,three_day_combined_sample,combined_d0500_loss75_j020,combined,500,500,20,75,,,,,True,3,0,254.06,279,5,4,True,0,0,0,heuristic,909,3
research_summary__three_day_combined_sample__combined_d0500_loss75_j075__run1__ee5a8e01.json,ee5a8e01,research_summary,1,three_day_combined_sample,combined_d0500_loss75_j075,combined,500,500,75,75,,,,,False,2,0,1565.1,954,,4,True,2,3,5,heuristic,1066,6
research_summary__three_day_combined_sample__combined_d0550_loss15_j015__run1__1f59cc41.json,1f59cc41,research_summary,1,three_day_combined_sample,combined_d0550_loss15_j015,combined,550,550,15,15,,,,,True,3,0,101.72,375,5,4,True,0,0,0,heuristic,1301,3
research_summary__three_day_combined_sample__combined_d0550_loss1_j005__run1__52747eac.json,52747eac,research_summary,1,three_day_combined_sample,combined_d0550_loss1_j005,combined,550,550,5,1,,,,,True,3,0,96.41,434,5,5,True,0,0,0,heuristic,1511,3
research_summary__three_day_combined_sample__combined_d0550_loss30_j025__run1__f87f1594.json,f87f1594,research_summary,1,three_day_combined_sample,combined_d0550_loss30_j025,combined,550,550,25,30,,,,,True,3,0,99.34,268,5,3,False,0,0,0,heuristic,867,3
research_summary__three_day_combined_sample__combined_d0550_loss75_j030__run1__8af740af.json,8af740af,research_summary,1,three_day_combined_sample,combined_d0550_loss75_j030,combined,550,550,30,75,,,,,True,3,0,868.04,940,5,5,True,0,1,2,heuristic,1004,5
research_summary__three_day_combined_sample__combined_d0600_loss25_j001__run1__f59dd5b2.json,f59dd5b2,research_summary,1,three_day_combined_sample,combined_d0600_loss25_j001,combined,600,600,1,25,,,,,True,3,0,111.4,208,5,3,False,0,0,0,heuristic,615,3
research_summary__three_day_combined_sample__combined_d0600_loss50_j010__run1__775ded6f.json,775ded6f,research_summary,1,three_day_combined_sample,combined_d0600_loss50_j010,combined,600,600,10,50,,,,,True,3,0,104.84,268,4,3,False,0,0,0,heuristic,842,3
research_summary__three_day_combined_sample__combined_d0600_loss5_j075__run1__b719a2a9.json,b719a2a9,research_summary,1,three_day_combined_sample,combined_d0600_loss5_j075,combined,600,600,75,5,,,,,True,3,0,97.91,312,5,4,True,0,0,0,heuristic,1038,3
research_summary__three_day_combined_sample__combined_d0650_loss15_j025__run1__44cdee35.json,44cdee35,research_summary,1,three_day_combined_sample,combined_d0650_loss15_j025,combined,650,650,25,15,,,,,True,3,0,99.09,229,5,3,False,0,0,0,heuristic,702,3
research_summary__three_day_combined_sample__combined_d0650_loss1_j015__run1__101424a8.json,101424a8,research_summary,1,three_day_combined_sample,combined_d0650_loss1_j015,combined,650,650,15,1,,,,,True,3,0,97.46,232,5,3,False,0,0,0,heuristic,678,3
research_summary__three_day_combined_sample__combined_d0650_loss30_j050__run1__d9451a81.json,d9451a81,research_summary,1,three_day_combined_sample,combined_d0650_loss30_j050,combined,650,650,50,30,,,,,True,3,0,122.73,234,5,4,True,0,0,0,heuristic,705,3
research_summary__three_day_combined_sample__combined_d0650_loss75_j075__run1__bb1f7758.json,bb1f7758,research_summary,1,three_day_combined_sample,combined_d0650_loss75_j075,combined,650,650,75,75,,,,,True,3,0,273.58,239,5,3,False,0,0,0,heuristic,748,3
research_summary__three_day_combined_sample__combined_d0700_loss10_j001__run1__7323d3da.json,7323d3da,research_summary,1,three_day_combined_sample,combined_d0700_loss10_j001,combined,700,700,1,10,,,,,True,3,0,110.24,285,5,5,True,0,0,0,heuristic,930,3
research_summary__three_day_combined_sample__combined_d0700_loss25_j010__run1__2e431be2.json,2e431be2,research_summary,1,three_day_combined_sample,combined_d0700_loss25_j010,combined,700,700,10,25,,,,,True,3,0,106.86,232,5,4,True,0,0,0,heuristic,714,3
research_summary__three_day_combined_sample__combined_d0700_loss50_j015__run1__391a1d18.json,391a1d18,research_summary,1,three_day_combined_sample,combined_d0700_loss50_j015,combined,700,700,15,50,,,,,True,3,0,254.1,341,5,4,True,0,0,0,heuristic,1137,3
research_summary__three_day_combined_sample__combined_d0750_loss15_j050__run1__62ae5e5e.json,62ae5e5e,research_summary,1,three_day_combined_sample,combined_d0750_loss15_j050,combined,750,750,50,15,,,,,True,3,0,107.66,205,5,3,False,0,0,0,heuristic,626,3
research_summary__three_day_combined_sample__combined_d0750_loss1_j025__run1__81d5f665.json,81d5f665,research_summary,1,three_day_combined_sample,combined_d0750_loss1_j025,combined,750,750,25,1,,,,,True,3,0,119.27,452,5,4,True,0,0,0,heuristic,1572,3
research_summary__three_day_combined_sample__combined_d0750_loss40_j000__run1__203f2ee3.json,203f2ee3,research_summary,1,three_day_combined_sample,combined_d0750_loss40_j000,combined,750,750,0,40,,,,,True,3,0,317.26,436,5,3,False,0,0,0,heuristic,1524,3
research_summary__three_day_combined_sample__combined_d0800_loss0_j001__run1__8e778f06.json,8e778f06,research_summary,1,three_day_combined_sample,combined_d0800_loss0_j001,combined,800,800,1,0,,,,,True,3,0,134.82,287,5,4,True,0,0,0,heuristic,962,3
research_summary__three_day_combined_sample__combined_d0800_loss10_j010__run1__ce5c7bb5.json,ce5c7bb5,research_summary,1,three_day_combined_sample,combined_d0800_loss10_j010,combined,800,800,10,10,,,,,True,3,0,138.79,275,5,3,False,0,0,0,heuristic,894,3
research_summary__three_day_combined_sample__combined_d0800_loss25_j020__run1__7db80cf8.json,7db80cf8,research_summary,1,three_day_combined_sample,combined_d0800_loss25_j020,combined,800,800,20,25,,,,,True,3,0,150.85,303,5,4,True,0,0,0,heuristic,976,3
research_summary__three_day_combined_sample__combined_d0800_loss50_j025__run1__5cac1692.json,5cac1692,research_summary,1,three_day_combined_sample,combined_d0800_loss50_j025,combined,800,800,25,50,,,,,True,3,0,251.29,238,5,3,False,0,0,0,heuristic,734,3
research_summary__three_day_combined_sample__combined_d0850_loss1_j050__run1__b73df6ea.json,b73df6ea,research_summary,1,three_day_combined_sample,combined_d0850_loss1_j050,combined,850,850,50,1,,,,,True,3,0,145.16,191,5,4,True,0,0,0,heuristic,567,3
research_summary__three_day_combined_sample__combined_d0850_loss20_j000__run1__633acb97.json,633acb97,research_summary,1,three_day_combined_sample,combined_d0850_loss20_j000,combined,850,850,0,20,,,,,True,3,0,142.4,248,5,3,False,0,0,0,heuristic,785,3
research_summary__three_day_combined_sample__combined_d0850_loss40_j001__run1__6d734709.json,6d734709,research_summary,1,three_day_combined_sample,combined_d0850_loss40_j001,combined,850,850,1,40,,,,,True,3,0,119.21,208,5,3,False,0,0,0,heuristic,616,3
research_summary__three_day_combined_sample__combined_d0900_loss0_j010__run1__ba13e6d3.json,ba13e6d3,research_summary,1,three_day_combined_sample,combined_d0900_loss0_j010,combined,900,900,10,0,,,,,True,3,0,147.38,473,5,5,True,0,0,0,heuristic,1643,3
research_summary__three_day_combined_sample__combined_d0900_loss10_j020__run1__e5085d92.json,e5085d92,research_summary,1,three_day_combined_sample,combined_d0900_loss10_j020,combined,900,900,20,10,,,,,True,3,0,132.71,170,5,2,False,0,0,0,heuristic,534,3
research_summary__three_day_combined_sample__combined_d0900_loss25_j025__run1__ea86b354.json,ea86b354,research_summary,1,three_day_combined_sample,combined_d0900_loss25_j025,combined,900,900,25,25,,,,,True,3,0,128.93,243,5,3,False,0,0,0,heuristic,763,3
research_summary__three_day_combined_sample__combined_d0900_loss50_j050__run1__8e51aefd.json,8e51aefd,research_summary,1,three_day_combined_sample,combined_d0900_loss50_j050,combined,900,900,50,50,,,,,True,6,1,699.72,1189,5,5,True,0,0,1,heuristic,1210,6
research_summary__three_day_combined_sample__combined_d0950_loss20_j005__run1__bac797c1.json,bac797c1,research_summary,1,three_day_combined_sample,combined_d0950_loss20_j005,combined,950,950,5,20,,,,,True,3,0,132.71,229,5,3,False,0,0,0,heuristic,670,3
research_summary__three_day_combined_sample__combined_d0950_loss40_j010__run1__744fe6a5.json,744fe6a5,research_summary,1,three_day_combined_sample,combined_d0950_loss40_j010,combined,950,950,10,40,,,,,True,3,0,125.36,275,5,5,True,0,0,0,heuristic,893,3
research_summary__three_day_combined_sample__combined_d0950_loss5_j000__run1__33d3b978.json,33d3b978,research_summary,1,three_day_combined_sample,combined_d0950_loss5_j000,combined,950,950,0,5,,,,,True,3,0,106.34,215,5,3,False,0,0,0,heuristic,668,3
research_summary__three_day_combined_sample__combined_d1000_loss0_j000__run1__1c7a1d51.json,1c7a1d51,research_summary,1,three_day_combined_sample,combined_d1000_loss0_j000,combined,1000,1000,0,0,,,,,True,3,0,115.23,386,5,5,True,0,0,0,heuristic,1350,3
research_summary__three_day_combined_sample__combined_d1000_loss0_j020__run1__d8c3dc6b.json,d8c3dc6b,research_summary,1,three_day_combined_sample,combined_d1000_loss0_j020,combined,1000,1000,20,0,,,,,True,3,0,114.63,303,5,3,False,0,0,0,heuristic,1005,3
research_summary__three_day_combined_sample__combined_d1000_loss0_j030__run1__ef43e973.json,ef43e973,research_summary,1,three_day_combined_sample,combined_d1000_loss0_j030,combined,1000,1000,30,0,,,,,True,3,0,129.09,374,5,5,True,0,0,0,heuristic,1285,3
research_summary__three_day_combined_sample__combined_d1000_loss0_j075__run1__e48a9979.json,e48a9979,research_summary,1,three_day_combined_sample,combined_d1000_loss0_j075,combined,1000,1000,75,0,,,,,True,3,0,114.14,256,5,4,True,0,0,0,heuristic,792,3
research_summary__three_day_combined_sample__combined_d1000_loss15_j000__run1__5b5563d4.json,5b5563d4,research_summary,1,three_day_combined_sample,combined_d1000_loss15_j000,combined,1000,1000,0,15,,,,,True,3,0,129.9,378,5,5,True,0,0,0,heuristic,1282,3
research_summary__three_day_combined_sample__combined_d1000_loss20_j000__run1__a752aebf.json,a752aebf,research_summary,1,three_day_combined_sample,combined_d1000_loss20_j000,combined,1000,1000,0,20,,,,,True,3,0,102.11,266,5,5,True,0,0,0,heuristic,823,3
research_summary__three_day_combined_sample__combined_d1000_loss20_j020__run1__6d82a19a.json,6d82a19a,research_summary,1,three_day_combined_sample,combined_d1000_loss20_j020,combined,1000,1000,20,20,,,,,True,3,0,119.26,270,5,4,True,0,0,0,heuristic,884,3
research_summary__three_day_combined_sample__combined_d1000_loss20_j075__run1__4245b7e6.json,4245b7e6,research_summary,1,three_day_combined_sample,combined_d1000_loss20_j075,combined,1000,1000,75,20,,,,,True,3,0,147.89,194,5,3,False,0,0,0,heuristic,583,3
research_summary__three_day_combined_sample__combined_d1000_loss30_j015__run1__09975007.json,09975007,research_summary,1,three_day_combined_sample,combined_d1000_loss30_j015,combined,1000,1000,15,30,,,,,True,3,0,123.07,281,5,3,False,0,0,0,heuristic,908,3
research_summary__three_day_combined_sample__combined_d1000_loss75_j000__run1__d030edde.json,d030edde,research_summary,1,three_day_combined_sample,combined_d1000_loss75_j000,combined,1000,1000,0,75,,,,,True,3,0,1583.77,453,5,3,False,1,1,4,heuristic,653,6
research_summary__three_day_combined_sample__combined_d1000_loss75_j020__run1__30a64696.json,30a64696,research_summary,1,three_day_combined_sample,combined_d1000_loss75_j020,combined,1000,1000,20,75,,,,,False,1,0,1406.69,482,,1,False,2,2,5,heuristic,1534,4
research_summary__three_day_combined_sample__combined_d1000_loss75_j050__run1__941631e0.json,941631e0,research_summary,1,three_day_combined_sample,combined_d1000_loss75_j050,combined,1000,1000,50,75,,,,,False,1,0,948.05,99,,1,False,2,2,5,heuristic,0,3
research_summary__three_day_combined_sample__combined_d1000_loss75_j075__run1__e096dd82.json,e096dd82,research_summary,1,three_day_combined_sample,combined_d1000_loss75_j075,combined,1000,1000,75,75,,,,,False,2,0,767.05,276,,3,False,2,2,5,heuristic,711,4
research_summary__three_day_main_effect__main_delay_d0000__run1__47eef909.json,47eef909,research_summary,1,three_day_main_effect,main_delay_d0000,main_effect,0,0,0,0,,delay,,,True,3,0,94.19,244,5,3,False,0,0,0,heuristic,761,3
research_summary__three_day_main_effect__main_delay_d0000__run2__20096c6e.json,20096c6e,research_summary,2,three_day_main_effect,main_delay_d0000,main_effect,0,0,0,0,,delay,,,True,3,0,106.13,291,5,5,True,0,0,0,heuristic,940,3
research_summary__three_day_main_effect__main_delay_d0000__run3__320d7789.json,320d7789,research_summary,3,three_day_main_effect,main_delay_d0000,main_effect,0,0,0,0,,delay,,,True,3,0,181.85,254,5,3,False,0,0,0,heuristic,871,3
research_summary__three_day_main_effect__main_delay_d0000__run4__3726645f.json,3726645f,research_summary,4,three_day_main_effect,main_delay_d0000,main_effect,0,0,0,0,,delay,,,True,3,0,94.06,224,5,4,True,0,0,0,heuristic,701,3
research_summary__three_day_main_effect__main_delay_d0000__run5__49c5ea9d.json,49c5ea9d,research_summary,5,three_day_main_effect,main_delay_d0000,main_effect,0,0,0,0,,delay,,,True,3,0,105.67,242,5,5,True,0,0,0,heuristic,752,3
research_summary__three_day_main_effect__main_delay_d0050__run1__0033ce6d.json,0033ce6d,research_summary,1,three_day_main_effect,main_delay_d0050,main_effect,50,50,0,0,,delay,,,True,3,0,133.53,646,5,5,True,0,0,0,heuristic,2337,3
research_summary__three_day_main_effect__main_delay_d0050__run2__be82ff45.json,be82ff45,research_summary,2,three_day_main_effect,main_delay_d0050,main_effect,50,50,0,0,,delay,,,True,3,0,134.14,495,5,5,True,0,0,0,heuristic,1774,3
research_summary__three_day_main_effect__main_delay_d0050__run3__9c6c96ba.json,9c6c96ba,research_summary,3,three_day_main_effect,main_delay_d0050,main_effect,50,50,0,0,,delay,,,True,3,0,117.1,337,5,5,True,0,0,0,heuristic,1091,3
research_summary__three_day_main_effect__main_delay_d0050__run4__8a1debfb.json,8a1debfb,research_summary,4,three_day_main_effect,main_delay_d0050,main_effect,50,50,0,0,,delay,,,True,3,0,142.47,250,5,4,True,0,0,0,heuristic,775,3
research_summary__three_day_main_effect__main_delay_d0050__run5__4ce6187e.json,4ce6187e,research_summary,5,three_day_main_effect,main_delay_d0050,main_effect,50,50,0,0,,delay,,,True,3,0,145.63,685,5,4,True,0,0,0,heuristic,2507,3
research_summary__three_day_main_effect__main_delay_d0100__run1__ed3c3aa2.json,ed3c3aa2,research_summary,1,three_day_main_effect,main_delay_d0100,main_effect,100,100,0,0,,delay,,,True,3,0,91.92,341,5,4,True,0,0,0,heuristic,1178,3
research_summary__three_day_main_effect__main_delay_d0100__run2__70be84e1.json,70be84e1,research_summary,2,three_day_main_effect,main_delay_d0100,main_effect,100,100,0,0,,delay,,,True,3,0,120.54,233,5,3,False,0,0,0,heuristic,716,3
research_summary__three_day_main_effect__main_delay_d0100__run3__d908d835.json,d908d835,research_summary,3,three_day_main_effect,main_delay_d0100,main_effect,100,100,0,0,,delay,,,True,3,0,95.89,280,5,3,False,0,0,0,heuristic,933,3
research_summary__three_day_main_effect__main_delay_d0100__run4__26aa64bf.json,26aa64bf,research_summary,4,three_day_main_effect,main_delay_d0100,main_effect,100,100,0,0,,delay,,,True,3,0,115.46,202,5,3,False,0,0,0,heuristic,593,3
research_summary__three_day_main_effect__main_delay_d0100__run5__c090de86.json,c090de86,research_summary,5,three_day_main_effect,main_delay_d0100,main_effect,100,100,0,0,,delay,,,True,3,0,82.15,219,5,3,False,0,0,0,heuristic,650,3
research_summary__three_day_main_effect__main_delay_d0150__run1__d7d6202c.json,d7d6202c,research_summary,1,three_day_main_effect,main_delay_d0150,main_effect,150,150,0,0,,delay,,,True,3,0,106.03,411,5,5,True,0,0,0,heuristic,1406,3
research_summary__three_day_main_effect__main_delay_d0150__run2__c43bae28.json,c43bae28,research_summary,2,three_day_main_effect,main_delay_d0150,main_effect,150,150,0,0,,delay,,,True,3,0,147.44,247,5,3,False,0,0,0,heuristic,740,3
research_summary__three_day_main_effect__main_delay_d0150__run3__72cf53e0.json,72cf53e0,research_summary,3,three_day_main_effect,main_delay_d0150,main_effect,150,150,0,0,,delay,,,True,3,0,116.42,265,5,4,True,0,0,0,heuristic,855,3
research_summary__three_day_main_effect__main_delay_d0150__run4__506d9aee.json,506d9aee,research_summary,4,three_day_main_effect,main_delay_d0150,main_effect,150,150,0,0,,delay,,,True,3,0,131.06,227,5,3,False,0,0,0,heuristic,683,3
research_summary__three_day_main_effect__main_delay_d0150__run5__260aad0a.json,260aad0a,research_summary,5,three_day_main_effect,main_delay_d0150,main_effect,150,150,0,0,,delay,,,True,3,0,104.35,192,5,4,True,0,0,0,heuristic,528,3
research_summary__three_day_main_effect__main_delay_d0200__run1__861f7802.json,861f7802,research_summary,1,three_day_main_effect,main_delay_d0200,main_effect,200,200,0,0,,delay,,,True,3,0,120.24,567,5,5,True,0,0,0,heuristic,2041,3
research_summary__three_day_main_effect__main_delay_d0200__run2__f0e059c6.json,f0e059c6,research_summary,2,three_day_main_effect,main_delay_d0200,main_effect,200,200,0,0,,delay,,,True,3,0,132.42,275,5,4,True,0,0,0,heuristic,909,3
research_summary__three_day_main_effect__main_delay_d0200__run3__ff7007c3.json,ff7007c3,research_summary,3,three_day_main_effect,main_delay_d0200,main_effect,200,200,0,0,,delay,,,True,3,0,108.61,224,5,4,True,0,0,0,heuristic,703,3
research_summary__three_day_main_effect__main_delay_d0200__run4__80c17001.json,80c17001,research_summary,4,three_day_main_effect,main_delay_d0200,main_effect,200,200,0,0,,delay,,,True,3,0,86.76,208,5,3,False,0,0,0,heuristic,599,3
research_summary__three_day_main_effect__main_delay_d0200__run5__fd2da709.json,fd2da709,research_summary,5,three_day_main_effect,main_delay_d0200,main_effect,200,200,0,0,,delay,,,True,3,0,88.2,202,5,2,False,0,0,0,heuristic,624,3
research_summary__three_day_main_effect__main_delay_d0250__run1__4cb5e305.json,4cb5e305,research_summary,1,three_day_main_effect,main_delay_d0250,main_effect,250,250,0,0,,delay,,,True,3,0,90.33,238,5,3,False,0,0,0,heuristic,717,3
research_summary__three_day_main_effect__main_delay_d0250__run2__332c20ca.json,332c20ca,research_summary,2,three_day_main_effect,main_delay_d0250,main_effect,250,250,0,0,,delay,,,True,3,0,137.98,283,5,3,False,0,0,0,heuristic,927,3
research_summary__three_day_main_effect__main_delay_d0250__run3__f67448dd.json,f67448dd,research_summary,3,three_day_main_effect,main_delay_d0250,main_effect,250,250,0,0,,delay,,,True,3,0,150.36,612,5,5,True,0,0,0,heuristic,2244,3
research_summary__three_day_main_effect__main_delay_d0250__run4__b82970c8.json,b82970c8,research_summary,4,three_day_main_effect,main_delay_d0250,main_effect,250,250,0,0,,delay,,,True,3,0,108.53,260,5,4,True,0,0,0,heuristic,824,3
research_summary__three_day_main_effect__main_delay_d0250__run5__86334343.json,86334343,research_summary,5,three_day_main_effect,main_delay_d0250,main_effect,250,250,0,0,,delay,,,True,3,0,111.33,248,5,2,False,0,0,0,heuristic,796,3
research_summary__three_day_main_effect__main_delay_d0300__run1__a69e8aa8.json,a69e8aa8,research_summary,1,three_day_main_effect,main_delay_d0300,main_effect,300,300,0,0,,delay,,,True,3,0,98.68,228,5,3,False,0,0,0,heuristic,692,3
research_summary__three_day_main_effect__main_delay_d0300__run2__0226ec2a.json,0226ec2a,research_summary,2,three_day_main_effect,main_delay_d0300,main_effect,300,300,0,0,,delay,,,True,6,1,567.55,824,4,4,True,0,0,1,heuristic,1059,6
research_summary__three_day_main_effect__main_delay_d0300__run3__365e1c41.json,365e1c41,research_summary,3,three_day_main_effect,main_delay_d0300,main_effect,300,300,0,0,,delay,,,True,3,0,136.09,233,5,4,True,0,0,0,heuristic,732,3
research_summary__three_day_main_effect__main_delay_d0300__run4__74c4b253.json,74c4b253,research_summary,4,three_day_main_effect,main_delay_d0300,main_effect,300,300,0,0,,delay,,,True,3,0,105.08,235,5,4,True,0,0,0,heuristic,757,3
research_summary__three_day_main_effect__main_delay_d0300__run5__949675a2.json,949675a2,research_summary,5,three_day_main_effect,main_delay_d0300,main_effect,300,300,0,0,,delay,,,True,3,0,99.84,460,5,4,True,0,0,0,heuristic,1600,3
research_summary__three_day_main_effect__main_delay_d0350__run1__5309cc7d.json,5309cc7d,research_summary,1,three_day_main_effect,main_delay_d0350,main_effect,350,350,0,0,,delay,,,True,3,0,86.77,308,5,3,False,0,0,0,heuristic,1004,3
research_summary__three_day_main_effect__main_delay_d0350__run2__cbd81b4b.json,cbd81b4b,research_summary,2,three_day_main_effect,main_delay_d0350,main_effect,350,350,0,0,,delay,,,True,3,0,147.84,209,5,3,False,0,0,0,heuristic,661,3
research_summary__three_day_main_effect__main_delay_d0350__run3__dc4bcf15.json,dc4bcf15,research_summary,3,three_day_main_effect,main_delay_d0350,main_effect,350,350,0,0,,delay,,,True,3,0,122.44,217,5,3,False,0,0,0,heuristic,640,3
research_summary__three_day_main_effect__main_delay_d0350__run4__9297151c.json,9297151c,research_summary,4,three_day_main_effect,main_delay_d0350,main_effect,350,350,0,0,,delay,,,True,3,0,223.16,233,5,3,False,0,0,0,heuristic,719,3
research_summary__three_day_main_effect__main_delay_d0350__run5__bb503b2e.json,bb503b2e,research_summary,5,three_day_main_effect,main_delay_d0350,main_effect,350,350,0,0,,delay,,,True,3,0,98.61,205,5,3,False,0,0,0,heuristic,603,3
research_summary__three_day_main_effect__main_delay_d0400__run1__877bce88.json,877bce88,research_summary,1,three_day_main_effect,main_delay_d0400,main_effect,400,400,0,0,,delay,,,True,3,0,94.46,395,5,5,True,0,0,0,heuristic,1336,3
research_summary__three_day_main_effect__main_delay_d0400__run2__c2b0356d.json,c2b0356d,research_summary,2,three_day_main_effect,main_delay_d0400,main_effect,400,400,0,0,,delay,,,True,3,0,164.74,436,5,5,True,0,0,0,heuristic,1513,3
research_summary__three_day_main_effect__main_delay_d0400__run3__c28eeac2.json,c28eeac2,research_summary,3,three_day_main_effect,main_delay_d0400,main_effect,400,400,0,0,,delay,,,True,3,0,124.44,454,5,5,True,0,0,0,heuristic,1584,3
research_summary__three_day_main_effect__main_delay_d0400__run4__da07bc59.json,da07bc59,research_summary,4,three_day_main_effect,main_delay_d0400,main_effect,400,400,0,0,,delay,,,True,3,0,109.57,272,5,4,True,0,0,0,heuristic,903,3
research_summary__three_day_main_effect__main_delay_d0400__run5__7ce9dba1.json,7ce9dba1,research_summary,5,three_day_main_effect,main_delay_d0400,main_effect,400,400,0,0,,delay,,,True,3,0,113.02,215,5,5,True,0,0,0,heuristic,661,3
research_summary__three_day_main_effect__main_delay_d0450__run1__3c0ff66a.json,3c0ff66a,research_summary,1,three_day_main_effect,main_delay_d0450,main_effect,450,450,0,0,,delay,,,True,3,0,90.32,217,5,3,False,0,0,0,heuristic,654,3
research_summary__three_day_main_effect__main_delay_d0450__run2__aa909ef4.json,aa909ef4,research_summary,2,three_day_main_effect,main_delay_d0450,main_effect,450,450,0,0,,delay,,,True,3,0,169.55,209,5,3,False,0,0,0,heuristic,605,3
research_summary__three_day_main_effect__main_delay_d0450__run3__f5bf2957.json,f5bf2957,research_summary,3,three_day_main_effect,main_delay_d0450,main_effect,450,450,0,0,,delay,,,True,3,0,128.12,389,5,4,True,0,0,0,heuristic,1338,3
research_summary__three_day_main_effect__main_delay_d0450__run4__d4df5f0c.json,d4df5f0c,research_summary,4,three_day_main_effect,main_delay_d0450,main_effect,450,450,0,0,,delay,,,True,3,0,126.33,254,5,3,False,0,0,0,heuristic,773,3
research_summary__three_day_main_effect__main_delay_d0450__run5__460da746.json,460da746,research_summary,5,three_day_main_effect,main_delay_d0450,main_effect,450,450,0,0,,delay,,,True,3,0,139.8,619,5,5,True,0,0,0,heuristic,2251,3
research_summary__three_day_main_effect__main_delay_d0500__run1__153054de.json,153054de,research_summary,1,three_day_main_effect,main_delay_d0500,main_effect,500,500,0,0,,delay,,,True,3,0,109.99,437,5,4,True,0,0,0,heuristic,1531,3
research_summary__three_day_main_effect__main_delay_d0500__run2__1a435b69.json,1a435b69,research_summary,2,three_day_main_effect,main_delay_d0500,main_effect,500,500,0,0,,delay,,,True,3,0,97.58,285,5,4,True,0,0,0,heuristic,927,3
research_summary__three_day_main_effect__main_delay_d0500__run3__f47ea12e.json,f47ea12e,research_summary,3,three_day_main_effect,main_delay_d0500,main_effect,500,500,0,0,,delay,,,True,3,0,95.98,244,5,3,False,0,0,0,heuristic,766,3
research_summary__three_day_main_effect__main_delay_d0500__run4__14ebec7e.json,14ebec7e,research_summary,4,three_day_main_effect,main_delay_d0500,main_effect,500,500,0,0,,delay,,,True,3,0,112.58,218,5,4,True,0,0,0,heuristic,656,3
research_summary__three_day_main_effect__main_delay_d0500__run5__c3c2efb3.json,c3c2efb3,research_summary,5,three_day_main_effect,main_delay_d0500,main_effect,500,500,0,0,,delay,,,True,3,0,98.68,275,5,4,True,0,0,0,heuristic,909,3
research_summary__three_day_main_effect__main_delay_d0550__run1__0ea7355b.json,0ea7355b,research_summary,1,three_day_main_effect,main_delay_d0550,main_effect,550,550,0,0,,delay,,,True,3,0,94.16,375,5,4,True,0,0,0,heuristic,1299,3
research_summary__three_day_main_effect__main_delay_d0550__run2__1d5cfdc6.json,1d5cfdc6,research_summary,2,three_day_main_effect,main_delay_d0550,main_effect,550,550,0,0,,delay,,,True,3,0,147.06,192,5,3,False,0,0,0,heuristic,547,3
research_summary__three_day_main_effect__main_delay_d0550__run3__a1e68466.json,a1e68466,research_summary,3,three_day_main_effect,main_delay_d0550,main_effect,550,550,0,0,,delay,,,True,3,0,134.47,237,5,5,True,0,0,0,heuristic,718,3
research_summary__three_day_main_effect__main_delay_d0550__run4__59021218.json,59021218,research_summary,4,three_day_main_effect,main_delay_d0550,main_effect,550,550,0,0,,delay,,,True,3,0,97.31,261,5,3,False,0,0,0,heuristic,813,3
research_summary__three_day_main_effect__main_delay_d0550__run5__a9655302.json,a9655302,research_summary,5,three_day_main_effect,main_delay_d0550,main_effect,550,550,0,0,,delay,,,True,3,0,118.56,218,4,3,False,0,0,0,heuristic,657,3
research_summary__three_day_main_effect__main_delay_d0600__run1__0d97fac0.json,0d97fac0,research_summary,1,three_day_main_effect,main_delay_d0600,main_effect,600,600,0,0,,delay,,,True,3,0,89.3,251,5,2,False,0,0,0,heuristic,790,3
research_summary__three_day_main_effect__main_delay_d0600__run2__ed931959.json,ed931959,research_summary,2,three_day_main_effect,main_delay_d0600,main_effect,600,600,0,0,,delay,,,True,3,0,112.74,395,5,5,True,0,0,0,heuristic,1346,3
research_summary__three_day_main_effect__main_delay_d0600__run3__9e8f877a.json,9e8f877a,research_summary,3,three_day_main_effect,main_delay_d0600,main_effect,600,600,0,0,,delay,,,True,3,0,106.88,231,5,4,True,0,0,0,heuristic,708,3
research_summary__three_day_main_effect__main_delay_d0600__run4__9f0c184c.json,9f0c184c,research_summary,4,three_day_main_effect,main_delay_d0600,main_effect,600,600,0,0,,delay,,,True,3,0,99.39,205,5,3,False,0,0,0,heuristic,626,3
research_summary__three_day_main_effect__main_delay_d0600__run5__b7138035.json,b7138035,research_summary,5,three_day_main_effect,main_delay_d0600,main_effect,600,600,0,0,,delay,,,True,3,0,147.18,388,5,3,False,0,0,0,heuristic,1364,3
research_summary__three_day_main_effect__main_delay_d0650__run1__f2da85c2.json,f2da85c2,research_summary,1,three_day_main_effect,main_delay_d0650,main_effect,650,650,0,0,,delay,,,True,3,0,91.61,323,5,4,True,0,0,0,heuristic,1093,3
research_summary__three_day_main_effect__main_delay_d0650__run2__a6754565.json,a6754565,research_summary,2,three_day_main_effect,main_delay_d0650,main_effect,650,650,0,0,,delay,,,True,3,0,92.24,276,5,3,False,0,0,0,heuristic,912,3
research_summary__three_day_main_effect__main_delay_d0650__run3__a8da9176.json,a8da9176,research_summary,3,three_day_main_effect,main_delay_d0650,main_effect,650,650,0,0,,delay,,,True,3,0,105.08,256,5,2,False,0,0,0,heuristic,797,3
research_summary__three_day_main_effect__main_delay_d0650__run4__40530ed8.json,40530ed8,research_summary,4,three_day_main_effect,main_delay_d0650,main_effect,650,650,0,0,,delay,,,True,3,0,111.25,241,5,3,False,0,0,0,heuristic,727,3
research_summary__three_day_main_effect__main_delay_d0650__run5__ae98ec21.json,ae98ec21,research_summary,5,three_day_main_effect,main_delay_d0650,main_effect,650,650,0,0,,delay,,,True,3,0,152.72,254,5,4,True,0,0,0,heuristic,821,3
research_summary__three_day_main_effect__main_delay_d0700__run1__c7fc9a04.json,c7fc9a04,research_summary,1,three_day_main_effect,main_delay_d0700,main_effect,700,700,0,0,,delay,,,True,3,0,89.97,226,5,3,False,0,0,0,heuristic,655,3
research_summary__three_day_main_effect__main_delay_d0700__run2__f3a9d1eb.json,f3a9d1eb,research_summary,2,three_day_main_effect,main_delay_d0700,main_effect,700,700,0,0,,delay,,,True,3,0,122.01,232,5,3,False,0,0,0,heuristic,713,3
research_summary__three_day_main_effect__main_delay_d0700__run3__f5a0a8e0.json,f5a0a8e0,research_summary,3,three_day_main_effect,main_delay_d0700,main_effect,700,700,0,0,,delay,,,True,3,0,120.68,471,5,4,True,0,0,0,heuristic,1644,3
research_summary__three_day_main_effect__main_delay_d0700__run4__8a5dd1c8.json,8a5dd1c8,research_summary,4,three_day_main_effect,main_delay_d0700,main_effect,700,700,0,0,,delay,,,True,3,0,102.8,311,5,4,True,0,0,0,heuristic,1035,3
research_summary__three_day_main_effect__main_delay_d0700__run5__94cce2ce.json,94cce2ce,research_summary,5,three_day_main_effect,main_delay_d0700,main_effect,700,700,0,0,,delay,,,True,3,0,115.04,254,5,4,True,0,0,0,heuristic,831,3
research_summary__three_day_main_effect__main_delay_d0750__run1__18f924d9.json,18f924d9,research_summary,1,three_day_main_effect,main_delay_d0750,main_effect,750,750,0,0,,delay,,,True,3,0,80.31,214,5,3,False,0,0,0,heuristic,664,3
research_summary__three_day_main_effect__main_delay_d0750__run2__f3e2546f.json,f3e2546f,research_summary,2,three_day_main_effect,main_delay_d0750,main_effect,750,750,0,0,,delay,,,True,3,0,106.48,464,5,4,True,0,0,0,heuristic,1617,3
research_summary__three_day_main_effect__main_delay_d0750__run3__ebf08ab4.json,ebf08ab4,research_summary,3,three_day_main_effect,main_delay_d0750,main_effect,750,750,0,0,,delay,,,True,3,0,102.11,223,5,3,False,0,0,0,heuristic,699,3
research_summary__three_day_main_effect__main_delay_d0750__run4__d66bd072.json,d66bd072,research_summary,4,three_day_main_effect,main_delay_d0750,main_effect,750,750,0,0,,delay,,,True,3,0,108.19,198,5,3,False,0,0,0,heuristic,615,3
research_summary__three_day_main_effect__main_delay_d0750__run5__ce151c33.json,ce151c33,research_summary,5,three_day_main_effect,main_delay_d0750,main_effect,750,750,0,0,,delay,,,True,3,0,122.03,311,5,4,True,0,0,0,heuristic,982,3
research_summary__three_day_main_effect__main_delay_d0800__run1__8030a821.json,8030a821,research_summary,1,three_day_main_effect,main_delay_d0800,main_effect,800,800,0,0,,delay,,,True,3,0,122.05,239,5,3,False,0,0,0,heuristic,734,3
research_summary__three_day_main_effect__main_delay_d0800__run2__bf1490f7.json,bf1490f7,research_summary,2,three_day_main_effect,main_delay_d0800,main_effect,800,800,0,0,,delay,,,True,3,0,129.26,245,5,4,True,0,0,0,heuristic,756,3
research_summary__three_day_main_effect__main_delay_d0800__run3__7b89d7ac.json,7b89d7ac,research_summary,3,three_day_main_effect,main_delay_d0800,main_effect,800,800,0,0,,delay,,,True,3,0,118.73,273,5,3,False,0,0,0,heuristic,863,3
research_summary__three_day_main_effect__main_delay_d0800__run4__d0448a66.json,d0448a66,research_summary,4,three_day_main_effect,main_delay_d0800,main_effect,800,800,0,0,,delay,,,True,3,0,115.29,268,5,4,True,0,0,0,heuristic,826,3
research_summary__three_day_main_effect__main_delay_d0800__run5__3e7fb6e3.json,3e7fb6e3,research_summary,5,three_day_main_effect,main_delay_d0800,main_effect,800,800,0,0,,delay,,,True,3,0,119.9,220,5,4,True,0,0,0,heuristic,659,3
research_summary__three_day_main_effect__main_delay_d0850__run1__933e30f4.json,933e30f4,research_summary,1,three_day_main_effect,main_delay_d0850,main_effect,850,850,0,0,,delay,,,True,3,0,135.34,638,5,5,True,0,0,0,heuristic,2320,3
research_summary__three_day_main_effect__main_delay_d0850__run2__0501d752.json,0501d752,research_summary,2,three_day_main_effect,main_delay_d0850,main_effect,850,850,0,0,,delay,,,True,3,0,105.78,249,5,3,False,0,0,0,heuristic,796,3
research_summary__three_day_main_effect__main_delay_d0850__run3__c5a2a88d.json,c5a2a88d,research_summary,3,three_day_main_effect,main_delay_d0850,main_effect,850,850,0,0,,delay,,,True,3,0,103.06,226,5,3,False,0,0,0,heuristic,689,3
research_summary__three_day_main_effect__main_delay_d0850__run4__0149058b.json,0149058b,research_summary,4,three_day_main_effect,main_delay_d0850,main_effect,850,850,0,0,,delay,,,True,3,0,132.4,407,5,5,True,0,0,0,heuristic,1400,3
research_summary__three_day_main_effect__main_delay_d0850__run5__730e20a0.json,730e20a0,research_summary,5,three_day_main_effect,main_delay_d0850,main_effect,850,850,0,0,,delay,,,True,3,0,144.81,382,5,4,True,0,0,0,heuristic,1314,3
research_summary__three_day_main_effect__main_delay_d0900__run1__84b8ca22.json,84b8ca22,research_summary,1,three_day_main_effect,main_delay_d0900,main_effect,900,900,0,0,,delay,,,True,3,0,84.84,210,5,5,True,0,0,0,heuristic,662,3
research_summary__three_day_main_effect__main_delay_d0900__run2__40ff5920.json,40ff5920,research_summary,2,three_day_main_effect,main_delay_d0900,main_effect,900,900,0,0,,delay,,,True,3,0,111.78,387,5,5,True,0,0,0,heuristic,1340,3
research_summary__three_day_main_effect__main_delay_d0900__run3__963d93c8.json,963d93c8,research_summary,3,three_day_main_effect,main_delay_d0900,main_effect,900,900,0,0,,delay,,,True,3,0,246.57,240,5,2,False,0,0,0,heuristic,722,3
research_summary__three_day_main_effect__main_delay_d0900__run4__ebef1ea5.json,ebef1ea5,research_summary,4,three_day_main_effect,main_delay_d0900,main_effect,900,900,0,0,,delay,,,True,3,0,116.62,357,5,4,True,0,0,0,heuristic,1192,3
research_summary__three_day_main_effect__main_delay_d0900__run5__da6cdaa1.json,da6cdaa1,research_summary,5,three_day_main_effect,main_delay_d0900,main_effect,900,900,0,0,,delay,,,True,3,0,133.25,279,5,2,False,0,0,0,heuristic,935,3
research_summary__three_day_main_effect__main_delay_d0950__run1__d0bd05e3.json,d0bd05e3,research_summary,1,three_day_main_effect,main_delay_d0950,main_effect,950,950,0,0,,delay,,,True,3,0,98.82,322,5,3,False,0,0,0,heuristic,1058,3
research_summary__three_day_main_effect__main_delay_d0950__run2__79e373d9.json,79e373d9,research_summary,2,three_day_main_effect,main_delay_d0950,main_effect,950,950,0,0,,delay,,,False,6,1,645.4,1873,3,5,True,0,0,1,heuristic,2619,6
research_summary__three_day_main_effect__main_delay_d0950__run3__76f1cf9c.json,76f1cf9c,research_summary,3,three_day_main_effect,main_delay_d0950,main_effect,950,950,0,0,,delay,,,True,3,0,129.45,228,5,2,False,0,0,0,heuristic,679,3
research_summary__three_day_main_effect__main_delay_d0950__run4__5ab4e833.json,5ab4e833,research_summary,4,three_day_main_effect,main_delay_d0950,main_effect,950,950,0,0,,delay,,,True,3,0,116.42,247,5,3,False,0,0,0,heuristic,801,3
research_summary__three_day_main_effect__main_delay_d0950__run5__ef975ad3.json,ef975ad3,research_summary,5,three_day_main_effect,main_delay_d0950,main_effect,950,950,0,0,,delay,,,True,3,0,129.39,275,5,4,True,0,0,0,heuristic,889,3
research_summary__three_day_main_effect__main_delay_d1000__run1__6985c1a7.json,6985c1a7,research_summary,1,three_day_main_effect,main_delay_d1000,main_effect,1000,1000,0,0,,delay,,,True,3,0,133.97,627,5,5,True,0,0,0,heuristic,2269,3
research_summary__three_day_main_effect__main_delay_d1000__run2__e5fd6880.json,e5fd6880,research_summary,2,three_day_main_effect,main_delay_d1000,main_effect,1000,1000,0,0,,delay,,,True,3,0,98.65,206,5,2,False,0,0,0,heuristic,595,3
research_summary__three_day_main_effect__main_delay_d1000__run3__5c1b65bb.json,5c1b65bb,research_summary,3,three_day_main_effect,main_delay_d1000,main_effect,1000,1000,0,0,,delay,,,True,3,0,109.32,247,5,4,True,0,0,0,heuristic,763,3
research_summary__three_day_main_effect__main_delay_d1000__run4__72e59f78.json,72e59f78,research_summary,4,three_day_main_effect,main_delay_d1000,main_effect,1000,1000,0,0,,delay,,,True,3,0,94.61,304,5,5,True,0,0,0,heuristic,980,3
research_summary__three_day_main_effect__main_delay_d1000__run5__61db5423.json,61db5423,research_summary,5,three_day_main_effect,main_delay_d1000,main_effect,1000,1000,0,0,,delay,,,True,3,0,147.2,239,5,3,False,0,0,0,heuristic,734,3
research_summary__three_day_main_effect__main_jitter_j000__run1__b5f85251.json,b5f85251,research_summary,1,three_day_main_effect,main_jitter_j000,main_effect,0,0,0,0,,jitter,,,True,3,0,102.82,267,5,3,False,0,0,0,heuristic,875,3
research_summary__three_day_main_effect__main_jitter_j000__run2__22a2c506.json,22a2c506,research_summary,2,three_day_main_effect,main_jitter_j000,main_effect,0,0,0,0,,jitter,,,True,3,0,155.64,619,5,5,True,0,0,0,heuristic,2272,3
research_summary__three_day_main_effect__main_jitter_j000__run3__01fa672a.json,01fa672a,research_summary,3,three_day_main_effect,main_jitter_j000,main_effect,0,0,0,0,,jitter,,,True,3,0,139.08,247,5,5,True,0,0,0,heuristic,783,3
research_summary__three_day_main_effect__main_jitter_j000__run4__a8181f1d.json,a8181f1d,research_summary,4,three_day_main_effect,main_jitter_j000,main_effect,0,0,0,0,,jitter,,,True,3,0,94.46,280,5,4,True,0,0,0,heuristic,901,3
research_summary__three_day_main_effect__main_jitter_j000__run5__facedeb3.json,facedeb3,research_summary,5,three_day_main_effect,main_jitter_j000,main_effect,0,0,0,0,,jitter,,,True,3,0,114.03,413,5,5,True,0,0,0,heuristic,1441,3
research_summary__three_day_main_effect__main_jitter_j001__run1__4d910b3b.json,4d910b3b,research_summary,1,three_day_main_effect,main_jitter_j001,main_effect,50,0,1,0,,jitter,,,True,3,0,138.63,664,5,5,True,0,0,0,heuristic,2433,3
research_summary__three_day_main_effect__main_jitter_j001__run2__1f68fe32.json,1f68fe32,research_summary,2,three_day_main_effect,main_jitter_j001,main_effect,50,0,1,0,,jitter,,,True,3,0,286.98,248,5,2,False,0,0,0,heuristic,747,3
research_summary__three_day_main_effect__main_jitter_j001__run3__c18f68bc.json,c18f68bc,research_summary,3,three_day_main_effect,main_jitter_j001,main_effect,50,0,1,0,,jitter,,,True,3,0,130.0,253,5,3,False,0,0,0,heuristic,818,3
research_summary__three_day_main_effect__main_jitter_j001__run4__3f06b011.json,3f06b011,research_summary,4,three_day_main_effect,main_jitter_j001,main_effect,50,0,1,0,,jitter,,,True,3,0,93.81,306,5,3,False,0,0,0,heuristic,1016,3
research_summary__three_day_main_effect__main_jitter_j001__run5__91c185e4.json,91c185e4,research_summary,5,three_day_main_effect,main_jitter_j001,main_effect,50,0,1,0,,jitter,,,True,3,0,139.22,347,5,3,False,0,0,0,heuristic,1194,3
research_summary__three_day_main_effect__main_jitter_j005__run1__4d6a4349.json,4d6a4349,research_summary,1,three_day_main_effect,main_jitter_j005,main_effect,50,0,5,0,,jitter,,,True,3,0,130.04,227,5,3,False,0,0,0,heuristic,676,3
research_summary__three_day_main_effect__main_jitter_j005__run2__bb668417.json,bb668417,research_summary,2,three_day_main_effect,main_jitter_j005,main_effect,50,0,5,0,,jitter,,,True,3,0,131.34,210,5,3,False,0,0,0,heuristic,639,3
research_summary__three_day_main_effect__main_jitter_j005__run3__6437dfc2.json,6437dfc2,research_summary,3,three_day_main_effect,main_jitter_j005,main_effect,50,0,5,0,,jitter,,,True,3,0,106.1,275,5,3,False,0,0,0,heuristic,868,3
research_summary__three_day_main_effect__main_jitter_j005__run4__ad31366b.json,ad31366b,research_summary,4,three_day_main_effect,main_jitter_j005,main_effect,50,0,5,0,,jitter,,,True,3,0,113.56,230,5,3,False,0,0,0,heuristic,697,3
research_summary__three_day_main_effect__main_jitter_j005__run5__5688fe19.json,5688fe19,research_summary,5,three_day_main_effect,main_jitter_j005,main_effect,50,0,5,0,,jitter,,,True,3,0,139.41,634,5,5,True,0,0,0,heuristic,2302,3
research_summary__three_day_main_effect__main_jitter_j010__run1__8bc863e7.json,8bc863e7,research_summary,1,three_day_main_effect,main_jitter_j010,main_effect,50,0,10,0,,jitter,,,True,3,0,97.81,246,5,5,True,0,0,0,heuristic,751,3
research_summary__three_day_main_effect__main_jitter_j010__run2__d8a03241.json,d8a03241,research_summary,2,three_day_main_effect,main_jitter_j010,main_effect,50,0,10,0,,jitter,,,True,3,0,143.16,412,5,5,True,0,0,0,heuristic,1433,3
research_summary__three_day_main_effect__main_jitter_j010__run3__b2f36abe.json,b2f36abe,research_summary,3,three_day_main_effect,main_jitter_j010,main_effect,50,0,10,0,,jitter,,,True,3,0,107.21,355,5,4,True,0,0,0,heuristic,1191,3
research_summary__three_day_main_effect__main_jitter_j010__run4__a43445df.json,a43445df,research_summary,4,three_day_main_effect,main_jitter_j010,main_effect,50,0,10,0,,jitter,,,True,3,0,85.85,237,5,3,False,0,0,0,heuristic,741,3
research_summary__three_day_main_effect__main_jitter_j010__run5__820893d3.json,820893d3,research_summary,5,three_day_main_effect,main_jitter_j010,main_effect,50,0,10,0,,jitter,,,True,3,0,91.87,264,5,4,True,0,0,0,heuristic,866,3
research_summary__three_day_main_effect__main_jitter_j015__run1__d8399c09.json,d8399c09,research_summary,1,three_day_main_effect,main_jitter_j015,main_effect,50,0,15,0,,jitter,,,True,3,0,100.99,193,5,4,True,0,0,0,heuristic,557,3
research_summary__three_day_main_effect__main_jitter_j015__run2__fcfdd88a.json,fcfdd88a,research_summary,2,three_day_main_effect,main_jitter_j015,main_effect,50,0,15,0,,jitter,,,True,3,0,138.85,317,5,5,True,0,0,0,heuristic,1064,3
research_summary__three_day_main_effect__main_jitter_j015__run3__4484195e.json,4484195e,research_summary,3,three_day_main_effect,main_jitter_j015,main_effect,50,0,15,0,,jitter,,,True,3,0,102.62,301,5,5,True,0,0,0,heuristic,977,3
research_summary__three_day_main_effect__main_jitter_j015__run4__bec0a0fd.json,bec0a0fd,research_summary,4,three_day_main_effect,main_jitter_j015,main_effect,50,0,15,0,,jitter,,,True,3,0,85.71,194,5,4,True,0,0,0,heuristic,597,3
research_summary__three_day_main_effect__main_jitter_j015__run5__2aea1ba0.json,2aea1ba0,research_summary,5,three_day_main_effect,main_jitter_j015,main_effect,50,0,15,0,,jitter,,,True,3,0,134.5,212,5,3,False,0,0,0,heuristic,629,3
research_summary__three_day_main_effect__main_jitter_j020__run1__30da7d82.json,30da7d82,research_summary,1,three_day_main_effect,main_jitter_j020,main_effect,50,0,20,0,,jitter,,,True,3,0,103.14,198,5,3,False,0,0,0,heuristic,582,3
research_summary__three_day_main_effect__main_jitter_j020__run2__22cc1bd4.json,22cc1bd4,research_summary,2,three_day_main_effect,main_jitter_j020,main_effect,50,0,20,0,,jitter,,,True,3,0,134.56,440,5,4,True,0,0,0,heuristic,1526,3
research_summary__three_day_main_effect__main_jitter_j020__run3__04e014f2.json,04e014f2,research_summary,3,three_day_main_effect,main_jitter_j020,main_effect,50,0,20,0,,jitter,,,True,3,0,105.91,395,5,4,True,0,0,0,heuristic,1374,3
research_summary__three_day_main_effect__main_jitter_j020__run4__d477d581.json,d477d581,research_summary,4,three_day_main_effect,main_jitter_j020,main_effect,50,0,20,0,,jitter,,,True,3,0,106.21,264,5,3,False,0,0,0,heuristic,881,3
research_summary__three_day_main_effect__main_jitter_j020__run5__9152b665.json,9152b665,research_summary,5,three_day_main_effect,main_jitter_j020,main_effect,50,0,20,0,,jitter,,,True,3,0,108.59,296,5,4,True,0,0,0,heuristic,950,3
research_summary__three_day_main_effect__main_jitter_j025__run1__b6d2af88.json,b6d2af88,research_summary,1,three_day_main_effect,main_jitter_j025,main_effect,50,0,25,0,,jitter,,,True,3,0,107.02,246,5,3,False,0,0,0,heuristic,778,3
research_summary__three_day_main_effect__main_jitter_j025__run2__758bcf63.json,758bcf63,research_summary,2,three_day_main_effect,main_jitter_j025,main_effect,50,0,25,0,,jitter,,,True,3,0,121.48,398,5,5,True,0,0,0,heuristic,1373,3
research_summary__three_day_main_effect__main_jitter_j025__run3__214902ee.json,214902ee,research_summary,3,three_day_main_effect,main_jitter_j025,main_effect,50,0,25,0,,jitter,,,True,3,0,111.02,242,5,4,True,0,0,0,heuristic,754,3
research_summary__three_day_main_effect__main_jitter_j025__run4__977a4234.json,977a4234,research_summary,4,three_day_main_effect,main_jitter_j025,main_effect,50,0,25,0,,jitter,,,True,3,0,113.51,244,5,5,True,0,0,0,heuristic,743,3
research_summary__three_day_main_effect__main_jitter_j025__run5__6359cb83.json,6359cb83,research_summary,5,three_day_main_effect,main_jitter_j025,main_effect,50,0,25,0,,jitter,,,True,3,0,86.51,275,5,4,True,0,0,0,heuristic,887,3
research_summary__three_day_main_effect__main_jitter_j030__run1__e167d2e7.json,e167d2e7,research_summary,1,three_day_main_effect,main_jitter_j030,main_effect,50,0,30,0,,jitter,,,True,3,0,97.92,209,5,3,False,0,0,0,heuristic,584,3
research_summary__three_day_main_effect__main_jitter_j030__run2__8ca7ddd9.json,8ca7ddd9,research_summary,2,three_day_main_effect,main_jitter_j030,main_effect,50,0,30,0,,jitter,,,True,3,0,118.2,228,5,2,False,0,0,0,heuristic,724,3
research_summary__three_day_main_effect__main_jitter_j030__run3__b803a62a.json,b803a62a,research_summary,3,three_day_main_effect,main_jitter_j030,main_effect,50,0,30,0,,jitter,,,True,3,0,93.19,272,5,3,False,0,0,0,heuristic,848,3
research_summary__three_day_main_effect__main_jitter_j030__run4__f5589fe3.json,f5589fe3,research_summary,4,three_day_main_effect,main_jitter_j030,main_effect,50,0,30,0,,jitter,,,True,3,0,80.25,258,5,3,False,0,0,0,heuristic,797,3
research_summary__three_day_main_effect__main_jitter_j030__run5__4329bfe2.json,4329bfe2,research_summary,5,three_day_main_effect,main_jitter_j030,main_effect,50,0,30,0,,jitter,,,True,6,1,389.14,774,4,3,False,0,0,1,heuristic,895,6
research_summary__three_day_main_effect__main_jitter_j050__run1__5a59c431.json,5a59c431,research_summary,1,three_day_main_effect,main_jitter_j050,main_effect,50,0,50,0,,jitter,,,True,3,0,111.86,326,5,4,True,0,0,0,heuristic,1070,3
research_summary__three_day_main_effect__main_jitter_j050__run2__d9e4df71.json,d9e4df71,research_summary,2,three_day_main_effect,main_jitter_j050,main_effect,50,0,50,0,,jitter,,,True,3,0,103.19,239,5,4,True,0,0,0,heuristic,757,3
research_summary__three_day_main_effect__main_jitter_j050__run3__9e044e75.json,9e044e75,research_summary,3,three_day_main_effect,main_jitter_j050,main_effect,50,0,50,0,,jitter,,,True,3,0,134.31,236,5,4,True,0,0,0,heuristic,703,3
research_summary__three_day_main_effect__main_jitter_j050__run4__f4a359bb.json,f4a359bb,research_summary,4,three_day_main_effect,main_jitter_j050,main_effect,50,0,50,0,,jitter,,,True,3,0,103.75,215,5,4,True,0,0,0,heuristic,669,3
research_summary__three_day_main_effect__main_jitter_j050__run5__0838f5ba.json,0838f5ba,research_summary,5,three_day_main_effect,main_jitter_j050,main_effect,50,0,50,0,,jitter,,,True,3,0,138.69,589,5,4,True,0,0,0,heuristic,2140,3
research_summary__three_day_main_effect__main_jitter_j075__run1__c5fa258c.json,c5fa258c,research_summary,1,three_day_main_effect,main_jitter_j075,main_effect,50,0,75,0,,jitter,,,True,3,0,82.52,252,5,4,True,0,0,0,heuristic,761,3
research_summary__three_day_main_effect__main_jitter_j075__run2__3e5f590e.json,3e5f590e,research_summary,2,three_day_main_effect,main_jitter_j075,main_effect,50,0,75,0,,jitter,,,True,3,0,127.53,347,5,5,True,0,0,0,heuristic,1186,3
research_summary__three_day_main_effect__main_jitter_j075__run3__ba4dc158.json,ba4dc158,research_summary,3,three_day_main_effect,main_jitter_j075,main_effect,50,0,75,0,,jitter,,,True,3,0,91.46,268,5,4,True,0,0,0,heuristic,861,3
research_summary__three_day_main_effect__main_jitter_j075__run4__0cac14fb.json,0cac14fb,research_summary,4,three_day_main_effect,main_jitter_j075,main_effect,50,0,75,0,,jitter,,,True,3,0,129.69,504,5,5,True,0,0,0,heuristic,1792,3
research_summary__three_day_main_effect__main_jitter_j075__run5__1af6d293.json,1af6d293,research_summary,5,three_day_main_effect,main_jitter_j075,main_effect,50,0,75,0,,jitter,,,True,3,0,113.42,207,4,4,True,0,0,0,heuristic,587,3
research_summary__three_day_main_effect__main_loss_loss0__run1__fd9467c7.json,fd9467c7,research_summary,1,three_day_main_effect,main_loss_loss0,main_effect,0,0,0,0,,loss,,,True,3,0,123.94,250,5,5,True,0,0,0,heuristic,808,3
research_summary__three_day_main_effect__main_loss_loss0__run2__76c91d37.json,76c91d37,research_summary,2,three_day_main_effect,main_loss_loss0,main_effect,0,0,0,0,,loss,,,True,3,0,114.02,428,5,5,True,0,0,0,heuristic,1486,3
research_summary__three_day_main_effect__main_loss_loss0__run3__eff6470f.json,eff6470f,research_summary,3,three_day_main_effect,main_loss_loss0,main_effect,0,0,0,0,,loss,,,True,3,0,137.28,222,5,3,False,0,0,0,heuristic,741,3
research_summary__three_day_main_effect__main_loss_loss0__run4__819ce377.json,819ce377,research_summary,4,three_day_main_effect,main_loss_loss0,main_effect,0,0,0,0,,loss,,,True,3,0,157.29,630,5,4,True,0,0,0,heuristic,2296,3
research_summary__three_day_main_effect__main_loss_loss0__run5__3457001a.json,3457001a,research_summary,5,three_day_main_effect,main_loss_loss0,main_effect,0,0,0,0,,loss,,,True,6,1,385.04,684,5,3,False,0,0,1,heuristic,972,6
research_summary__three_day_main_effect__main_loss_loss10__run1__70595a46.json,70595a46,research_summary,1,three_day_main_effect,main_loss_loss10,main_effect,0,0,0,10,,loss,,,True,3,0,191.3,237,5,5,True,0,0,0,heuristic,720,3
research_summary__three_day_main_effect__main_loss_loss10__run2__fc70a03c.json,fc70a03c,research_summary,2,three_day_main_effect,main_loss_loss10,main_effect,0,0,0,10,,loss,,,True,3,0,113.49,491,5,5,True,0,0,0,heuristic,1731,3
research_summary__three_day_main_effect__main_loss_loss10__run3__32919fd1.json,32919fd1,research_summary,3,three_day_main_effect,main_loss_loss10,main_effect,0,0,0,10,,loss,,,True,3,0,134.59,421,5,4,True,0,0,0,heuristic,1473,3
research_summary__three_day_main_effect__main_loss_loss10__run4__d31023a8.json,d31023a8,research_summary,4,three_day_main_effect,main_loss_loss10,main_effect,0,0,0,10,,loss,,,True,3,0,107.89,253,5,3,False,0,0,0,heuristic,805,3
research_summary__three_day_main_effect__main_loss_loss10__run5__19265a01.json,19265a01,research_summary,5,three_day_main_effect,main_loss_loss10,main_effect,0,0,0,10,,loss,,,True,3,0,122.79,302,5,5,True,0,0,0,heuristic,1012,3
research_summary__three_day_main_effect__main_loss_loss15__run1__71735ce0.json,71735ce0,research_summary,1,three_day_main_effect,main_loss_loss15,main_effect,0,0,0,15,,loss,,,True,3,0,82.14,259,5,4,True,0,0,0,heuristic,851,3
research_summary__three_day_main_effect__main_loss_loss15__run2__f864a7fc.json,f864a7fc,research_summary,2,three_day_main_effect,main_loss_loss15,main_effect,0,0,0,15,,loss,,,True,3,0,101.33,312,5,4,True,0,0,0,heuristic,1035,3
research_summary__three_day_main_effect__main_loss_loss15__run3__84f7aba9.json,84f7aba9,research_summary,3,three_day_main_effect,main_loss_loss15,main_effect,0,0,0,15,,loss,,,True,3,0,145.18,512,5,4,True,0,0,0,heuristic,1814,3
research_summary__three_day_main_effect__main_loss_loss15__run4__e081ffb2.json,e081ffb2,research_summary,4,three_day_main_effect,main_loss_loss15,main_effect,0,0,0,15,,loss,,,True,3,0,112.42,300,5,3,False,0,0,0,heuristic,989,3
research_summary__three_day_main_effect__main_loss_loss15__run5__f7e98979.json,f7e98979,research_summary,5,three_day_main_effect,main_loss_loss15,main_effect,0,0,0,15,,loss,,,True,3,0,134.26,423,5,4,True,0,0,0,heuristic,1481,3
research_summary__three_day_main_effect__main_loss_loss1__run1__02a9bb2f.json,02a9bb2f,research_summary,1,three_day_main_effect,main_loss_loss1,main_effect,0,0,0,1,,loss,,,True,3,0,105.59,364,5,4,True,0,0,0,heuristic,1240,3
research_summary__three_day_main_effect__main_loss_loss1__run2__94bf4921.json,94bf4921,research_summary,2,three_day_main_effect,main_loss_loss1,main_effect,0,0,0,1,,loss,,,True,6,1,442.19,799,5,2,False,0,0,1,heuristic,1139,6
research_summary__three_day_main_effect__main_loss_loss1__run3__f79bb760.json,f79bb760,research_summary,3,three_day_main_effect,main_loss_loss1,main_effect,0,0,0,1,,loss,,,True,3,0,105.58,289,5,3,False,0,0,0,heuristic,922,3
research_summary__three_day_main_effect__main_loss_loss1__run4__b3ae059a.json,b3ae059a,research_summary,4,three_day_main_effect,main_loss_loss1,main_effect,0,0,0,1,,loss,,,True,3,0,97.51,254,5,4,True,0,0,0,heuristic,799,3
research_summary__three_day_main_effect__main_loss_loss1__run5__953387ad.json,953387ad,research_summary,5,three_day_main_effect,main_loss_loss1,main_effect,0,0,0,1,,loss,,,True,3,0,140.82,300,5,4,True,0,0,0,heuristic,978,3
research_summary__three_day_main_effect__main_loss_loss20__run1__c2ae4ee0.json,c2ae4ee0,research_summary,1,three_day_main_effect,main_loss_loss20,main_effect,0,0,0,20,,loss,,,True,3,0,112.6,383,5,4,True,0,0,0,heuristic,1293,3
research_summary__three_day_main_effect__main_loss_loss20__run2__f3af5265.json,f3af5265,research_summary,2,three_day_main_effect,main_loss_loss20,main_effect,0,0,0,20,,loss,,,True,3,0,125.49,341,5,5,True,0,0,0,heuristic,1159,3
research_summary__three_day_main_effect__main_loss_loss20__run3__33140520.json,33140520,research_summary,3,three_day_main_effect,main_loss_loss20,main_effect,0,0,0,20,,loss,,,True,3,0,116.26,268,5,5,True,0,0,0,heuristic,873,3
research_summary__three_day_main_effect__main_loss_loss20__run4__7b431528.json,7b431528,research_summary,4,three_day_main_effect,main_loss_loss20,main_effect,0,0,0,20,,loss,,,True,3,0,93.83,223,5,4,True,0,0,0,heuristic,705,3
research_summary__three_day_main_effect__main_loss_loss20__run5__e64d50a0.json,e64d50a0,research_summary,5,three_day_main_effect,main_loss_loss20,main_effect,0,0,0,20,,loss,,,True,3,0,83.68,215,5,4,True,0,0,0,heuristic,670,3
research_summary__three_day_main_effect__main_loss_loss25__run1__c0e4abbd.json,c0e4abbd,research_summary,1,three_day_main_effect,main_loss_loss25,main_effect,0,0,0,25,,loss,,,True,3,0,121.43,252,5,4,True,0,0,0,heuristic,759,3
research_summary__three_day_main_effect__main_loss_loss25__run2__11b656e3.json,11b656e3,research_summary,2,three_day_main_effect,main_loss_loss25,main_effect,0,0,0,25,,loss,,,True,3,0,117.88,204,5,3,False,0,0,0,heuristic,631,3
research_summary__three_day_main_effect__main_loss_loss25__run3__2a782f50.json,2a782f50,research_summary,3,three_day_main_effect,main_loss_loss25,main_effect,0,0,0,25,,loss,,,True,3,0,107.99,239,5,3,False,0,0,0,heuristic,726,3
research_summary__three_day_main_effect__main_loss_loss25__run4__21bbd68b.json,21bbd68b,research_summary,4,three_day_main_effect,main_loss_loss25,main_effect,0,0,0,25,,loss,,,True,3,0,96.77,290,5,2,False,0,0,0,heuristic,947,3
research_summary__three_day_main_effect__main_loss_loss25__run5__5fe6f84f.json,5fe6f84f,research_summary,5,three_day_main_effect,main_loss_loss25,main_effect,0,0,0,25,,loss,,,True,3,0,108.91,252,5,3,False,0,0,0,heuristic,809,3
research_summary__three_day_main_effect__main_loss_loss30__run1__ae0684b8.json,ae0684b8,research_summary,1,three_day_main_effect,main_loss_loss30,main_effect,0,0,0,30,,loss,,,True,3,0,144.49,629,5,5,True,0,0,0,heuristic,2302,3
research_summary__three_day_main_effect__main_loss_loss30__run2__0f8e87c5.json,0f8e87c5,research_summary,2,three_day_main_effect,main_loss_loss30,main_effect,0,0,0,30,,loss,,,True,3,0,132.68,188,5,3,False,0,0,0,heuristic,562,3
research_summary__three_day_main_effect__main_loss_loss30__run3__b17724f6.json,b17724f6,research_summary,3,three_day_main_effect,main_loss_loss30,main_effect,0,0,0,30,,loss,,,True,3,0,208.35,217,5,3,False,0,0,0,heuristic,677,3
research_summary__three_day_main_effect__main_loss_loss30__run4__b08dada5.json,b08dada5,research_summary,4,three_day_main_effect,main_loss_loss30,main_effect,0,0,0,30,,loss,,,True,3,0,114.54,389,5,4,True,0,0,0,heuristic,1372,3
research_summary__three_day_main_effect__main_loss_loss30__run5__23b283f3.json,23b283f3,research_summary,5,three_day_main_effect,main_loss_loss30,main_effect,0,0,0,30,,loss,,,True,3,0,115.56,408,5,4,True,0,0,0,heuristic,1397,3
research_summary__three_day_main_effect__main_loss_loss40__run1__b6f1f6de.json,b6f1f6de,research_summary,1,three_day_main_effect,main_loss_loss40,main_effect,0,0,0,40,,loss,,,True,3,0,103.2,214,5,4,True,0,0,0,heuristic,638,3
research_summary__three_day_main_effect__main_loss_loss40__run2__95acea2e.json,95acea2e,research_summary,2,three_day_main_effect,main_loss_loss40,main_effect,0,0,0,40,,loss,,,True,3,0,106.92,406,5,4,True,0,0,0,heuristic,1414,3
research_summary__three_day_main_effect__main_loss_loss40__run3__f9d84461.json,f9d84461,research_summary,3,three_day_main_effect,main_loss_loss40,main_effect,0,0,0,40,,loss,,,True,3,0,107.13,227,5,3,False,0,0,0,heuristic,723,3
research_summary__three_day_main_effect__main_loss_loss40__run4__1269a7b3.json,1269a7b3,research_summary,4,three_day_main_effect,main_loss_loss40,main_effect,0,0,0,40,,loss,,,True,3,0,96.69,241,5,4,True,0,0,0,heuristic,754,3
research_summary__three_day_main_effect__main_loss_loss40__run5__afe4c0af.json,afe4c0af,research_summary,5,three_day_main_effect,main_loss_loss40,main_effect,0,0,0,40,,loss,,,True,3,0,155.19,705,5,5,True,0,0,0,heuristic,2598,3
research_summary__three_day_main_effect__main_loss_loss50__run1__56725ec9.json,56725ec9,research_summary,1,three_day_main_effect,main_loss_loss50,main_effect,0,0,0,50,,loss,,,True,3,0,93.11,293,5,4,True,0,0,0,heuristic,965,3
research_summary__three_day_main_effect__main_loss_loss50__run2__42750b34.json,42750b34,research_summary,2,three_day_main_effect,main_loss_loss50,main_effect,0,0,0,50,,loss,,,True,3,0,217.44,219,5,3,False,0,0,0,heuristic,635,3
research_summary__three_day_main_effect__main_loss_loss50__run3__673eb798.json,673eb798,research_summary,3,three_day_main_effect,main_loss_loss50,main_effect,0,0,0,50,,loss,,,True,3,0,291.11,593,5,5,True,0,0,0,heuristic,2150,3
research_summary__three_day_main_effect__main_loss_loss50__run4__3837247a.json,3837247a,research_summary,4,three_day_main_effect,main_loss_loss50,main_effect,0,0,0,50,,loss,,,True,3,0,117.87,314,5,5,True,0,0,0,heuristic,1025,3
research_summary__three_day_main_effect__main_loss_loss50__run5__c2af6ccc.json,c2af6ccc,research_summary,5,three_day_main_effect,main_loss_loss50,main_effect,0,0,0,50,,loss,,,True,3,0,242.01,195,5,2,False,0,0,0,heuristic,633,3
research_summary__three_day_main_effect__main_loss_loss5__run1__ee8fa702.json,ee8fa702,research_summary,1,three_day_main_effect,main_loss_loss5,main_effect,0,0,0,5,,loss,,,True,3,0,95.83,272,5,4,True,0,0,0,heuristic,872,3
research_summary__three_day_main_effect__main_loss_loss5__run2__9444dcd0.json,9444dcd0,research_summary,2,three_day_main_effect,main_loss_loss5,main_effect,0,0,0,5,,loss,,,True,3,0,120.77,302,5,5,True,0,0,0,heuristic,992,3
research_summary__three_day_main_effect__main_loss_loss5__run3__4e8f1736.json,4e8f1736,research_summary,3,three_day_main_effect,main_loss_loss5,main_effect,0,0,0,5,,loss,,,True,3,0,103.71,288,5,3,False,0,0,0,heuristic,916,3
research_summary__three_day_main_effect__main_loss_loss5__run4__3518dc85.json,3518dc85,research_summary,4,three_day_main_effect,main_loss_loss5,main_effect,0,0,0,5,,loss,,,True,3,0,107.02,297,5,3,False,0,0,0,heuristic,994,3
research_summary__three_day_main_effect__main_loss_loss5__run5__27af9920.json,27af9920,research_summary,5,three_day_main_effect,main_loss_loss5,main_effect,0,0,0,5,,loss,,,True,3,0,120.47,297,5,3,False,0,0,0,heuristic,985,3
research_summary__three_day_main_effect__main_loss_loss75__run1__37e75055.json,37e75055,research_summary,1,three_day_main_effect,main_loss_loss75,main_effect,0,0,0,75,,loss,,,False,1,0,870.46,99,,1,False,2,2,5,heuristic,0,3
research_summary__three_day_main_effect__main_loss_loss75__run2__0c527709.json,0c527709,research_summary,2,three_day_main_effect,main_loss_loss75,main_effect,0,0,0,75,,loss,,,False,2,0,1676.06,980,,4,True,2,2,6,heuristic,1263,7
research_summary__three_day_main_effect__main_loss_loss75__run3__9f894ca1.json,9f894ca1,research_summary,3,three_day_main_effect,main_loss_loss75,main_effect,0,0,0,75,,loss,,,False,1,0,715.31,99,,1,False,2,1,5,heuristic,0,3
research_summary__three_day_main_effect__main_loss_loss75__run4__758d7fa9.json,758d7fa9,research_summary,4,three_day_main_effect,main_loss_loss75,main_effect,0,0,0,75,,loss,,,True,3,0,99.23,266,5,5,True,0,0,0,heuristic,849,3
research_summary__three_day_main_effect__main_loss_loss75__run5__89ace8d4.json,89ace8d4,research_summary,5,three_day_main_effect,main_loss_loss75,main_effect,0,0,0,75,,loss,,,True,3,0,155.3,269,5,3,False,0,0,0,heuristic,802,3
